customer_id,age,occupation,dependents,monthly_income,monthly_expenses,monthly_debt_payment,monthly_savings,cash_savings,existing_investments,property_value,other_assets,total_assets,total_liabilities,net_worth,emergency_fund,insurance_coverage,credit_score,risk_tolerance,investment_experience,risk_score,financial_goal,goal_amount,current_goal_savings,goal_gap,time_horizon_years,preferred_investment,savings_rate,debt_to_income_ratio,risk_capacity_score,risk_willingness_score,target_risk_score,target_risk_category
C0001,23,Bank Employee,1,58700,18656,8144,31900,251665,1721270,0,398150,2371085,225931,2145154,117803,1649453,789,Conservative,Beginner,3.7,Wealth Creation,4520271,488813,4031458,15,Bonds,54.34,13.87,96.0,12.0,58.2,Moderate
C0002,49,Software Engineer,2,60764,36962,10297,13505,556987,1570160,0,289967,2417114,420244,1996870,267386,1812503,758,Conservative,Beginner,3.1,Child Education,4396927,1570160,2826767,12,FD,22.23,16.95,79.4,4.0,45.47,Moderately Conservative
C0003,55,Accountant,1,66749,30021,14643,22085,741412,1493414,0,354341,2589167,577838,2011329,138636,1890127,767,Conservative,Beginner,3.5,Retirement,3868278,1343652,2524626,6,FD,33.09,21.94,73.9,7.0,43.8,Moderately Conservative
C0004,59,Designer,4,83817,60105,9238,14474,673521,857181,4919327,26233,6476262,1960374,4515888,256240,4458867,798,Moderate,Intermediate,6.3,Wealth Creation,3835615,618156,3217459,11,Hybrid MF,17.27,11.02,67.1,60.0,63.91,Moderate
C0005,38,Designer,2,94683,50733,21285,22665,729173,580897,0,727872,2037942,105471,1932471,108122,3288235,818,Conservative,Beginner,2.9,Wealth Creation,4668847,729173,3939674,15,Bonds,23.94,22.48,80.05,12.0,49.43,Moderate
C0006,40,Bank Employee,4,71682,42187,6588,22907,174981,399762,6071327,288508,6934578,1021699,5912879,117896,997888,714,Moderate,Beginner,5.4,Child Education,4706895,399762,4307133,10,Gold,31.96,9.19,85.95,44.0,67.07,Moderate
C0007,43,Bank Employee,3,74318,32016,9291,33011,488797,1556926,0,156017,2201740,379294,1822446,43898,2545665,668,Aggressive,Intermediate,10.0,Wealth Creation,7615555,1447559,6167996,9,Equity,44.42,12.5,87.5,95.0,90.88,Aggressive
C0008,54,Government Employee,1,99252,38921,154,60177,1116150,1845599,0,205555,3167304,2410,3164894,71374,5849614,713,Moderate,Beginner,5.8,Wealth Creation,4937213,1845599,3091614,6,Gold,60.63,0.16,90.05,52.0,72.93,Moderately Aggressive
C0009,53,Government Employee,0,88356,31044,3960,53352,344055,1042030,5484827,600857,7471769,1427554,6044215,161862,5176296,850,Aggressive,Beginner,9.5,Retirement,9755481,1042030,8713451,10,Equity MF,60.38,4.48,90.0,82.0,86.4,Aggressive
C0010,30,Software Engineer,4,106029,66209,2406,37414,1257986,998171,0,679326,2935483,36389,2899094,72547,0,713,Aggressive,Beginner,9.6,Emergency Fund,892387,100112,792275,7,Equity MF,35.29,2.27,88.65,70.0,80.26,Moderately Aggressive
C0011,53,Teacher,2,46091,25486,2519,18086,513704,969583,4470887,156575,6110749,1659848,4450901,160093,2260331,686,Moderate,Beginner,5.5,Retirement,5242683,876643,4366040,12,Equity MF,39.24,5.47,87.8,47.0,69.44,Moderately Aggressive
C0012,53,Freelancer,4,65798,49791,7258,8749,745866,1389693,0,353925,2489484,98910,2390574,97153,2583389,740,Conservative,Intermediate,3.4,Buy House,5473937,810458,4663479,5,Bonds,13.3,11.03,71.2,12.0,44.56,Moderately Conservative
C0013,46,Software Engineer,3,138432,79310,5386,53736,543100,2463035,3126813,899284,7032232,401014,6631218,321784,6650174,734,Moderate,Beginner,5.7,Wealth Creation,5057517,471941,4585576,8,Gold,38.82,3.89,85.05,52.0,70.18,Moderately Aggressive
C0014,40,Sales Executive,2,51905,29669,5990,16246,568157,780625,0,134968,1483750,19843,1463907,93796,0,701,Moderate,Beginner,5.6,Retirement,3900925,780625,3120300,7,Hybrid MF,31.3,11.54,83.15,47.0,66.88,Moderate
C0015,35,Accountant,1,73783,34899,14154,24730,670357,568604,2579636,552247,4370844,1749044,2621800,173623,0,689,Conservative,Beginner,3.0,Child Education,3551957,298090,3253867,9,FD,33.52,19.18,80.7,4.0,46.19,Moderately Conservative
C0016,57,Government Employee,3,65809,42723,6636,16450,570811,323517,2900329,122358,3917015,1697725,2219290,306817,2677607,726,Aggressive,Beginner,9.5,Retirement,6267089,570811,5696278,7,Equity,25.0,10.08,69.6,82.0,75.18,Moderately Aggressive
C0017,53,Sales Executive,2,78243,53145,15403,9695,519465,1251798,536342,247926,2555531,343216,2212315,311700,2999361,776,Aggressive,Beginner,9.1,Higher Education,1878241,518405,1359836,10,Equity MF,12.39,19.69,74.0,79.0,76.25,Moderately Aggressive
C0018,37,Doctor,2,122207,57413,21826,42968,342800,1215396,3136317,722922,5417435,1284485,4132950,265609,6482393,686,Moderate,Advanced,6.7,Retirement,9874953,1215396,8659557,13,Equity MF,35.16,17.86,82.2,63.0,73.56,Moderately Aggressive
C0019,25,Business Owner,2,176465,94561,27523,54381,1044054,4145333,513652,689858,6392897,1532582,4860315,516137,0,719,Moderate,Intermediate,6.1,Wealth Creation,3167031,902528,2264503,15,Bonds,30.82,15.6,88.0,60.0,75.4,Moderately Aggressive
C0020,24,Accountant,0,40576,13752,5396,21428,136804,707768,0,202685,1047257,116132,931125,105032,1208613,726,Moderate,Beginner,6.5,Wealth Creation,5483482,707768,4775714,11,Gold,52.81,13.3,93.2,52.0,74.66,Moderately Aggressive
C0021,23,Accountant,1,52509,21701,11443,19365,384334,228073,3982167,320818,4915392,1592542,3322850,149603,1172430,712,Moderate,Intermediate,6.7,Retirement,3723401,384334,3339067,5,Hybrid MF,36.88,21.79,75.4,55.0,66.22,Moderate
C0022,41,Government Employee,1,65343,30303,4685,30355,175281,1455109,0,472650,2103040,173805,1929235,148077,2207049,646,Conservative,Beginner,3.5,Wealth Creation,4430397,1264067,3166330,5,Bonds,46.45,7.17,88.0,12.0,53.8,Moderate
C0023,60,Doctor,1,129191,56181,23629,49381,897715,2759340,0,453198,4110253,641121,3469132,350752,0,777,Aggressive,Intermediate,9.9,Buy House,9060315,2230418,6829897,9,ETF,38.22,18.29,82.95,87.0,84.77,Aggressive
C0024,23,Designer,2,99588,67254,3875,28459,449835,2730438,6450178,122519,9752970,2405508,7347462,237909,2546989,697,Moderate,Beginner,5.5,Retirement,5888649,1461804,4426845,9,Gold,28.58,3.89,80.2,47.0,65.26,Moderate
C0025,41,Freelancer,0,108636,38824,6114,63698,638775,949949,0,204130,1792854,226539,1566315,183099,5555865,830,Conservative,Intermediate,3.5,Wealth Creation,1792969,464046,1328923,9,Bonds,58.63,5.63,94.8,20.0,61.14,Moderate
C0026,28,Sales Executive,1,45028,19030,9841,16157,150331,1132988,0,133882,1417201,233328,1183873,151643,0,775,Moderate,Intermediate,6.8,Buy House,4957302,1132988,3824314,7,Hybrid MF,35.88,21.86,80.95,52.0,67.92,Moderate
C0027,56,Freelancer,1,66318,30929,0,35389,364100,1863270,6041615,513054,8782039,2430802,6351237,67941,2750420,802,Conservative,Beginner,2.4,Wealth Creation,5528135,1283080,4245055,5,Bonds,53.36,0.0,86.75,12.0,53.11,Moderate
C0028,49,Government Employee,2,38660,17066,1919,19675,365580,755569,5560049,168686,6849884,1367019,5482865,100171,1698527,659,Moderate,Beginner,5.5,Retirement,9720845,755569,8965276,5,Bonds,50.89,4.96,87.8,47.0,69.44,Moderately Aggressive
C0029,59,Freelancer,4,93934,44007,13888,36039,348782,2152239,2774654,228475,5504150,892616,4611534,158387,1971889,805,Moderate,Intermediate,7.0,Child Education,2845532,996114,1849418,13,Equity MF,38.37,14.78,81.9,52.0,68.45,Moderately Aggressive
C0030,54,Designer,2,85547,39257,11912,34378,257465,391762,0,237436,886663,537406,349257,243618,3607132,634,Conservative,Advanced,3.9,Retirement,3102459,391762,2710697,11,PPF,40.19,13.92,79.85,23.0,54.27,Moderate
C0031,42,Accountant,1,62122,25155,6044,30923,649345,388526,1514775,387175,2939821,688481,2251340,69233,2583906,728,Aggressive,Beginner,9.4,Wealth Creation,7019355,649345,6370010,14,Stocks,49.78,9.73,94.45,87.0,91.1,Aggressive
C0032,51,Sales Executive,2,69225,36936,2211,30078,416288,341148,7123121,373407,8253964,74465,8179499,67921,3564014,668,Moderate,Advanced,7.6,Retirement,4265617,325922,3939695,8,Gold,43.45,3.19,93.3,63.0,79.67,Moderately Aggressive
C0033,48,Business Owner,2,141759,77445,18364,45950,1222058,3377679,7409943,931355,12941035,4290333,8650702,95118,0,727,Conservative,Beginner,3.7,Travel,1488128,426566,1061562,5,PPF,32.41,12.95,75.95,7.0,44.92,Moderately Conservative
C0034,55,Freelancer,2,50822,30774,6803,13245,135306,833808,5437244,381060,6787418,552258,6235160,153011,0,689,Moderate,Intermediate,7.0,Wealth Creation,2984426,202924,2781502,5,Equity MF,26.06,13.39,71.9,60.0,66.55,Moderate
C0035,54,Teacher,3,79246,56131,10279,12836,192437,277669,0,6506,476612,418649,57963,220038,1219735,646,Conservative,Beginner,2.9,Wealth Creation,5771006,277669,5493337,10,PPF,16.2,12.97,57.85,12.0,37.22,Moderately Conservative
C0036,33,Business Owner,2,154558,82875,13907,57776,1433196,3819366,0,133865,5386427,596146,4790281,95389,7531327,649,Moderate,Beginner,5.7,Buy House,3229125,986997,2242128,10,Equity MF,37.38,9.0,91.0,44.0,69.85,Moderately Aggressive
C0037,24,Freelancer,4,60093,31560,7233,21300,221726,947843,0,58913,1228482,208934,1019548,230318,3120859,800,Aggressive,Advanced,9.5,Child Education,1501756,566868,934888,5,Equity,35.45,12.04,82.4,95.0,88.07,Aggressive
C0038,26,Business Owner,1,171820,76510,17944,77366,481174,3479809,3146527,310017,7417527,1681826,5735701,349955,0,739,Aggressive,Beginner,9.2,Wealth Creation,1758258,256074,1502184,7,Stocks,45.03,10.44,83.25,87.0,84.94,Aggressive
C0039,21,Bank Employee,0,84099,37795,10540,35764,874884,753016,0,129883,1757783,197265,1560518,80490,4320583,727,Moderate,Intermediate,7.0,Wealth Creation,4986650,874884,4111766,5,Hybrid MF,42.53,12.53,90.4,60.0,76.72,Moderately Aggressive
C0040,32,Business Owner,1,117988,58761,29092,30135,1354240,1729071,5730314,726620,9540245,3323342,6216903,309690,0,671,Moderate,Beginner,6.0,Higher Education,3417342,1032521,2384821,7,Bonds,25.54,24.66,69.35,44.0,57.94,Moderate
C0041,55,Accountant,2,50941,24702,9812,16427,152150,637523,6470955,187078,7447706,1801309,5646397,186981,2973457,774,Moderate,Beginner,6.1,Child Education,2256946,492094,1764852,5,Equity MF,32.25,19.26,77.9,44.0,62.65,Moderate
C0042,31,Designer,0,91369,50724,12633,28012,1000128,980856,3795668,711553,6488205,2001989,4486216,305059,2223865,759,Moderate,Intermediate,6.6,Travel,1285016,185400,1099616,9,Equity MF,30.66,13.83,81.3,55.0,69.47,Moderately Aggressive
C0043,43,Sales Executive,2,58950,29512,8249,21189,395740,1764164,0,396347,2556251,116555,2439696,198422,0,673,Moderate,Beginner,6.2,Emergency Fund,863764,279496,584268,4,Equity MF,35.94,13.99,79.9,35.0,59.7,Moderate
C0044,34,Designer,0,86265,29320,763,56182,934906,1164424,0,116683,2216013,16914,2199099,143187,4564690,611,Conservative,Advanced,3.6,Retirement,6119603,1164424,4955179,5,PPF,65.13,0.88,93.05,23.0,61.53,Moderate
C0045,39,Accountant,0,52963,22568,8055,22340,547327,647859,0,376396,1571582,283651,1287931,155492,753473,700,Moderate,Beginner,6.3,Child Education,3096888,238209,2858679,13,Hybrid MF,42.18,15.21,90.9,44.0,69.8,Moderately Aggressive
C0046,57,Sales Executive,1,70280,33725,12774,23781,353999,1376467,0,499071,2229537,221429,2008108,43311,3913642,797,Conservative,Beginner,3.6,Wealth Creation,1736787,251107,1485680,12,PPF,33.84,18.18,82.2,12.0,50.61,Moderate
C0047,36,Teacher,3,51461,33306,4996,13159,596459,572945,4802884,65559,6037847,2337436,3700411,256819,1738535,800,Moderate,Beginner,6.6,Retirement,6828002,596459,6231543,5,Hybrid MF,25.57,9.71,76.75,47.0,63.36,Moderate
C0048,48,Teacher,3,66659,36515,7380,22764,399985,287901,1202782,369804,2260472,505696,1754776,99275,3896248,761,Moderate,Beginner,6.6,Child Education,5637093,399985,5237108,15,Equity MF,34.15,11.07,84.55,44.0,66.3,Moderate
C0049,51,Designer,2,93916,56182,8654,29080,1072519,801037,3365028,718664,5957248,1514219,4443029,155155,3001422,753,Moderate,Beginner,6.1,Retirement,7903515,1072519,6830996,5,Equity MF,30.96,9.21,82.5,47.0,66.53,Moderate
C0050,27,Designer,1,76962,39371,6969,30622,347105,1345155,6425583,383066,8500909,1698375,6802534,189119,1552096,781,Moderate,Beginner,5.9,Higher Education,4458424,548765,3909659,12,Hybrid MF,39.79,9.06,91.7,44.0,70.23,Moderately Aggressive
C0051,47,Government Employee,2,72562,48532,455,23575,495259,1124894,0,299586,1919739,4603,1915136,270240,1793086,784,Conservative,Intermediate,3.4,Buy House,8116005,1124894,6991111,8,Bonds,32.49,0.63,88.9,12.0,54.3,Moderate
C0052,37,Freelancer,4,99137,51316,8752,39069,916226,1692330,4688838,195738,7493132,2164709,5328423,86950,0,736,Conservative,Beginner,2.4,Emergency Fund,449707,117817,331890,4,FD,39.41,8.83,78.8,0.0,43.34,Moderately Conservative
C0053,27,Software Engineer,0,140386,72582,6243,61561,1119374,3036262,7172156,783111,12110903,1129103,10981800,288336,0,802,Moderate,Beginner,5.8,Higher Education,3145259,722462,2422797,9,Bonds,43.85,4.45,96.9,44.0,73.1,Moderately Aggressive
C0054,35,Freelancer,1,87841,44629,11138,32074,761960,353923,7663210,654918,9434011,3655576,5778435,238559,1375138,736,Moderate,Intermediate,6.7,Buy House,6090447,761960,5328487,8,Hybrid MF,36.51,12.68,80.7,52.0,67.79,Moderate
C0055,60,Business Owner,0,122106,40997,4471,76638,357993,2857570,7493372,700379,11409314,1338663,10070651,221727,3489450,694,Moderate,Beginner,6.0,Retirement,6248656,2387134,3861522,7,Equity MF,62.76,3.66,89.15,47.0,70.18,Moderately Aggressive
C0056,32,Bank Employee,0,41857,15386,743,25728,109305,333822,7940135,287873,8671135,2017089,6654046,104057,0,806,Moderate,Intermediate,6.4,Wealth Creation,7637438,333822,7303616,8,Equity MF,61.47,1.78,93.15,60.0,78.23,Moderately Aggressive
C0057,28,Accountant,0,42191,19719,6341,16131,349380,984696,0,242652,1576728,247457,1329271,132767,1633878,660,Aggressive,Advanced,9.4,Child Education,1381199,455399,925800,8,Equity,38.23,15.03,87.75,95.0,91.01,Aggressive
C0058,22,Business Owner,1,103445,47562,14542,41341,734239,375162,3733641,778728,5621770,1639584,3982186,231570,0,597,Conservative,Intermediate,3.7,Higher Education,4874516,734239,4140277,15,Bonds,39.96,14.06,85.0,12.0,52.15,Moderate
C0059,58,Business Owner,2,92756,47711,4975,40070,515600,2002228,5353269,245735,8116832,367286,7749546,245372,4815139,761,Moderate,Beginner,6.5,Wealth Creation,2540962,1028698,1512264,7,Equity MF,43.2,5.36,89.45,52.0,72.6,Moderately Aggressive
C0060,46,Bank Employee,1,76176,29198,15973,31005,893555,1423489,0,525827,2842871,404392,2438479,40946,4118686,713,Conservative,Advanced,3.4,Retirement,4037843,1079671,2958172,5,FD,40.7,20.97,83.25,23.0,56.14,Moderate
C0061,41,Sales Executive,2,74654,38097,6768,29789,366615,2078569,7553826,167942,10166952,2030571,8136381,173258,3877266,732,Moderate,Intermediate,6.0,Emergency Fund,651681,91020,560661,5,Equity MF,39.9,9.07,84.0,43.0,65.55,Moderate
C0062,33,Software Engineer,2,95519,51334,12349,31836,1022717,1798507,0,264072,3085296,264017,2821279,268436,1818043,710,Conservative,Beginner,3.6,Higher Education,2252297,155002,2097295,7,FD,33.33,12.93,84.2,4.0,48.11,Moderate
C0063,39,Teacher,2,61197,30960,864,29373,371899,615112,0,378632,1365643,39804,1325839,36550,1641773,744,Moderate,Beginner,6.0,Travel,1388129,182680,1205449,7,Gold,48.0,1.41,92.3,47.0,71.92,Moderately Aggressive
C0064,38,Sales Executive,0,74120,34989,6654,32477,447542,831501,4268710,455506,6003259,186787,5816472,168227,2088213,699,Moderate,Intermediate,6.7,Emergency Fund,408485,49925,358560,4,Equity MF,43.82,8.98,89.65,43.0,68.66,Moderately Aggressive
C0065,22,Doctor,1,164764,70490,23095,71179,951789,2633098,1278396,884803,5748086,1445227,4302859,215783,5051878,717,Conservative,Intermediate,4.1,Wealth Creation,4213275,597577,3615698,8,Debt MF,43.2,14.02,90.2,20.0,58.61,Moderate
C0066,48,Business Owner,0,129926,33796,28596,67534,864400,2621723,6277402,817658,10581183,1841537,8739646,114492,6005959,719,Moderate,Advanced,7.2,Buy House,2872535,1048564,1823971,15,Gold,51.98,22.01,85.55,60.0,74.05,Moderately Aggressive
C0067,43,Accountant,1,51561,18199,3829,29533,408241,1392326,6600453,379542,8780562,2028103,6752459,58536,1410290,696,Moderate,Advanced,7.3,Child Education,4999119,1392326,3606793,10,Hybrid MF,57.28,7.43,91.5,60.0,77.33,Moderately Aggressive
C0068,24,Accountant,2,57420,29355,2041,26024,134789,1240408,0,310558,1685755,4981,1680774,161499,1412449,728,Aggressive,Beginner,8.4,Buy House,4085985,1043999,3041986,6,Equity MF,45.32,3.55,90.4,79.0,85.27,Aggressive
C0069,24,Software Engineer,2,137238,83075,38815,15348,1304118,4049252,0,380851,5734221,344919,5389302,383541,0,742,Conservative,Intermediate,3.6,Retirement,6480193,1167794,5312399,15,Debt MF,11.18,28.28,77.0,15.0,49.1,Moderate
C0070,32,Doctor,1,79938,39253,17086,23599,795321,262219,7941049,75023,9073612,993591,8080021,215613,4164887,648,Aggressive,Intermediate,9.1,Buy House,7591112,424753,7166359,12,ETF,29.52,21.37,80.95,87.0,83.67,Moderately Aggressive
C0071,42,Accountant,1,42377,16626,8269,17482,87964,661214,0,245808,994986,168419,826567,106293,2473483,711,Conservative,Advanced,3.6,Child Education,1155726,181648,974078,11,PPF,41.25,19.51,83.65,20.0,55.01,Moderate
C0072,46,Bank Employee,1,94806,49057,15823,29926,494606,1212652,5321960,293042,7322260,711231,6611029,272947,4606253,825,Moderate,Advanced,6.6,Child Education,3757261,1164926,2592335,5,Bonds,31.57,16.69,82.25,60.0,72.24,Moderately Aggressive
C0073,60,Freelancer,2,75836,40134,9310,26392,877418,590147,0,118265,1585830,66829,1519001,280568,0,764,Aggressive,Beginner,9.5,Emergency Fund,713442,161262,552180,4,Stocks,34.8,12.28,77.35,70.0,74.04,Moderately Aggressive
C0074,55,Sales Executive,0,73042,26907,13298,32837,277773,681073,1809808,420585,3189239,1138419,2050820,92156,0,657,Moderate,Intermediate,6.4,Wealth Creation,3042936,681073,2361863,7,Equity MF,44.96,18.21,79.9,60.0,70.95,Moderately Aggressive
C0075,24,Freelancer,3,108529,63359,19281,25889,813375,991343,0,372413,2177131,589390,1587741,305249,5844584,734,Moderate,Intermediate,5.9,Child Education,2319685,237784,2081901,7,Bonds,23.85,17.77,77.4,52.0,65.97,Moderate
C0076,32,Sales Executive,1,78408,24682,3937,49789,198201,1975860,1959528,65477,4199066,227198,3971868,115786,2593739,760,Conservative,Intermediate,3.0,Retirement,7374513,1507139,5867374,8,PPF,63.5,5.02,96.15,15.0,59.63,Moderate
C0077,24,Government Employee,0,81671,35831,9681,36159,577698,1531598,963502,519729,3592527,866994,2725533,277686,2259623,831,Moderate,Advanced,6.9,Child Education,4279331,1531598,2747733,15,Equity MF,44.27,11.85,93.0,60.0,78.15,Moderately Aggressive
C0078,51,Accountant,1,67139,34573,219,32347,664149,928680,6840783,105562,8539174,2078879,6460295,245986,2926706,698,Conservative,Intermediate,3.7,Retirement,3730604,414259,3316345,7,PPF,48.18,0.33,87.5,15.0,54.88,Moderate
C0079,27,Teacher,1,43283,22938,11880,8465,495196,736041,7879251,7948,9118436,4086013,5032423,103678,1733815,676,Moderate,Intermediate,5.8,Child Education,4147614,736041,3411573,12,Hybrid MF,19.56,27.45,70.7,52.0,62.29,Moderate
C0080,30,Bank Employee,3,79173,31133,14674,33366,195343,2050728,0,200945,2447016,413159,2033857,181490,0,700,Moderate,Beginner,5.5,Wealth Creation,7030009,1470383,5559626,12,Equity MF,42.14,18.53,92.25,52.0,74.14,Moderately Aggressive
C0081,44,Designer,3,79630,38339,7400,33891,513183,1363948,0,100504,1977635,51046,1926589,188002,1836632,736,Aggressive,Beginner,8.5,Wealth Creation,5254422,1363948,3890474,14,Equity MF,42.56,9.29,97.15,87.0,92.58,Aggressive
C0082,35,Bank Employee,2,59969,35776,14211,9982,560656,339554,0,221132,1121342,437218,684124,257340,3451384,798,Aggressive,Intermediate,9.4,Retirement,8809407,560656,8248751,12,Equity,16.65,23.7,69.5,90.0,78.72,Moderately Aggressive
C0083,59,Government Employee,3,45992,24787,4551,16654,545138,939597,0,271840,1756575,134338,1622237,146167,1249575,699,Moderate,Intermediate,6.2,Buy House,9223920,939597,8284323,12,Bonds,36.21,9.9,89.9,52.0,72.85,Moderately Aggressive
C0084,40,Doctor,2,185572,85983,41036,58553,851271,3829694,0,599909,5280874,1045927,4234947,305265,5365839,689,Moderate,Intermediate,6.8,Higher Education,3624606,927669,2696937,13,Hybrid MF,31.55,22.11,81.75,52.0,68.36,Moderately Aggressive
C0085,27,Sales Executive,0,59707,19421,1171,39115,508402,1183894,3599132,362664,5654092,1393886,4260206,72746,0,669,Moderate,Intermediate,7.2,Retirement,8280625,1183894,7096731,9,Equity MF,65.51,1.96,93.9,55.0,76.4,Moderately Aggressive
C0086,33,Teacher,3,40022,25672,1952,12398,187701,1116237,0,213819,1517757,77975,1439782,162628,1404980,607,Moderate,Intermediate,6.9,Retirement,3059823,900281,2159542,11,Equity MF,30.98,4.88,91.0,55.0,74.8,Moderately Aggressive
C0087,48,Designer,3,72620,21886,9919,40815,278673,634007,576407,81807,1570894,422144,1148750,63619,0,762,Conservative,Beginner,3.6,Wealth Creation,2444661,579115,1865546,9,Bonds,56.2,13.66,86.75,12.0,53.11,Moderate
C0088,59,Doctor,2,136222,70342,11981,53899,1229636,4077459,1590928,457576,7355599,389667,6965932,360095,2704534,747,Moderate,Beginner,6.2,Higher Education,3624794,346887,3277907,5,Bonds,39.57,8.8,84.3,44.0,66.17,Moderate
C0089,38,Designer,0,75946,32370,5223,38353,165086,368119,0,323454,856659,181393,675266,219500,2722972,792,Aggressive,Beginner,8.9,Higher Education,4067901,368119,3699782,8,Stocks,50.5,6.88,88.25,79.0,84.09,Aggressive
C0090,31,Accountant,4,80589,54009,5711,20869,890811,1937707,3614330,213045,6655893,669656,5986237,426049,3175003,701,Aggressive,Beginner,9.2,Emergency Fund,671889,96846,575043,8,Stocks,25.9,7.09,86.3,70.0,78.97,Moderately Aggressive
C0091,56,Designer,3,94127,46176,17565,30386,324453,1844807,2371711,328046,4869017,1386010,3483007,286026,0,650,Moderate,Advanced,7.6,Wealth Creation,7372535,1825623,5546912,11,Gold,32.28,18.66,80.55,68.0,74.9,Moderately Aggressive
C0092,56,Software Engineer,2,86870,38485,13942,34443,770867,2117245,0,549650,3437762,105324,3332438,68514,1483546,739,Conservative,Intermediate,3.6,Wealth Creation,7840882,2117245,5723637,5,Debt MF,39.65,16.05,80.75,20.0,53.41,Moderate
C0093,22,Business Owner,3,103263,62354,11755,29154,584965,1299537,6649107,790377,9323986,960544,8363442,294822,1467359,719,Conservative,Intermediate,4.1,Retirement,4310221,444705,3865516,14,Debt MF,28.23,11.38,86.0,15.0,54.05,Moderate
C0094,37,Doctor,2,103755,45426,3237,55092,416076,3104896,7515757,543409,11580138,767714,10812424,45571,2087982,644,Aggressive,Beginner,8.3,Wealth Creation,6998855,1616456,5382399,7,ETF,53.1,3.12,88.6,87.0,87.88,Aggressive
C0095,26,Doctor,3,158035,101009,35755,21271,451411,1011753,5651611,607518,7722293,1360922,6361371,740783,3529145,704,Aggressive,Beginner,9.6,Wealth Creation,6235866,1011753,5224113,14,ETF,13.46,22.62,69.85,87.0,77.57,Moderately Aggressive
C0096,43,Freelancer,3,67101,45702,11062,10337,194608,1357149,0,72100,1623857,279400,1344457,226686,1481615,687,Conservative,Intermediate,3.1,Buy House,6000671,753222,5247449,13,PPF,15.41,16.49,71.3,12.0,44.62,Moderately Conservative
C0097,36,Sales Executive,3,57499,24227,5142,28130,633788,1668276,4041572,72098,6415734,1257199,5158535,145271,2117561,776,Moderate,Intermediate,6.3,Wealth Creation,4236179,1635601,2600578,5,Gold,48.92,8.94,89.75,60.0,76.36,Moderately Aggressive
C0098,46,Accountant,0,80124,32882,7634,39608,283066,1601897,0,34685,1919648,292578,1627070,174813,2928582,583,Aggressive,Advanced,9.7,Wealth Creation,1792817,113160,1679657,14,Equity MF,49.43,9.53,96.85,100.0,98.27,Aggressive
C0099,21,Accountant,0,47981,19171,7886,20924,544405,853706,0,88494,1486605,268900,1217705,59759,1387078,764,Moderate,Beginner,5.9,Wealth Creation,4475115,728951,3746164,6,Equity MF,43.61,16.44,87.4,52.0,71.47,Moderately Aggressive
C0100,56,Software Engineer,4,70993,34903,8206,27884,794169,1027625,6305287,133277,8260358,2421172,5839186,51045,3290472,843,Moderate,Beginner,6.3,Wealth Creation,4958422,973984,3984438,12,Equity MF,39.28,11.56,80.35,52.0,67.59,Moderate
C0101,50,Software Engineer,3,98633,66265,0,32368,886540,2089633,0,159470,3135643,0,3135643,226071,0,817,Aggressive,Beginner,8.8,Emergency Fund,621719,228577,393142,10,Stocks,32.82,0.0,88.45,70.0,80.15,Moderately Aggressive
C0102,22,Freelancer,3,60460,38128,4622,17710,554579,1510569,0,458632,2523780,16677,2507103,288306,1597834,727,Moderate,Intermediate,7.1,Wealth Creation,6578516,1510569,5067947,15,Gold,29.29,7.64,90.0,60.0,76.5,Moderately Aggressive
C0103,40,Business Owner,0,107201,48776,12756,45669,924712,1541615,0,402395,2868722,297501,2571221,164912,4406014,711,Aggressive,Intermediate,9.9,Retirement,7979708,1225248,6754460,9,Equity MF,42.6,11.9,90.95,90.0,90.52,Aggressive
C0104,25,Sales Executive,1,46811,20438,4531,21842,317061,1391716,0,241902,1950679,125334,1825345,85062,1000479,725,Conservative,Advanced,4.4,Retirement,8311211,1051981,7259230,10,Debt MF,46.66,9.68,97.2,23.0,63.81,Moderate
C0105,51,Teacher,4,61197,39067,12740,9390,450794,937830,7322570,116008,8827202,3534338,5292864,256435,3245612,685,Aggressive,Intermediate,9.0,Wealth Creation,2497284,716600,1780684,15,Equity,15.34,20.82,67.1,95.0,79.66,Moderately Aggressive
C0106,28,Bank Employee,0,74463,35802,2563,36098,354678,793934,0,342285,1490897,67665,1423232,47959,930753,690,Aggressive,Intermediate,10.0,Child Education,3791818,781626,3010192,14,Stocks,48.48,3.44,95.55,87.0,91.7,Aggressive
C0107,50,Doctor,2,163480,83404,23609,56467,1353618,3128651,7872804,1056702,13411775,1279224,12132551,213548,0,745,Aggressive,Beginner,9.7,Retirement,3142354,231373,2910981,12,Equity,34.54,14.44,87.25,82.0,84.89,Aggressive
C0108,59,Accountant,0,57009,30929,14791,11289,421399,277030,7103791,87325,7889545,3876879,4012666,224151,2002985,698,Conservative,Beginner,2.9,Wealth Creation,3696701,421399,3275302,10,FD,19.8,25.95,63.1,12.0,40.11,Moderately Conservative
C0109,22,Software Engineer,1,116144,54646,18191,43307,477442,971348,6273279,646208,8368277,3451602,4916675,125288,0,840,Aggressive,Beginner,8.5,Retirement,5264387,657888,4606499,6,Equity MF,37.29,15.66,75.4,82.0,78.37,Moderately Aggressive
C0110,33,Teacher,4,46175,23390,6748,16037,282338,539993,0,191389,1013720,49470,964250,105259,2688978,790,Conservative,Intermediate,2.9,Buy House,9802619,539993,9262626,9,PPF,34.73,14.61,87.0,12.0,53.25,Moderate
C0111,24,Software Engineer,2,120649,55132,7862,57655,786364,2942883,2239248,444329,6412824,455395,5957429,303918,0,720,Aggressive,Intermediate,9.6,Child Education,5054439,1827056,3227383,11,Equity MF,47.79,6.52,97.2,87.0,92.61,Aggressive
C0112,28,Sales Executive,3,65914,38791,14873,12250,451525,527935,5647144,278773,6905377,2322084,4583293,52622,3806479,760,Moderate,Intermediate,6.6,Wealth Creation,4999057,306468,4692589,7,Hybrid MF,18.58,22.56,64.95,60.0,62.72,Moderate
C0113,59,Sales Executive,0,69163,27049,2202,39912,478449,1355325,0,370893,2204667,25522,2179145,140553,2968423,696,Conservative,Beginner,3.3,Retirement,9215441,1355325,7860116,8,Bonds,57.71,3.18,92.1,7.0,53.8,Moderate
C0114,45,Accountant,1,49522,25576,4173,19773,516691,1462736,5101098,252461,7332986,770691,6562295,105226,0,681,Moderate,Intermediate,6.9,Emergency Fund,221849,94097,127752,7,Hybrid MF,39.93,8.43,86.4,43.0,66.87,Moderate
C0115,27,Bank Employee,0,97540,24385,19121,54034,520701,2269379,3962648,618360,7371088,1140169,6230919,152922,3034145,689,Moderate,Intermediate,6.9,Higher Education,2896382,671605,2224777,14,Gold,55.4,19.6,95.7,52.0,76.04,Moderately Aggressive
C0116,34,Teacher,3,50789,22930,5971,21888,143608,804367,3472156,9411,4429542,942472,3487070,35242,0,749,Conservative,Intermediate,3.2,Wealth Creation,2385113,590928,1794185,7,PPF,43.1,11.76,82.05,20.0,54.13,Moderate
C0117,49,Accountant,3,75014,39496,285,35233,196228,1869976,2595473,522650,5184327,488866,4695461,152268,0,723,Aggressive,Intermediate,8.9,Child Education,4286450,1332423,2954027,6,ETF,46.97,0.38,86.8,87.0,86.89,Aggressive
C0118,41,Designer,0,32119,10000,1683,20436,180248,201103,2641216,108711,3131278,560737,2570541,79077,1149368,753,Aggressive,Intermediate,9.7,Emergency Fund,350547,59009,291538,3,Stocks,63.63,5.24,86.2,78.0,82.51,Moderately Aggressive
C0119,57,Sales Executive,2,58934,29964,0,28970,605429,1113860,0,441232,2160521,0,2160521,104558,2692585,698,Moderate,Beginner,5.9,Wealth Creation,4382542,243372,4139170,6,Hybrid MF,49.16,0.0,89.6,52.0,72.68,Moderately Aggressive
C0120,53,Software Engineer,0,126632,69558,26814,30260,1191876,1680140,0,706143,3578159,391939,3186220,330247,0,786,Conservative,Advanced,3.4,Travel,695209,256721,438488,9,FD,23.9,21.17,75.0,23.0,51.6,Moderate
C0121,45,Designer,2,57222,27633,4577,25012,491410,1575091,0,363215,2429716,157597,2272119,181333,2919127,706,Conservative,Beginner,3.3,Wealth Creation,7962334,496360,7465974,8,FD,43.71,8.0,94.2,12.0,57.21,Moderate
C0122,34,Government Employee,3,61356,37877,7815,15664,592244,698559,3250257,484195,5025255,230781,4794474,160358,2509752,742,Moderate,Intermediate,5.9,Retirement,8022949,698559,7324390,10,Equity MF,25.53,12.74,81.85,55.0,69.77,Moderately Aggressive
C0123,29,Teacher,4,57683,34916,10597,12170,216496,1245322,0,75990,1537808,37364,1500444,108796,0,850,Conservative,Advanced,4.2,Retirement,6555435,1245322,5310113,9,PPF,21.1,18.37,78.6,23.0,53.58,Moderate
C0124,35,Government Employee,2,94100,56515,12413,25172,516870,874251,5806423,285094,7482638,1816030,5666608,151182,2754504,732,Moderate,Beginner,5.6,Child Education,5055300,874251,4181049,11,Equity MF,26.75,13.19,74.7,44.0,60.89,Moderate
C0125,27,Doctor,3,153921,79851,0,74070,1274469,3592512,1648477,965734,7481192,696330,6784862,182435,5587977,743,Moderate,Advanced,6.7,Emergency Fund,824180,342636,481544,5,Equity MF,48.12,0.0,94.1,51.0,74.7,Moderately Aggressive
C0126,22,Doctor,3,170718,103691,5991,61036,672835,5024180,7701986,893131,14292132,227390,14064742,538627,5568508,709,Moderate,Intermediate,6.1,Retirement,8848528,2750485,6098043,15,Bonds,35.75,3.51,91.0,55.0,74.8,Moderately Aggressive
C0127,51,Teacher,0,32188,10000,4268,17920,149505,499438,6266565,135438,7050946,570229,6480717,16741,446988,720,Aggressive,Intermediate,9.0,Wealth Creation,2547149,499438,2047711,15,Equity MF,55.67,13.26,92.1,95.0,93.41,Aggressive
C0128,27,Software Engineer,0,62791,22819,8148,31824,375145,1692992,5801041,379799,8248977,1428085,6820892,164484,0,693,Moderate,Advanced,7.1,Wealth Creation,7603061,814047,6789014,13,Gold,50.68,12.98,92.7,68.0,81.59,Moderately Aggressive
C0129,31,Freelancer,1,73092,39572,11646,21874,317154,908712,0,474895,1700761,28999,1671762,207850,0,753,Conservative,Beginner,3.5,Buy House,5266249,560940,4705309,14,PPF,29.93,15.93,85.1,4.0,48.6,Moderate
C0130,33,Teacher,0,66157,34887,17029,14241,437912,884500,1921015,270221,3513648,381671,3131977,83503,1692886,732,Conservative,Intermediate,4.1,Buy House,3703590,588795,3114795,12,FD,21.53,25.74,80.8,12.0,49.84,Moderate
C0131,33,Teacher,1,55763,20740,4565,30458,424975,340318,5647841,334859,6747993,2412255,4335738,155103,0,602,Moderate,Beginner,5.5,Retirement,8160767,424975,7735792,5,Hybrid MF,54.62,8.19,87.2,47.0,69.11,Moderately Aggressive
C0132,46,Designer,1,90482,33250,13695,43537,836740,2567651,2948400,423514,6776305,228661,6547644,161159,3903641,824,Aggressive,Beginner,9.4,Buy House,4074793,1549854,2524939,10,Stocks,48.12,15.14,90.05,79.0,85.08,Aggressive
C0133,28,Designer,2,61968,35351,7947,18670,164555,1052059,4840009,111188,6167811,1931596,4236215,217007,2474814,697,Conservative,Beginner,2.9,Child Education,5069348,423194,4646154,13,Debt MF,30.13,12.82,80.55,4.0,46.1,Moderately Conservative
C0134,34,Business Owner,3,100559,61787,16133,22639,888656,1477623,7115406,312379,9794064,253576,9540488,152490,2671774,795,Moderate,Advanced,7.2,Retirement,6599650,741998,5857652,9,Gold,22.51,16.04,81.85,63.0,73.37,Moderately Aggressive
C0135,22,Freelancer,2,88616,43562,14836,30218,894591,428421,7881986,520564,9725562,541648,9183914,92620,0,712,Conservative,Advanced,4.3,Higher Education,2159029,713988,1445041,13,Bonds,34.1,16.74,91.0,20.0,59.05,Moderate
C0136,35,Designer,0,93141,43548,18743,30850,574811,466621,0,700109,1741541,80789,1660752,317826,3444935,728,Aggressive,Intermediate,9.6,Wealth Creation,6806041,574811,6231230,8,ETF,33.12,20.12,82.7,95.0,88.24,Aggressive
C0137,44,Sales Executive,2,71947,30410,7243,34294,293926,775365,3726276,460677,5256244,1836356,3419888,138579,1251676,763,Conservative,Intermediate,3.9,Buy House,4913350,775365,4137985,14,PPF,47.67,10.07,87.15,12.0,53.33,Moderate
C0138,54,Sales Executive,2,59736,29539,6727,23470,661030,1557803,0,223595,2442428,26859,2415569,49872,931082,690,Moderate,Intermediate,6.5,Wealth Creation,1887169,552576,1334593,6,Hybrid MF,39.29,11.26,81.05,60.0,71.58,Moderately Aggressive
C0139,24,Designer,1,75122,26959,13122,35041,786614,2135924,699989,28398,3650925,391939,3258986,150134,0,666,Moderate,Beginner,6.1,Emergency Fund,208936,35093,173843,9,Bonds,46.65,17.47,93.2,35.0,67.01,Moderate
C0140,38,Teacher,2,40005,19247,4597,16161,190904,890084,0,21577,1102565,193685,908880,127550,601074,701,Aggressive,Beginner,9.1,Buy House,5861081,801148,5059933,13,Equity MF,40.4,11.49,91.05,79.0,85.63,Aggressive
C0141,45,Freelancer,1,88172,42283,13574,32315,845735,2327997,759517,164219,4097468,162754,3934714,303588,0,685,Moderate,Intermediate,6.7,Wealth Creation,4379017,1198332,3180685,10,Equity MF,36.65,15.39,85.2,60.0,73.86,Moderately Aggressive
C0142,44,Business Owner,1,129502,70876,11039,47587,1123395,3190456,0,458272,4772123,64820,4707303,137982,0,746,Aggressive,Intermediate,9.1,Retirement,6167679,2392257,3775422,8,Equity,36.75,8.52,89.35,90.0,89.64,Aggressive
C0143,26,Sales Executive,3,60987,35264,0,25723,586272,1790057,0,115806,2492135,0,2492135,254640,0,781,Moderate,Beginner,6.4,Child Education,3589616,981511,2608105,6,Equity MF,42.18,0.0,94.25,44.0,71.64,Moderately Aggressive
C0144,54,Doctor,2,184839,88699,35018,61122,862393,2543051,6595550,1219810,11220804,3543115,7677689,428625,9066048,769,Aggressive,Advanced,9.6,Child Education,1974855,622913,1351942,5,Equity MF,33.07,18.95,75.05,95.0,84.03,Aggressive
C0145,58,Business Owner,2,173566,93470,41194,38902,1924740,4411162,5465197,294413,12095512,2399442,9696070,165471,0,636,Conservative,Intermediate,3.4,Retirement,6005354,2166677,3838677,6,PPF,22.41,23.73,68.45,15.0,44.4,Moderately Conservative
C0146,23,Bank Employee,2,87881,41623,14098,32160,436197,2438168,0,627731,3502096,297374,3204722,182792,2133222,722,Moderate,Advanced,7.5,Wealth Creation,4090823,1466156,2624667,9,Bonds,36.59,16.04,88.2,68.0,79.11,Moderately Aggressive
C0147,39,Software Engineer,2,62045,30024,2241,29780,234679,1538123,1209630,108639,3091071,482827,2608244,97488,1743440,731,Moderate,Intermediate,6.1,Buy House,4767305,788967,3978338,14,Gold,48.0,3.61,93.9,52.0,75.05,Moderately Aggressive
C0148,56,Business Owner,2,92853,32588,10875,49390,807852,2438697,7637671,289050,11173270,2500597,8672673,165037,0,648,Aggressive,Intermediate,10.0,Buy House,7588011,546225,7041786,11,Stocks,53.19,11.71,85.55,87.0,86.2,Aggressive
C0149,39,Business Owner,3,91463,42137,12350,36976,582067,277788,6630252,115513,7605620,1019232,6586388,217842,0,670,Conservative,Intermediate,4.2,Child Education,3602083,582067,3020016,8,Debt MF,40.43,13.5,91.1,12.0,55.51,Moderate
C0150,48,Freelancer,1,101658,43764,23240,34654,388389,2257535,556234,760420,3962578,874578,3088000,158429,1436202,717,Conservative,Intermediate,3.0,Retirement,4097136,861214,3235922,13,FD,34.09,22.86,80.55,15.0,51.05,Moderate
C0151,30,Bank Employee,3,76451,34690,13176,28585,230462,1110846,4307537,220148,5868993,1680828,4188165,265504,2180790,689,Moderate,Beginner,5.7,Emergency Fund,361251,117568,243683,7,Hybrid MF,37.39,17.23,78.65,35.0,59.01,Moderate
C0152,38,Designer,2,46613,25572,7649,13392,153056,421538,0,87999,662593,85567,577026,202581,740391,770,Moderate,Intermediate,7.1,Buy House,5058003,421538,4636465,8,Hybrid MF,28.73,16.41,81.25,52.0,68.09,Moderately Aggressive
C0153,24,Business Owner,3,150703,104793,30719,15191,1704259,4005236,0,826661,6536156,223252,6312904,540812,2460907,718,Moderate,Beginner,5.4,Wealth Creation,3161749,1306913,1854836,14,Gold,10.08,20.38,77.0,52.0,65.75,Moderate
C0154,32,Sales Executive,4,52946,34961,8028,9957,584236,857264,0,38635,1480135,70904,1409231,76253,2322775,798,Moderate,Advanced,7.5,Wealth Creation,2885514,632134,2253380,13,Hybrid MF,18.81,15.16,79.95,68.0,74.57,Moderately Aggressive
C0155,47,Accountant,0,68286,31298,11851,25137,224334,220329,1851950,502580,2799193,338065,2461128,169892,2485802,753,Moderate,Advanced,7.6,Buy House,8245636,224334,8021302,9,Equity MF,36.81,17.35,84.9,60.0,73.7,Moderately Aggressive
C0156,49,Bank Employee,2,77266,33882,9574,33810,795924,604726,0,495601,1896251,209437,1686814,202392,0,744,Conservative,Beginner,3.0,Retirement,6247603,795924,5451679,15,Bonds,43.76,12.39,92.4,7.0,53.97,Moderate
C0157,32,Government Employee,3,61461,30392,5166,25903,464054,398753,1246667,465500,2574974,494753,2080221,242806,0,809,Conservative,Beginner,2.5,Child Education,4465066,464054,4001012,11,PPF,42.15,8.41,93.15,4.0,53.03,Moderate
C0158,31,Bank Employee,2,93661,54433,17512,21716,252389,2564936,4903671,300431,8021427,3358808,4662619,380697,4326616,698,Aggressive,Beginner,8.4,Wealth Creation,4256695,1552003,2704692,13,Equity,23.19,18.7,75.1,87.0,80.45,Moderately Aggressive
C0159,24,Accountant,3,96113,58561,18179,19373,294692,2164456,1686966,311390,4457504,1540261,2917243,65139,2491075,687,Aggressive,Beginner,9.4,Retirement,9252701,2164456,7088245,12,ETF,20.16,18.91,76.0,82.0,78.7,Moderately Aggressive
C0160,44,Teacher,0,64774,23460,1353,39961,509823,979512,4983740,209476,6682551,1171573,5510978,150339,2262215,754,Moderate,Intermediate,7.0,Wealth Creation,7189278,979512,6209766,8,Bonds,61.69,2.09,91.35,60.0,77.24,Moderately Aggressive
C0161,46,Sales Executive,2,70368,41694,7488,21186,196218,859397,0,482480,1538095,75344,1462751,240255,1253945,698,Moderate,Intermediate,6.4,Child Education,4040988,859397,3181591,6,Hybrid MF,30.11,10.64,78.25,52.0,66.44,Moderate
C0162,48,Doctor,1,199420,65386,17646,116388,443922,633655,2375266,817567,4270410,1672172,2598238,374448,0,705,Moderate,Intermediate,6.2,Wealth Creation,4532789,633655,3899134,9,Bonds,58.36,8.85,87.75,60.0,75.26,Moderately Aggressive
C0163,24,Sales Executive,1,56332,17204,12278,26850,634611,603080,7209960,238184,8685835,1500880,7184955,37862,2175383,754,Aggressive,Beginner,9.4,Wealth Creation,4917448,634611,4282837,13,Equity MF,47.66,21.8,89.0,87.0,88.1,Aggressive
C0164,56,Bank Employee,2,48982,21287,10971,16724,100970,1023169,6387482,65971,7577592,3080679,4496913,36292,2203389,744,Aggressive,Advanced,9.6,Emergency Fund,685959,140490,545469,4,Equity MF,34.14,22.4,63.95,86.0,73.87,Moderately Aggressive
C0165,35,Teacher,4,66211,40774,9430,16007,400214,1457536,4186682,330607,6375039,1230961,5144078,293628,0,805,Moderate,Intermediate,7.1,Child Education,3028436,840656,2187780,12,Hybrid MF,24.18,14.24,81.5,52.0,68.23,Moderately Aggressive
C0166,42,Sales Executive,1,68244,31427,20102,16715,506220,1700908,6743300,5199,8955627,3685650,5269977,218965,1687666,715,Aggressive,Intermediate,9.0,Retirement,3543455,1326949,2216506,12,Equity MF,24.49,29.46,73.45,90.0,80.9,Moderately Aggressive
C0167,44,Teacher,3,52318,27073,2081,23164,453028,759355,2237993,39729,3490105,150013,3340092,149557,2718750,746,Moderate,Intermediate,7.2,Buy House,5574030,759355,4814675,14,Equity MF,44.28,3.98,97.15,52.0,76.83,Moderately Aggressive
C0168,44,Bank Employee,1,86214,43593,13337,29284,344597,2102319,5159157,138419,7744492,3248686,4495806,290371,4103984,720,Conservative,Intermediate,3.5,Wealth Creation,6180617,2102319,4078298,12,Debt MF,33.97,15.47,82.15,20.0,54.18,Moderate
C0169,57,Teacher,3,25403,18081,3400,3922,179095,677891,1200412,93297,2150695,543298,1607397,111278,1356318,760,Moderate,Beginner,5.9,Emergency Fund,621792,163776,458016,3,Hybrid MF,15.44,13.38,64.8,35.0,51.39,Moderate
C0170,25,Freelancer,1,70358,39786,4392,26180,194870,356926,0,222878,774674,84382,690292,78748,3015723,661,Moderate,Beginner,5.7,Wealth Creation,5596199,356926,5239273,7,Bonds,37.21,6.24,85.4,52.0,70.37,Moderately Aggressive
C0171,26,Doctor,0,134344,60829,2019,71496,461237,645694,3061628,68741,4237300,55727,4181573,219640,7631782,712,Conservative,Beginner,2.7,Wealth Creation,4026931,348396,3678535,15,Bonds,53.22,1.5,95.85,12.0,58.12,Moderate
C0172,30,Business Owner,3,115311,61183,17386,36742,950560,3260369,2642270,621887,7475086,1083666,6391420,172107,0,734,Moderate,Beginner,5.5,Buy House,7084164,2862724,4221440,11,Gold,31.86,15.08,87.45,44.0,67.9,Moderate
C0173,23,Government Employee,2,51249,27079,1858,22312,408130,514988,0,60361,983479,8046,975433,46255,2826846,756,Moderate,Advanced,7.0,Buy House,7651678,514988,7136690,7,Bonds,43.54,3.63,94.4,60.0,78.92,Moderately Aggressive
C0174,58,Doctor,4,124454,75340,19775,29339,1256782,2029568,4507500,153943,7947793,2354255,5593538,204169,1766022,753,Moderate,Intermediate,6.3,Child Education,1665598,577734,1087864,6,Gold,23.57,15.89,69.45,52.0,61.6,Moderate
C0175,54,Software Engineer,2,131975,70458,11659,49858,905274,464285,1783156,903441,4056156,1076935,2979221,114704,5284956,839,Moderate,Intermediate,6.2,Emergency Fund,501132,94694,406438,9,Equity MF,37.78,8.83,84.85,43.0,66.02,Moderate
C0176,26,Sales Executive,1,63484,31774,8862,22848,319574,770777,0,114787,1205138,406013,799125,137214,0,719,Conservative,Intermediate,3.6,Travel,615587,131617,483970,5,Debt MF,35.99,13.96,79.25,15.0,50.34,Moderate
C0177,30,Accountant,2,69167,35379,4960,28828,415765,1080854,4393259,129940,6019818,2124487,3895331,49290,1586103,635,Moderate,Advanced,6.7,Wealth Creation,6125176,1080854,5044322,10,Bonds,41.68,7.17,90.45,68.0,80.35,Moderately Aggressive
C0178,36,Freelancer,3,103180,72374,10837,19969,678370,1359505,0,440330,2478205,103534,2374671,465944,5128221,584,Conservative,Beginner,2.8,Wealth Creation,2376998,804496,1572502,9,FD,19.35,10.5,76.55,12.0,47.5,Moderately Conservative
C0179,49,Bank Employee,3,68703,37505,3406,27792,586806,300267,0,194365,1081438,13431,1068007,275154,3577825,762,Conservative,Intermediate,4.2,Wealth Creation,5154746,356961,4797785,13,Debt MF,40.45,4.96,96.4,20.0,62.02,Moderate
C0180,23,Accountant,3,90185,51465,10379,28341,502254,1948467,5848809,574422,8873952,2836908,6037044,55423,2537701,610,Conservative,Beginner,3.5,Buy House,4893424,446456,4446968,11,Debt MF,31.43,11.51,78.2,4.0,44.81,Moderately Conservative
C0181,31,Software Engineer,2,163862,80419,43642,39801,1709758,3817494,6911294,851698,13290244,4541816,8748428,577136,8284862,715,Conservative,Intermediate,4.1,Wealth Creation,4447472,1860678,2586794,8,Bonds,24.29,26.63,72.3,20.0,48.77,Moderate
C0182,57,Accountant,1,62414,31749,4575,26090,160237,1785670,2571473,289054,4806434,614518,4191916,114553,3166851,745,Moderate,Intermediate,6.7,Travel,1068130,423634,644496,10,Hybrid MF,41.8,7.33,88.4,55.0,73.37,Moderately Aggressive
C0183,24,Accountant,0,71359,32015,5721,33623,716371,1224623,984269,454645,3379908,56960,3322948,151973,3320394,708,Aggressive,Advanced,10.0,Emergency Fund,926354,315781,610573,9,Stocks,47.12,8.02,97.2,86.0,92.16,Aggressive
C0184,24,Teacher,1,59598,31961,16889,10748,166154,242003,0,306031,714188,456900,257288,119574,1539196,731,Moderate,Intermediate,6.0,Wealth Creation,3236274,242003,2994271,6,Gold,18.03,28.34,58.4,60.0,59.12,Moderate
C0185,44,Business Owner,1,114700,46505,10337,57858,428311,737634,5746802,685180,7597927,2037262,5560665,273931,5624703,778,Conservative,Beginner,3.0,Travel,1038473,217510,820963,5,Debt MF,50.44,9.01,88.55,7.0,51.85,Moderate
C0186,48,Bank Employee,2,87848,45890,20878,21080,628536,2373508,4261453,277414,7540911,2729853,4811058,210491,1134259,843,Conservative,Intermediate,3.0,Buy House,3923816,1614002,2309814,13,Debt MF,24.0,23.77,72.55,12.0,45.3,Moderately Conservative
C0187,55,Software Engineer,2,104210,56765,17749,29696,318969,2783972,0,477950,3580891,543361,3037530,331619,0,669,Moderate,Intermediate,6.5,Travel,1150732,440099,710633,5,Hybrid MF,28.5,17.03,71.9,55.0,64.3,Moderate
C0188,58,Bank Employee,1,92595,50361,9201,33033,667951,2441512,6423215,431579,9964257,1551767,8412490,89428,0,719,Moderate,Intermediate,6.4,Wealth Creation,4852273,768151,4084122,9,Bonds,35.67,9.94,87.25,60.0,74.99,Moderately Aggressive
C0189,44,Software Engineer,2,115797,68772,9949,37076,491488,1069484,2865517,29734,4456223,1403210,3053013,296569,0,672,Conservative,Intermediate,2.9,Wealth Creation,7329170,1069484,6259686,15,PPF,32.02,8.59,82.15,20.0,54.18,Moderate
C0190,42,Software Engineer,1,108779,35883,12833,60063,693624,539369,0,325342,1558335,526144,1032191,206644,2063670,729,Moderate,Beginner,6.2,Retirement,6162880,693624,5469256,12,Bonds,55.22,11.8,87.45,47.0,69.25,Moderately Aggressive
C0191,46,Freelancer,3,77542,39036,5088,33418,743785,569568,0,249386,1562739,152743,1409996,101678,1219150,755,Moderate,Advanced,7.1,Wealth Creation,2148967,615253,1533714,7,Gold,43.1,6.56,91.25,68.0,80.79,Moderately Aggressive
C0192,38,Doctor,3,115805,69613,14160,32032,1247733,1539081,7814496,901331,11502641,227241,11275400,184259,0,731,Moderate,Beginner,6.3,Retirement,8911840,1539081,7372759,15,Gold,27.66,12.23,84.05,47.0,67.38,Moderate
C0193,23,Accountant,3,65874,39849,6752,19273,587824,1420668,4890122,146103,7044717,933721,6110996,264391,3231808,803,Conservative,Intermediate,3.2,Wealth Creation,7199638,998327,6201311,5,Debt MF,29.26,10.25,80.4,20.0,53.22,Moderate
C0194,31,Teacher,0,56493,27283,9149,20061,333881,1201660,0,139317,1674858,35369,1639489,97855,2686657,698,Conservative,Intermediate,3.5,Wealth Creation,2130874,800086,1330788,13,Debt MF,35.51,16.19,90.1,20.0,58.55,Moderate
C0195,29,Doctor,3,86864,58099,6742,22023,945572,1885039,4206137,372441,7409189,516786,6892403,253967,4908769,727,Moderate,Advanced,7.4,Retirement,9300534,1177980,8122554,15,Bonds,25.35,7.76,89.4,63.0,77.52,Moderately Aggressive
C0196,53,Business Owner,3,114255,66054,5814,42387,641275,1630381,629360,34332,2935348,122984,2812364,420384,5516911,664,Moderate,Beginner,5.6,Retirement,9491761,1581712,7910049,12,Equity MF,37.1,5.09,90.8,47.0,71.09,Moderately Aggressive
C0197,46,Software Engineer,2,98840,59428,10892,28520,975369,1103432,4666421,751735,7496957,2811525,4685432,304339,0,682,Moderate,Advanced,6.3,Higher Education,2740508,511822,2228686,15,Bonds,28.85,11.02,76.85,60.0,69.27,Moderately Aggressive
C0198,56,Designer,2,61087,41192,9325,10570,703621,1291201,0,261582,2256404,274774,1981630,191069,2736501,759,Aggressive,Beginner,9.5,Child Education,2763607,238928,2524679,13,Stocks,17.3,15.27,76.35,79.0,77.54,Moderately Aggressive
C0199,24,Sales Executive,3,37637,21067,3639,12931,121863,1084989,0,242468,1449320,9481,1439839,52596,1031045,770,Aggressive,Beginner,8.7,Child Education,2144289,147260,1997029,6,ETF,34.36,9.67,85.4,79.0,82.52,Moderately Aggressive
C0200,22,Business Owner,0,102073,46048,5670,50355,1104955,2172696,7828251,573848,11679750,2018935,9660815,210061,3895634,719,Aggressive,Intermediate,8.8,Retirement,4960713,1220301,3740412,15,Equity MF,49.33,5.55,97.0,90.0,93.85,Aggressive
C0201,28,Freelancer,1,98406,24602,12624,61180,906563,1917679,0,81756,2905998,402810,2503188,80231,3118482,817,Moderate,Beginner,5.3,Wealth Creation,6266410,1603941,4662469,7,Hybrid MF,62.17,12.83,89.95,52.0,72.87,Moderately Aggressive
C0202,27,Sales Executive,1,75125,40669,7368,27088,731495,1266942,809621,335360,3143418,512133,2631285,233716,4031275,760,Conservative,Intermediate,3.3,Retirement,9432219,1266942,8165277,6,PPF,36.06,9.81,89.1,15.0,55.76,Moderate
C0203,56,Freelancer,1,133489,84877,3925,44687,1341024,3247419,0,569971,5158414,4663,5153751,582244,7967077,746,Moderate,Beginner,6.6,Buy House,2992710,1082256,1910454,11,Hybrid MF,33.48,2.94,87.55,44.0,67.95,Moderate
C0204,54,Government Employee,0,62456,18299,3657,40500,288744,1489887,0,135455,1914086,99145,1814941,23669,1567803,777,Moderate,Advanced,6.6,Emergency Fund,863544,289736,573808,10,Gold,64.85,5.86,92.85,51.0,74.02,Moderately Aggressive
C0205,60,Bank Employee,2,76084,37550,5752,32782,680943,1388834,2276071,196250,4542098,835360,3706738,189905,2561904,752,Conservative,Beginner,3.3,Retirement,3791234,1388834,2402400,7,Debt MF,43.09,7.56,86.15,7.0,50.53,Moderate
C0206,39,Software Engineer,4,124029,75682,7202,41145,1257981,677121,4622421,913884,7471407,1594906,5876501,535969,4146341,713,Conservative,Beginner,2.8,Retirement,6463452,1257981,5205471,12,FD,33.17,5.81,89.9,7.0,52.6,Moderate
C0207,49,Freelancer,1,65437,34830,8003,22604,674168,1047210,0,487684,2209062,329622,1879440,118593,2408690,736,Moderate,Beginner,6.0,Buy House,4175193,410351,3764842,5,Gold,34.54,12.23,81.8,44.0,64.79,Moderate
C0208,59,Sales Executive,3,48907,31006,0,17901,479930,1062458,7985562,341617,9869567,3393739,6475828,195399,0,764,Moderate,Intermediate,6.8,Emergency Fund,538649,182665,355984,6,Bonds,36.6,0.0,78.3,43.0,62.42,Moderate
C0209,26,Software Engineer,0,49173,19239,9478,20456,353168,191801,6597796,310295,7453060,2892967,4560093,85877,2191074,770,Moderate,Intermediate,6.1,Retirement,5021011,353168,4667843,10,Hybrid MF,41.6,19.27,87.05,55.0,72.63,Moderately Aggressive
C0210,30,Software Engineer,0,108551,41353,21511,45687,463155,1486674,0,360896,2310725,288103,2022622,211137,0,687,Conservative,Intermediate,3.9,Buy House,6955774,964144,5991630,10,PPF,42.09,19.82,92.45,12.0,56.25,Moderate
C0211,25,Doctor,2,113689,48878,29242,35569,986481,624003,0,144082,1754566,707055,1047511,390649,2251671,701,Moderate,Intermediate,6.7,Wealth Creation,1761667,588389,1173278,6,Hybrid MF,31.29,25.72,75.4,60.0,68.47,Moderately Aggressive
C0212,44,Government Employee,1,51162,23031,0,28131,403042,323003,1178150,402682,2306877,218378,2088499,105441,2532482,726,Conservative,Beginner,3.6,Wealth Creation,7690656,403042,7287614,10,Debt MF,54.98,0.0,94.35,12.0,57.29,Moderate
C0213,42,Freelancer,2,70921,40434,12499,17988,266264,1767638,5030707,188827,7253436,671642,6581794,168565,3780323,752,Aggressive,Beginner,9.7,Higher Education,4272736,466492,3806244,13,ETF,25.36,17.62,79.45,79.0,79.25,Moderately Aggressive
C0214,46,Teacher,2,38942,24589,7344,7009,252166,843480,4455866,16134,5567646,2127334,3440312,74691,470800,686,Conservative,Advanced,4.0,Wealth Creation,4652855,843480,3809375,12,FD,18.0,18.86,71.85,28.0,52.12,Moderate
C0215,57,Freelancer,3,80167,38390,10103,31674,762837,1691131,2049796,373154,4876918,1363990,3512928,170149,3715236,840,Aggressive,Intermediate,8.8,Higher Education,2003249,752405,1250844,8,Equity,39.51,12.6,80.4,87.0,83.37,Moderately Aggressive
C0216,49,Accountant,0,58790,26686,6593,25511,483449,1692989,0,194880,2371318,45877,2325441,51054,1068173,740,Moderate,Advanced,6.6,Higher Education,1592949,593905,999044,11,Equity MF,43.39,11.21,89.6,60.0,76.28,Moderately Aggressive
C0217,56,Bank Employee,1,34231,20779,6424,7028,88459,672107,0,168404,928970,56361,872609,47661,0,711,Aggressive,Beginner,9.6,Retirement,9113486,672107,8441379,6,ETF,20.53,18.77,71.75,82.0,76.36,Moderately Aggressive
C0218,40,Accountant,3,55284,31417,8776,15091,455762,1432086,0,309812,2197660,242045,1955615,198637,0,731,Conservative,Beginner,3.0,Emergency Fund,827375,56280,771095,8,PPF,27.3,15.87,80.95,0.0,44.52,Moderately Conservative
C0219,38,Designer,0,106330,37544,13513,55273,1088814,1401666,0,387782,2878262,437599,2440663,97907,5783047,747,Moderate,Beginner,6.3,Child Education,3856049,458200,3397849,14,Equity MF,51.98,12.71,94.05,44.0,71.53,Moderately Aggressive
C0220,60,Bank Employee,2,59730,29122,4554,26054,348542,454297,5654745,235559,6693143,300005,6393138,91326,1464590,739,Moderate,Intermediate,6.2,Retirement,7314922,454297,6860625,15,Equity MF,43.62,7.62,94.75,55.0,76.86,Moderately Aggressive
C0221,35,Government Employee,3,61510,34837,11592,15081,386962,1241246,0,120325,1748533,249924,1498609,62748,2576333,711,Conservative,Beginner,3.0,Retirement,9890615,1241246,8649369,14,Debt MF,24.52,18.85,84.5,7.0,49.62,Moderate
C0222,35,Bank Employee,2,42753,27675,4542,10536,338023,1056631,7628254,222910,9245818,2881289,6364529,123512,1419394,744,Aggressive,Beginner,8.9,Buy House,5624109,1056631,4567478,6,Stocks,24.64,10.62,72.9,79.0,75.65,Moderately Aggressive
C0223,44,Government Employee,3,73730,40806,213,32711,257438,519721,0,273948,1051107,4330,1046777,255140,3875237,617,Moderate,Intermediate,6.2,Buy House,4725800,519721,4206079,8,Bonds,44.37,0.29,94.35,52.0,75.29,Moderately Aggressive
C0224,49,Teacher,2,68629,31274,16527,20828,583840,758811,0,427809,1770460,220094,1550366,186181,1622777,703,Moderate,Advanced,6.9,Wealth Creation,7911935,758811,7153124,7,Gold,30.35,24.08,77.8,68.0,73.39,Moderately Aggressive
C0225,37,Business Owner,1,156277,91483,23622,41172,550760,1890529,0,1121774,3563063,263201,3299862,406933,5934154,692,Moderate,Beginner,5.8,Wealth Creation,5617693,325571,5292122,5,Gold,26.35,15.12,74.6,52.0,64.43,Moderate
C0226,45,Doctor,1,140850,65594,22633,52623,1415905,3603454,4682384,660809,10362552,2719362,7643190,146812,1705082,707,Moderate,Intermediate,7.1,Child Education,5879522,594231,5285291,9,Gold,37.36,16.07,82.2,52.0,68.61,Moderately Aggressive
C0227,36,Sales Executive,3,72959,23701,14084,35174,681442,264488,7855596,578917,9380443,2836500,6543943,175561,2538921,695,Aggressive,Beginner,9.5,Wealth Creation,1848416,392779,1455637,12,Equity MF,48.21,19.3,88.35,87.0,87.74,Aggressive
C0228,37,Software Engineer,3,104474,52346,2211,49917,267417,2506491,4628932,86858,7489698,1309056,6180642,358201,3491458,691,Conservative,Advanced,3.7,Retirement,7478252,2506491,4971761,9,Debt MF,47.78,2.12,88.4,23.0,58.97,Moderate
C0229,41,Designer,3,105325,48409,12205,44711,1249734,1128745,0,491942,2870421,547781,2322640,306855,0,680,Conservative,Advanced,4.1,Wealth Creation,5668170,1249734,4418436,11,FD,42.45,11.59,87.8,28.0,60.89,Moderate
C0230,47,Doctor,0,146663,72855,23187,50621,1515443,1377345,1598581,173320,4664689,942007,3722682,101064,2369318,811,Moderate,Beginner,5.5,Buy House,5404670,437558,4967112,7,Equity MF,34.52,15.81,79.1,44.0,63.31,Moderate
C0231,25,Sales Executive,2,62903,28445,10602,23856,519790,1105728,0,74237,1699755,237217,1462538,116763,3170488,769,Moderate,Intermediate,7.1,Wealth Creation,3801227,1105728,2695499,8,Hybrid MF,37.93,16.85,88.2,60.0,75.51,Moderately Aggressive
C0232,42,Business Owner,3,139303,82916,5387,51000,1262906,1560817,0,568593,3392316,237411,3154905,457633,3545999,698,Moderate,Beginner,6.0,Wealth Creation,6018435,1560817,4457618,8,Hybrid MF,36.61,3.87,89.65,52.0,72.71,Moderately Aggressive
C0233,53,Designer,0,48024,17643,4122,26259,231882,1150802,2410278,277154,4070116,1070348,2999768,61487,2558851,738,Moderate,Beginner,6.3,Wealth Creation,3304506,1056066,2248440,14,Hybrid MF,54.68,8.58,92.8,52.0,74.44,Moderately Aggressive
C0234,60,Government Employee,2,59124,31877,8802,18445,499863,1407008,0,127415,2034286,216343,1817943,131323,2599223,613,Aggressive,Beginner,8.3,Retirement,7808262,1407008,6401254,10,ETF,31.2,14.89,82.95,82.0,82.52,Moderately Aggressive
C0235,22,Doctor,3,126965,75480,22899,28586,1349121,1613896,0,626964,3589981,480920,3109061,469861,2536236,729,Moderate,Intermediate,6.8,Wealth Creation,2016976,578978,1437998,10,Hybrid MF,22.51,18.04,83.2,60.0,72.76,Moderately Aggressive
C0236,55,Designer,0,82608,37017,14170,31421,595292,1916610,7472628,501731,10486261,1953326,8532935,109911,4311760,797,Conservative,Beginner,3.5,Buy House,6744222,401251,6342971,14,FD,38.04,17.15,83.5,4.0,47.73,Moderately Conservative
C0237,39,Freelancer,2,71724,37087,6061,28576,331710,748777,0,182868,1263355,203450,1059905,248208,3798752,745,Moderate,Intermediate,6.0,Retirement,6396060,748777,5647283,12,Bonds,39.84,8.45,92.9,55.0,75.84,Moderately Aggressive
C0238,60,Freelancer,0,105966,46945,11106,47915,1122791,1646296,7954599,135363,10859049,2143895,8715154,327471,3918522,809,Conservative,Advanced,3.7,Wealth Creation,7993831,1041515,6952316,13,FD,45.22,10.48,87.75,28.0,60.86,Moderate
C0239,47,Government Employee,3,73138,39565,6486,27087,481028,1857601,2741783,469017,5549429,1173939,4375490,78479,3991637,730,Aggressive,Intermediate,9.6,Child Education,5404113,1591175,3812938,8,ETF,37.04,8.87,85.9,87.0,86.4,Aggressive
C0240,60,Sales Executive,0,69007,27688,12414,28905,731189,776071,0,109382,1616642,563577,1053065,207863,0,797,Conservative,Advanced,3.5,Retirement,7457999,776071,6681928,9,Bonds,41.89,17.99,81.95,23.0,55.42,Moderate
C0241,56,Software Engineer,0,139330,64665,17104,57561,304214,908483,0,40842,1253539,142196,1111343,487869,0,670,Conservative,Beginner,2.5,Retirement,4484940,908483,3576457,13,Bonds,41.31,12.28,91.35,7.0,53.39,Moderate
C0242,59,Business Owner,1,120136,51850,0,68286,352578,816850,7964168,145393,9278989,2089188,7189801,174267,2709166,650,Moderate,Beginner,5.5,Travel,790248,98418,691830,4,Gold,56.84,0.0,79.5,47.0,64.88,Moderate
C0243,22,Business Owner,2,171631,99108,10414,62109,687961,1273946,6766862,1010490,9739259,873067,8866192,447588,6273187,725,Moderate,Advanced,6.4,Retirement,7271421,1273946,5997475,10,Bonds,36.19,6.07,88.2,63.0,76.86,Moderately Aggressive
C0244,38,Teacher,3,39963,21128,8013,10822,302772,560356,0,47734,910862,345561,565301,76177,643559,779,Moderate,Intermediate,6.5,Buy House,5567508,560356,5007152,8,Hybrid MF,27.08,20.05,71.25,52.0,62.59,Moderate
C0245,43,Doctor,0,174990,62041,45807,67142,434944,3016469,0,933056,4384469,304594,4079875,258162,3462541,762,Moderate,Beginner,5.3,Emergency Fund,666124,238156,427968,9,Equity MF,38.37,26.18,77.5,35.0,58.38,Moderate
C0246,46,Teacher,4,58602,39056,4687,14859,302710,1355550,0,393109,2051369,187222,1864147,206795,2257526,721,Moderate,Advanced,7.6,Higher Education,2533546,861319,1672227,5,Bonds,25.36,8.0,81.25,60.0,71.69,Moderately Aggressive
C0247,31,Business Owner,4,116575,77901,21853,16821,1353152,775995,3978799,414739,6522685,1725990,4796695,295961,4854440,816,Moderate,Intermediate,6.0,Emergency Fund,806931,218333,588598,9,Hybrid MF,14.43,18.75,74.3,43.0,60.22,Moderate
C0248,21,Software Engineer,0,76373,31220,7905,37248,860953,2073479,0,44321,2978753,141568,2837185,120137,3305081,709,Moderate,Beginner,6.0,Child Education,1875309,128462,1746847,9,Gold,48.77,10.35,93.2,44.0,71.06,Moderately Aggressive
C0249,56,Government Employee,3,75295,52291,12190,10814,675602,2105970,4899343,367053,8047968,390081,7657887,101446,3382799,678,Conservative,Advanced,4.6,Retirement,5557460,1131949,4425511,15,FD,14.36,16.19,76.35,23.0,52.34,Moderate
C0250,40,Sales Executive,4,67614,50933,12406,4275,699055,1590786,6631105,280075,9201021,1248645,7952376,339245,2651252,657,Aggressive,Intermediate,9.7,Retirement,6130290,1590786,4539504,13,ETF,6.32,18.35,73.75,90.0,81.06,Moderately Aggressive
C0251,51,Government Employee,4,94282,59150,0,35132,229575,1062215,0,485185,1776975,0,1776975,273708,0,766,Conservative,Intermediate,4.1,Child Education,2504480,620922,1883558,7,Bonds,37.26,0.0,81.5,12.0,50.23,Moderate
C0252,28,Government Employee,1,82065,37887,6159,38019,678026,777110,0,639166,2094302,239464,1854838,111065,0,741,Conservative,Intermediate,3.3,Child Education,5023219,777110,4246109,9,FD,46.33,7.51,96.75,12.0,58.61,Moderate
C0253,60,Sales Executive,2,52042,27738,5305,18999,232137,610058,1677332,416296,2935823,549852,2385971,86859,0,764,Conservative,Advanced,4.5,Retirement,9479738,610058,8869680,10,Debt MF,36.51,10.19,75.95,23.0,52.12,Moderate
C0254,44,Designer,0,47415,19170,4165,24080,181043,1106451,5955422,314250,7557166,1091386,6465780,24937,2024337,775,Moderate,Intermediate,6.3,Wealth Creation,7861175,1106451,6754724,8,Gold,50.79,8.78,90.35,60.0,76.69,Moderately Aggressive
C0255,40,Business Owner,2,140081,69544,19182,51355,727046,2256077,7471633,655531,11110287,3026880,8083407,238701,3850083,727,Moderate,Beginner,6.3,Retirement,8825479,1097403,7728076,13,Hybrid MF,36.66,13.69,85.75,47.0,68.31,Moderately Aggressive
C0256,35,Business Owner,1,118933,41863,21369,55701,1070803,3079312,0,526834,4676949,69614,4607335,122331,4764810,730,Moderate,Intermediate,6.5,Wealth Creation,7464490,421836,7042654,6,Equity MF,46.83,17.97,88.9,60.0,75.9,Moderately Aggressive
C0257,50,Freelancer,0,89060,34780,9235,45045,525409,462759,1510838,313062,2812068,407239,2404829,192783,1464260,690,Aggressive,Beginner,9.4,Retirement,8817812,525409,8292403,11,Equity MF,50.58,10.37,89.45,82.0,86.1,Aggressive
C0258,40,Designer,1,80311,46541,11258,22512,446572,2203384,5188281,353416,8191653,1668270,6523383,159489,4790877,643,Aggressive,Beginner,9.6,Wealth Creation,6508436,2203384,4305052,10,Equity,28.03,14.02,77.95,87.0,82.02,Moderately Aggressive
C0259,58,Sales Executive,2,60223,37922,4067,18234,654344,755579,0,387005,1796928,91027,1705901,144803,2156137,807,Moderate,Beginner,5.3,Retirement,9982792,755579,9227213,14,Equity MF,30.28,6.75,90.05,47.0,70.68,Moderately Aggressive
C0260,22,Government Employee,1,50513,22074,460,27979,304634,989218,6780298,355814,8429964,264768,8165196,140803,0,700,Conservative,Beginner,3.0,Child Education,3946417,439934,3506483,13,FD,55.39,0.91,100.0,4.0,56.8,Moderate
C0261,26,Freelancer,2,71716,25484,8354,37878,602414,573781,943842,119524,2239561,387981,1851580,164795,0,674,Conservative,Advanced,3.3,Wealth Creation,4877150,602414,4274736,15,FD,52.82,11.65,92.85,28.0,63.67,Moderate
C0262,38,Teacher,0,57669,31350,10391,15928,565726,231543,794323,189807,1781399,880975,900424,119569,2396946,782,Moderate,Intermediate,5.9,Buy House,9187325,565726,8621599,15,Equity MF,27.62,18.02,78.05,52.0,66.33,Moderate
C0263,56,Sales Executive,1,52483,29249,11875,11359,403424,461963,0,339789,1205176,184231,1020945,166615,2857850,814,Moderate,Intermediate,6.8,Retirement,3883051,461963,3421088,10,Hybrid MF,21.64,22.63,74.55,55.0,65.75,Moderate
C0264,34,Government Employee,2,77904,42208,9745,25951,202429,1107350,0,267744,1577523,447087,1130436,117985,4273727,657,Conservative,Beginner,3.5,Wealth Creation,5048303,1107350,3940953,5,Bonds,33.31,12.51,77.05,12.0,47.78,Moderately Conservative
C0265,46,Software Engineer,2,137192,58911,14492,63789,1596180,462376,7254888,84252,9397696,2479108,6918588,73633,7571300,691,Moderate,Beginner,5.6,Retirement,3525841,1480116,2045725,5,Equity MF,46.5,10.56,84.25,47.0,67.49,Moderate
C0266,54,Teacher,2,40279,18723,2313,19243,344060,1189645,6800459,204750,8538914,2459205,6079709,29359,0,665,Moderate,Beginner,6.0,Higher Education,4035367,432939,3602428,7,Gold,47.77,5.74,84.05,44.0,66.03,Moderate
C0267,50,Doctor,2,151747,70874,7166,73707,1816521,1232691,0,838506,3887718,212965,3674753,139434,5897049,685,Moderate,Beginner,5.5,Wealth Creation,7697597,1816521,5881076,10,Hybrid MF,48.57,4.72,93.45,52.0,74.8,Moderately Aggressive
C0268,27,Business Owner,2,99432,40824,3953,54655,452053,2634375,0,200389,3286817,42844,3243973,115413,1852806,690,Moderate,Intermediate,6.7,Retirement,7257151,693870,6563281,7,Hybrid MF,54.97,3.98,94.1,55.0,76.5,Moderately Aggressive
C0269,50,Freelancer,3,96201,52228,13122,30851,588769,2165089,7722489,636539,11112886,2304474,8808412,161043,0,815,Moderate,Advanced,6.4,Retirement,4419317,853967,3565350,14,Bonds,32.07,13.64,84.25,63.0,74.69,Moderately Aggressive
C0270,38,Software Engineer,1,90313,36162,3686,50465,613285,2114193,0,288619,3016097,52202,2963895,93557,5374598,759,Conservative,Intermediate,3.9,Retirement,9042612,2114193,6928419,14,Debt MF,55.88,4.08,98.05,15.0,60.68,Moderate
C0271,42,Designer,3,91337,50804,10078,30455,1077352,1769980,7359252,2151,10208735,3756809,6451926,252360,3862552,648,Aggressive,Advanced,10.0,Retirement,3306517,224123,3082394,11,Equity,33.34,11.03,79.65,98.0,87.91,Aggressive
C0272,37,Bank Employee,1,67315,33189,10348,23778,231893,1806294,6620977,165628,8824792,3430676,5394116,151443,1766883,706,Conservative,Intermediate,4.0,Child Education,5373102,1193225,4179877,5,Bonds,35.32,15.37,73.6,12.0,45.88,Moderately Conservative
C0273,51,Doctor,3,66435,35062,4350,27023,330906,1328687,0,79284,1738877,46575,1692302,141002,2260409,726,Conservative,Beginner,3.4,Retirement,7923731,765523,7158208,7,Debt MF,40.68,6.55,90.5,7.0,52.93,Moderate
C0274,37,Government Employee,0,101306,38257,16720,46329,808120,956510,0,393776,2158406,8996,2149410,103726,0,839,Moderate,Beginner,6.4,Wealth Creation,6141628,956510,5185118,15,Hybrid MF,45.73,16.5,94.2,52.0,75.21,Moderately Aggressive
C0275,51,Teacher,3,64373,42883,16303,5187,605339,286265,4274552,410358,5576514,2826333,2750181,211003,1777200,705,Conservative,Beginner,3.2,Wealth Creation,2339945,605339,1734606,8,Bonds,8.06,25.33,56.3,12.0,36.37,Moderately Conservative
C0276,33,Freelancer,0,86851,45033,16035,25783,841465,2484886,6395885,519933,10242169,3524043,6718126,60302,0,610,Conservative,Intermediate,3.7,Child Education,5291185,1374834,3916351,12,PPF,29.69,18.46,78.8,12.0,48.74,Moderate
C0277,47,Designer,4,86926,52891,14858,19177,950008,1738010,1725102,155824,4568944,578504,3990440,263260,0,667,Conservative,Intermediate,3.1,Retirement,3311013,862934,2448079,6,Bonds,22.06,17.09,77.1,15.0,49.16,Moderate
C0278,40,Software Engineer,4,110020,54785,22051,33184,1057576,852501,0,116118,2026195,336205,1689990,423325,0,733,Aggressive,Intermediate,9.1,Wealth Creation,6987288,1057576,5929712,15,Equity,30.16,20.04,84.75,95.0,89.36,Aggressive
C0279,37,Business Owner,0,129319,45566,9926,73827,294675,422756,0,81926,799357,154482,644875,304369,4483883,687,Moderate,Intermediate,6.0,Retirement,7995651,422756,7572895,8,Hybrid MF,57.09,7.68,92.4,55.0,75.57,Moderately Aggressive
C0280,49,Accountant,3,70682,41140,273,29269,252628,811169,4134382,505352,5703531,1877221,3826310,215755,1641389,741,Moderate,Intermediate,6.3,Wealth Creation,7403634,811169,6592465,5,Hybrid MF,41.41,0.39,80.8,60.0,71.44,Moderately Aggressive
C0281,59,Doctor,0,126901,69379,24293,33229,1152069,2301815,5637575,693321,9784780,3536959,6247821,226325,5272017,735,Moderate,Intermediate,6.3,Buy House,3606525,797965,2808560,7,Hybrid MF,26.18,19.14,69.3,52.0,61.52,Moderate
C0282,55,Freelancer,2,101492,45258,99,56135,1191971,1144833,1093678,511672,3942154,188968,3753186,340094,0,662,Moderate,Intermediate,6.0,Travel,615519,131104,484415,7,Equity MF,55.31,0.1,89.9,55.0,74.2,Moderately Aggressive
C0283,28,Designer,3,96784,46778,10880,39126,290974,1542357,0,688563,2521894,141953,2379941,336901,3750719,652,Aggressive,Beginner,9.1,Emergency Fund,969787,181105,788682,5,Stocks,40.43,11.24,89.95,70.0,80.97,Moderately Aggressive
C0284,58,Sales Executive,3,59132,32348,5651,21133,173390,223072,7283855,444234,8124551,383757,7740794,236410,1273879,751,Aggressive,Intermediate,9.4,Buy House,2672520,223072,2449448,15,Equity MF,35.74,9.56,90.05,87.0,88.68,Aggressive
C0285,35,Freelancer,1,88135,34451,1311,52373,1015121,1550861,6414315,129322,9109619,3327058,5782561,162701,0,681,Conservative,Intermediate,3.0,Retirement,4493575,507678,3985897,14,Debt MF,59.42,1.49,92.5,15.0,57.63,Moderate
C0286,21,Accountant,0,55483,25657,8662,21164,570420,986247,0,254848,1811515,286343,1525172,146316,2899618,812,Moderate,Beginner,5.9,Child Education,4726691,986247,3740444,6,Equity MF,38.15,15.61,85.4,44.0,66.77,Moderate
C0287,53,Sales Executive,2,74533,23840,9386,41307,212888,1754411,3275377,141822,5384498,839209,4545289,125354,0,689,Conservative,Intermediate,4.1,Buy House,2764498,1212225,1552273,15,FD,55.42,12.59,91.8,12.0,55.89,Moderate
C0288,23,Accountant,2,35452,19991,5614,9847,295398,943350,0,16039,1254787,18980,1235807,136023,0,723,Moderate,Beginner,6.0,Child Education,5350899,810325,4540574,15,Hybrid MF,27.78,15.84,86.0,44.0,67.1,Moderate
C0289,59,Government Employee,1,54586,24177,9067,21342,204596,562264,3832662,188242,4787764,839028,3948736,99364,3101981,767,Moderate,Intermediate,6.2,Retirement,8548426,562264,7986162,6,Gold,39.1,16.61,77.3,55.0,67.27,Moderate
C0290,58,Government Employee,4,59901,37092,0,22809,274577,1747755,0,419254,2441586,0,2441586,202376,0,701,Moderate,Beginner,6.4,Buy House,7734289,1747755,5986534,8,Bonds,38.08,0.0,87.25,44.0,67.79,Moderate
C0291,35,Sales Executive,0,56127,19688,8684,27755,559253,436678,0,26507,1022438,306445,715993,117957,0,821,Moderate,Beginner,6.0,Wealth Creation,2237373,352160,1885213,8,Bonds,49.45,15.47,85.7,52.0,70.54,Moderately Aggressive
C0292,38,Bank Employee,1,100079,53257,10530,36292,783764,1591577,0,481484,2856825,215088,2641737,61808,0,754,Moderate,Intermediate,6.7,Wealth Creation,1662915,555297,1107618,8,Hybrid MF,36.26,10.52,86.25,60.0,74.44,Moderately Aggressive
C0293,58,Software Engineer,2,76902,43571,3968,29363,512909,1850988,4302457,279018,6945372,616897,6328475,320983,1651281,701,Moderate,Intermediate,5.9,Wealth Creation,7788091,1355828,6432263,7,Gold,38.18,5.16,84.45,60.0,73.45,Moderately Aggressive
C0294,51,Doctor,2,144259,64002,20956,59301,350661,3836159,0,20824,4207644,188651,4018993,445549,5520864,790,Conservative,Beginner,3.2,Buy House,7898141,1325936,6572205,9,Bonds,41.11,14.53,89.3,4.0,50.91,Moderate
C0295,40,Doctor,3,164505,89623,0,74882,1045723,974469,7557369,118911,9696472,2420520,7275952,629444,3577596,697,Moderate,Beginner,5.5,Child Education,4279968,1045723,3234245,5,Gold,45.52,0.0,89.15,44.0,68.83,Moderately Aggressive
C0296,27,Software Engineer,4,93603,65754,13187,14662,558454,386089,3313855,276048,4534446,2324001,2210445,179691,2027895,687,Conservative,Intermediate,3.0,Retirement,6744792,558454,6186338,5,Bonds,15.66,14.09,62.1,15.0,40.91,Moderately Conservative
C0297,57,Sales Executive,0,70551,27752,0,42799,544004,1974213,3864072,223963,6606252,1440987,5165265,104430,0,740,Conservative,Intermediate,3.7,Child Education,3512292,1421730,2090562,5,Debt MF,60.66,0.0,86.6,12.0,53.03,Moderate
C0298,47,Teacher,3,48463,20548,2335,25580,231844,998459,3215131,84016,4529450,890123,3639327,159267,1362988,737,Aggressive,Beginner,8.4,Wealth Creation,1940118,205412,1734706,7,ETF,52.78,4.82,88.1,87.0,87.6,Aggressive
C0299,28,Teacher,1,57340,20264,6149,30927,126760,1465700,1374520,195023,3162003,176122,2985881,80755,1316690,746,Moderate,Intermediate,6.4,Child Education,4045748,1439191,2606557,8,Gold,53.94,10.72,88.75,52.0,72.21,Moderately Aggressive
C0300,34,Software Engineer,0,64446,23906,2999,37541,390520,1492704,0,235729,2118953,97188,2021765,152618,884816,687,Conservative,Intermediate,4.0,Higher Education,3869357,1264940,2604417,11,Bonds,58.25,4.65,95.85,12.0,58.12,Moderate
C0301,35,Doctor,1,119661,48012,22851,48798,378114,2703746,0,563757,3645617,183758,3461859,242845,6216869,696,Aggressive,Intermediate,9.7,Child Education,5447981,603617,4844364,6,Equity,40.78,19.1,88.9,87.0,88.05,Aggressive
C0302,27,Sales Executive,3,50327,32827,3165,14335,194459,724598,6926731,171452,8017240,2523754,5493486,232844,1077738,737,Moderate,Intermediate,6.3,Wealth Creation,4544744,436025,4108719,7,Gold,28.48,6.29,78.1,60.0,69.95,Moderately Aggressive
C0303,53,Accountant,1,93444,40116,13099,40229,279841,2058894,0,316858,2655593,498443,2157150,303474,5479676,750,Conservative,Beginner,2.5,Child Education,3414183,298267,3115916,12,PPF,43.05,14.02,88.8,4.0,50.64,Moderate
C0304,54,Freelancer,1,138860,86203,15722,36935,1366385,881814,1675000,535029,4458228,826979,3631249,382548,1760698,670,Conservative,Intermediate,4.0,Child Education,5069971,1366385,3703586,11,Debt MF,26.6,11.32,75.85,12.0,47.12,Moderately Conservative
C0305,24,Business Owner,2,117105,75490,14334,27281,859684,1579646,5862959,306346,8608635,2277686,6330949,433695,6629681,753,Aggressive,Advanced,10.0,Buy House,8782848,1579646,7203202,7,Equity MF,23.3,12.24,77.4,95.0,85.32,Aggressive
C0306,21,Business Owner,2,135178,52516,19853,62809,296518,3088594,0,475251,3860363,835988,3024375,213776,5721626,752,Moderate,Intermediate,6.3,Retirement,3195954,1213069,1982885,13,Gold,46.46,14.69,89.0,55.0,73.7,Moderately Aggressive
C0307,34,Designer,2,26046,15701,4931,5414,295667,376902,3910892,6018,4589479,1681093,2908386,106970,1364382,700,Conservative,Beginner,3.3,Child Education,3239752,376902,2862850,14,PPF,20.79,18.93,78.65,4.0,45.06,Moderately Conservative
C0308,51,Accountant,4,46255,26239,10460,9556,293470,1369822,0,95960,1759252,297382,1461870,153722,1338195,687,Moderate,Advanced,7.5,Buy House,9307139,1369822,7937317,13,Equity MF,20.66,22.61,75.1,60.0,68.31,Moderately Aggressive
C0309,58,Government Employee,4,48193,31677,7347,9169,197308,1347799,2655410,251427,4451944,873105,3578839,142170,0,707,Moderate,Intermediate,6.0,Retirement,3087657,195382,2892275,13,Equity MF,19.03,15.24,69.05,55.0,62.73,Moderate
C0310,40,Bank Employee,3,77699,45670,10353,21676,448966,814280,0,457814,1721060,25131,1695929,245495,4198772,723,Moderate,Intermediate,7.0,Travel,1493253,132303,1360950,6,Bonds,27.9,13.32,78.15,55.0,67.73,Moderate
C0311,23,Freelancer,3,64960,34809,8213,21938,304863,1742232,3877841,147798,6072734,781864,5290870,229754,0,706,Moderate,Beginner,6.5,Wealth Creation,3496122,251734,3244388,12,Equity MF,33.77,12.64,91.0,52.0,73.45,Moderately Aggressive
C0312,55,Designer,0,92142,44594,0,47548,751775,2327027,0,264281,3343083,0,3343083,247872,4655955,678,Moderate,Intermediate,6.6,Travel,279479,83724,195755,9,Bonds,51.6,0.0,92.7,55.0,75.74,Moderately Aggressive
C0313,53,Government Employee,0,81172,41093,7977,32102,162868,1274262,0,56002,1493132,317874,1175258,113394,2049769,832,Conservative,Advanced,4.7,Emergency Fund,681585,54882,626703,10,FD,39.55,9.83,81.0,11.0,49.5,Moderate
C0314,35,Bank Employee,4,62753,38771,4592,19390,493808,899981,4542613,29833,5966235,2084790,3881445,253282,931558,671,Conservative,Beginner,3.5,Retirement,7739647,899981,6839666,10,PPF,30.9,7.32,84.7,7.0,49.74,Moderate
C0315,23,Software Engineer,0,90277,45078,4649,40550,754292,844594,5075760,468531,7143177,130161,7013016,108500,1693125,770,Conservative,Intermediate,3.9,Higher Education,4134042,844594,3289448,9,PPF,44.92,5.15,97.2,12.0,58.86,Moderate
C0316,48,Designer,3,71533,57226,15344,0,745699,1375646,0,489580,2610925,105421,2505504,306956,3890645,687,Conservative,Beginner,2.7,Emergency Fund,743345,294235,449110,6,PPF,0.0,21.45,57.95,0.0,31.87,Moderately Conservative
C0317,47,Government Employee,0,100562,42698,3844,54020,416025,1889503,4686296,392288,7384112,1995806,5388306,107342,0,688,Moderate,Intermediate,7.2,Wealth Creation,6687332,1889503,4797829,15,Bonds,53.72,3.82,93.7,60.0,78.53,Moderately Aggressive
C0318,53,Freelancer,0,69075,31001,12161,25913,530210,827740,942713,221331,2521994,745489,1776505,222298,840881,687,Conservative,Advanced,4.5,Retirement,9330648,827740,8502908,11,PPF,37.51,17.61,78.0,23.0,53.25,Moderate
C0319,39,Software Engineer,2,58400,30532,6018,21850,401802,1172753,4416020,352084,6342659,1281621,5061038,50739,2358644,744,Moderate,Intermediate,5.9,Child Education,3890451,644305,3246146,7,Hybrid MF,37.41,10.3,80.3,52.0,67.56,Moderate
C0320,53,Software Engineer,4,107740,66334,10952,30454,378768,2250860,0,251054,2880682,84858,2795824,237163,3561606,752,Aggressive,Advanced,10.0,Buy House,6073991,1637375,4436616,8,Equity,28.27,10.17,75.0,95.0,84.0,Moderately Aggressive
C0321,51,Accountant,2,67513,38169,10873,18471,408865,1119743,0,256207,1784815,380905,1403910,208397,2213774,679,Moderate,Intermediate,6.8,Emergency Fund,319638,38853,280785,9,Gold,27.36,16.11,76.3,43.0,61.32,Moderate
C0322,24,Bank Employee,0,73793,33675,5310,34808,802003,1979706,1133316,501523,4416548,585085,3831463,229275,2395928,692,Moderate,Intermediate,6.3,Wealth Creation,4919104,258809,4660295,6,Bonds,47.17,7.2,94.4,60.0,78.92,Moderately Aggressive
C0323,52,Software Engineer,0,89066,32063,3664,53339,964392,2164168,0,324547,3453107,77729,3375378,254000,0,772,Moderate,Beginner,6.2,Child Education,5838072,1206357,4631715,12,Gold,59.89,4.11,95.95,44.0,72.57,Moderately Aggressive
C0324,48,Bank Employee,2,69309,33278,14698,21333,433141,331066,3296462,504610,4565279,1287570,3277709,221521,2256490,753,Aggressive,Advanced,9.9,Buy House,3899448,254336,3645112,5,Equity,30.78,21.21,74.95,95.0,83.97,Moderately Aggressive
C0325,36,Teacher,4,48635,29237,9937,9461,478658,752217,4898221,348119,6477215,478769,5998446,60657,1016142,781,Moderate,Beginner,5.7,Wealth Creation,1826469,685307,1141162,14,Equity MF,19.45,20.43,75.35,52.0,64.84,Moderate
C0326,48,Designer,0,106230,39803,14981,51446,1229153,926051,2555682,9535,4720421,961040,3759381,298340,1596035,668,Moderate,Intermediate,6.8,Retirement,6895516,1229153,5666363,5,Bonds,48.43,14.1,83.95,55.0,70.92,Moderately Aggressive
C0327,35,Government Employee,3,61912,36804,11780,13328,287901,1096072,7296355,312745,8993073,1315846,7677227,96037,0,764,Moderate,Intermediate,7.1,Wealth Creation,7765427,1096072,6669355,14,Gold,21.53,19.03,80.5,60.0,71.28,Moderately Aggressive
C0328,42,Sales Executive,2,55445,26217,6369,22859,468422,485274,0,175695,1129391,19256,1110135,43243,0,691,Conservative,Beginner,2.4,Retirement,3913143,400417,3512726,15,Bonds,41.23,11.49,93.45,7.0,54.55,Moderate
C0329,51,Doctor,0,175431,63367,26140,85924,1494031,4746895,0,1045851,7286777,1033987,6252790,203585,0,700,Moderate,Beginner,5.8,Buy House,9002219,1844724,7157495,15,Bonds,48.98,14.9,92.1,44.0,70.45,Moderately Aggressive
C0330,41,Accountant,2,46749,18124,5114,23511,233706,206252,1995227,207129,2642314,339371,2302943,42035,734373,758,Moderate,Intermediate,7.0,Wealth Creation,5861887,233706,5628181,13,Equity MF,50.29,10.94,93.6,60.0,78.48,Moderately Aggressive
C0331,52,Government Employee,2,75320,33431,5387,36502,785631,1919035,4226181,328271,7259118,347579,6911539,128831,1489767,826,Aggressive,Intermediate,9.2,Buy House,8580684,1823113,6757571,15,ETF,48.46,7.15,95.95,87.0,91.92,Aggressive
C0332,27,Designer,2,74271,34089,5567,34615,631222,1045752,0,79942,1756916,134628,1622288,194474,1202522,745,Conservative,Beginner,3.6,Retirement,9074135,1045752,8028383,11,Bonds,46.61,7.5,96.9,7.0,56.45,Moderate
C0333,53,Business Owner,4,100554,60425,11577,28552,1090999,1947919,0,247310,3286228,238904,3047324,441260,3706563,670,Moderate,Beginner,6.0,Wealth Creation,1545455,493973,1051482,5,Bonds,28.39,11.51,76.2,52.0,65.31,Moderate
C0334,28,Software Engineer,2,81479,48442,14839,18198,869352,817009,0,250035,1936396,353287,1583109,250727,0,790,Conservative,Beginner,2.6,Wealth Creation,5474655,869352,4605303,6,PPF,22.33,18.21,76.95,12.0,47.72,Moderately Conservative
C0335,34,Government Employee,2,82745,55079,6009,21657,592551,1594945,6310988,333634,8832118,502452,8329666,318039,3391090,683,Moderate,Intermediate,6.5,Retirement,8162092,1594945,6567147,12,Equity MF,26.17,7.26,88.65,55.0,73.51,Moderately Aggressive
C0336,45,Freelancer,1,95323,54596,14400,26327,860994,763433,0,503351,2127778,552113,1575665,167034,5219238,663,Conservative,Intermediate,3.3,Buy House,8160338,860994,7299344,11,Bonds,27.62,15.11,77.2,12.0,47.86,Moderately Conservative
C0337,52,Freelancer,1,85444,41613,15490,28341,275734,2117620,0,319171,2712525,719555,1992970,162667,0,667,Aggressive,Intermediate,9.1,Child Education,2317078,237540,2079538,10,Equity MF,33.17,18.13,77.15,87.0,81.58,Moderately Aggressive
C0338,48,Software Engineer,1,73206,47237,3594,22375,849233,1398515,1258941,374464,3881153,516899,3364254,189643,0,789,Moderate,Beginner,5.4,Retirement,4370046,1245239,3124807,11,Gold,30.56,4.91,88.75,47.0,69.96,Moderately Aggressive
C0339,22,Doctor,2,155231,76467,4847,73917,976102,3184300,2166057,946816,7273275,1087095,6186180,337977,0,721,Moderate,Intermediate,6.5,Wealth Creation,1695177,641982,1053195,9,Hybrid MF,47.62,3.12,97.2,60.0,80.46,Moderately Aggressive
C0340,37,Sales Executive,1,50068,20210,7299,22559,262890,507998,0,271335,1042223,322555,719668,55442,942669,746,Aggressive,Intermediate,10.0,Emergency Fund,572360,105531,466829,7,ETF,45.06,14.58,82.6,78.0,80.53,Moderately Aggressive
C0341,47,Designer,2,87180,43273,12882,31025,418319,656562,0,26920,1101801,52299,1049502,66822,2395261,784,Moderate,Advanced,6.6,Buy House,7121550,656562,6464988,8,Equity MF,35.59,14.78,80.9,60.0,71.5,Moderately Aggressive
C0342,22,Software Engineer,0,113077,55003,10884,47190,631465,451890,0,879842,1963197,224559,1738638,108934,5790999,692,Aggressive,Intermediate,10.0,Wealth Creation,1590821,560922,1029899,7,ETF,41.73,9.63,94.4,95.0,94.67,Aggressive
C0343,28,Business Owner,3,140954,66838,14482,59634,1027891,1057420,5589217,56369,7730897,3171943,4558954,195099,3506969,718,Moderate,Intermediate,5.8,Retirement,9948230,1057420,8890810,14,Gold,42.31,10.27,89.55,55.0,74.0,Moderately Aggressive
C0344,58,Designer,3,93715,61401,18843,13471,628945,1207194,0,187578,2023717,395703,1628014,139612,4279384,768,Moderate,Intermediate,5.8,Retirement,5191435,696075,4495360,6,Gold,14.37,20.11,63.45,55.0,59.65,Moderate
C0345,40,Government Employee,2,80101,30495,9546,40060,463481,2204823,0,565782,3234086,296753,2937333,219702,4617517,708,Conservative,Intermediate,3.5,Retirement,9017442,2204823,6812619,9,Debt MF,50.01,11.92,90.95,15.0,56.77,Moderate
C0346,57,Teacher,3,53040,30518,5434,17088,316708,1280205,5611359,289346,7497618,1592731,5904887,199270,2330266,793,Moderate,Intermediate,7.0,Higher Education,2447159,321704,2125455,6,Equity MF,32.22,10.25,77.6,52.0,66.08,Moderate
C0347,41,Accountant,1,93512,39869,5295,48348,659594,846102,7482133,123001,9110830,508374,8602456,102026,1274845,755,Conservative,Intermediate,3.1,Child Education,4279581,846102,3433479,6,PPF,51.7,5.66,92.0,12.0,56.0,Moderate
C0348,46,Business Owner,3,148025,85193,30508,32324,1223982,526134,1806515,1096073,4652704,1432907,3219797,287114,0,704,Aggressive,Intermediate,9.4,Wealth Creation,6976572,1223982,5752590,7,Stocks,21.84,20.61,67.25,95.0,79.74,Moderately Aggressive
C0349,51,Bank Employee,1,72601,29537,8257,34807,265400,677366,6261890,418619,7623275,2564737,5058538,178185,0,625,Moderate,Beginner,6.2,Emergency Fund,342894,26238,316656,9,Gold,47.94,11.37,83.3,35.0,61.57,Moderate
C0350,40,Freelancer,4,52039,33359,9241,9439,406245,1423175,3417338,260402,5507160,2045147,3462013,98516,1680189,695,Moderate,Intermediate,6.0,Retirement,8697660,587078,8110582,13,Hybrid MF,18.14,17.76,72.75,55.0,64.76,Moderate
C0351,26,Software Engineer,1,89907,34344,14925,40638,1022720,1057801,3378419,409050,5867990,2325940,3542050,59353,4589119,698,Moderate,Beginner,5.5,Buy House,7016779,1057801,5958978,15,Bonds,45.2,16.6,89.85,44.0,69.22,Moderately Aggressive
C0352,35,Bank Employee,2,96922,37335,2197,57390,1139202,1764050,0,664657,3567909,65873,3502036,292708,4361444,654,Aggressive,Intermediate,9.0,Wealth Creation,7803954,1450319,6353635,15,Equity,59.21,2.27,98.5,95.0,96.93,Aggressive
C0353,21,Freelancer,1,82652,28980,16567,37105,936684,1312195,3947629,523048,6719556,2583665,4135891,88292,0,680,Moderate,Advanced,6.9,Retirement,6879065,1312195,5566870,15,Gold,44.89,20.04,86.0,63.0,75.65,Moderately Aggressive
C0354,46,Sales Executive,2,51527,20137,6757,24633,224247,903493,0,277439,1405179,123149,1282030,53485,1260245,807,Conservative,Beginner,2.3,Retirement,6807372,903493,5903879,15,FD,47.81,13.11,92.85,7.0,54.22,Moderate
C0355,49,Doctor,1,132661,56405,22783,53473,447947,3600995,0,488941,4537883,166157,4371726,385476,0,830,Conservative,Beginner,3.1,Retirement,5921089,1690273,4230816,10,FD,40.31,17.17,89.6,7.0,52.43,Moderate
C0356,22,Government Employee,3,81329,58462,17918,4949,486560,947167,0,283485,1717212,249714,1467498,352035,0,747,Conservative,Beginner,3.4,Retirement,6286797,947167,5339630,5,FD,6.09,22.03,66.4,7.0,39.67,Moderately Conservative
C0357,42,Software Engineer,3,137625,86509,9193,41923,1279708,2477389,630015,360381,4747493,644283,4103210,687103,1725621,749,Aggressive,Intermediate,9.0,Wealth Creation,3673652,1062562,2611090,6,Equity MF,30.46,6.68,86.85,95.0,90.52,Aggressive
C0358,49,Bank Employee,0,63725,25786,0,37939,330389,1021399,0,367252,1719040,0,1719040,93092,2606237,777,Moderate,Advanced,6.5,Child Education,4755740,810877,3944863,13,Bonds,59.54,0.0,96.4,60.0,80.02,Moderately Aggressive
C0359,29,Business Owner,2,151530,79538,7379,64613,1023527,3059371,0,906386,4989284,54268,4935016,256022,6593368,717,Moderate,Beginner,5.3,Child Education,1467222,488951,978271,8,Bonds,42.64,4.87,96.6,44.0,72.93,Moderately Aggressive
C0360,41,Doctor,3,150747,92545,16197,42005,1021280,3630494,0,1046333,5698107,188534,5509573,313784,7975309,779,Moderate,Beginner,6.3,Emergency Fund,365761,55138,310623,8,Equity MF,27.86,10.74,80.8,35.0,60.19,Moderate
C0361,52,Business Owner,1,137681,86109,20430,31142,321336,1439773,0,116389,1877498,708879,1168619,200433,0,691,Conservative,Advanced,3.9,Wealth Creation,1940901,414692,1526209,8,PPF,22.62,14.84,69.15,28.0,50.63,Moderate
C0362,52,Designer,2,52911,30840,2930,19141,594354,759540,6895700,54420,8304014,1290107,7013907,194190,1388257,782,Aggressive,Intermediate,9.8,Buy House,5621989,759540,4862449,14,Stocks,36.18,5.54,90.95,87.0,89.17,Aggressive
C0363,60,Doctor,0,180458,82617,8497,89344,538890,1400028,0,196981,2135899,254481,1881418,302956,6440391,730,Aggressive,Beginner,9.1,Travel,1115935,440645,675290,10,ETF,49.51,4.71,87.95,82.0,85.27,Aggressive
C0364,46,Bank Employee,1,64226,32481,879,30866,177372,246139,2972299,21169,3416979,925529,2491450,65251,0,699,Aggressive,Intermediate,8.8,Wealth Creation,7871410,246139,7625271,14,Equity MF,48.06,1.37,89.85,95.0,92.17,Aggressive
C0365,33,Accountant,2,27669,13609,7428,6632,214104,339496,0,56491,610091,261699,348392,90651,968735,719,Conservative,Advanced,4.4,Retirement,7178363,339496,6838867,7,PPF,23.97,26.85,69.2,23.0,48.41,Moderate
C0366,23,Government Employee,3,60442,40575,0,19867,356039,677980,0,50705,1084724,0,1084724,192728,3196960,754,Aggressive,Intermediate,9.6,Retirement,3980661,677980,3302681,13,Stocks,32.87,0.0,95.0,90.0,92.75,Aggressive
C0367,52,Government Employee,0,70408,35552,11359,23497,567151,2043993,0,206630,2817774,251447,2566327,216449,2031151,737,Conservative,Advanced,3.8,Retirement,9056719,1234914,7821805,11,FD,33.37,16.13,84.15,23.0,56.63,Moderate
C0368,53,Software Engineer,3,31186,14845,1326,15015,200511,846608,0,140963,1188082,13531,1174551,48725,0,739,Aggressive,Intermediate,9.6,Emergency Fund,864848,287109,577739,5,Equity MF,48.15,4.25,90.2,78.0,84.71,Aggressive
C0369,53,Software Engineer,1,162055,49900,20143,92012,1237061,1558975,0,245898,3041934,639541,2402393,157005,2211542,713,Aggressive,Beginner,9.7,Higher Education,3903914,1113683,2790231,6,ETF,56.78,12.43,83.2,79.0,81.31,Moderately Aggressive
C0370,33,Business Owner,3,118820,66532,21685,30603,629194,704229,7283329,298206,8914958,4506518,4408440,138519,5240532,721,Moderate,Beginner,6.6,Travel,823589,250842,572747,10,Bonds,25.76,18.25,69.0,47.0,59.1,Moderate
C0371,26,Bank Employee,0,67057,25844,7588,33625,377844,1927453,5892610,225014,8422921,1833883,6589038,147162,1236966,724,Moderate,Intermediate,5.9,Retirement,5283050,1494668,3788382,15,Gold,50.14,11.32,92.85,55.0,75.82,Moderately Aggressive
C0372,24,Accountant,3,60584,30296,7291,22997,557152,890261,0,305856,1753269,147541,1605728,195637,1088086,706,Moderate,Beginner,5.6,Wealth Creation,7273582,890261,6383321,13,Bonds,37.96,12.03,91.0,52.0,73.45,Moderately Aggressive
C0373,58,Government Employee,3,65525,24372,11140,30013,409639,534621,5555015,322349,6821624,1353053,5468571,188187,1759802,739,Conservative,Intermediate,3.2,Buy House,4044998,534621,3510377,12,Bonds,45.8,17.0,88.05,12.0,53.83,Moderate
C0374,26,Teacher,0,63506,29446,7300,26760,653264,1634895,0,484682,2772841,234608,2538233,117354,2644246,670,Aggressive,Intermediate,9.9,Child Education,2911993,1189726,1722267,8,Equity,42.14,11.49,93.05,87.0,90.33,Aggressive
C0375,23,Government Employee,2,59858,23970,10653,25235,375426,1546412,0,471031,2392869,445699,1947170,171633,2210222,778,Conservative,Intermediate,4.2,Child Education,1780883,723541,1057342,11,Bonds,42.16,17.8,90.2,12.0,55.01,Moderate
C0376,47,Doctor,2,127288,81315,10113,35860,514723,2297452,710424,811901,4334500,471542,3862958,241015,0,790,Conservative,Intermediate,3.9,Wealth Creation,1972786,133711,1839075,13,FD,28.17,7.94,82.7,20.0,54.49,Moderate
C0377,60,Teacher,1,48782,19365,1764,27653,553209,288819,1577710,139336,2559074,773312,1785762,79891,0,763,Aggressive,Beginner,9.6,Retirement,7114417,356898,6757519,12,Stocks,56.69,3.62,88.75,82.0,85.71,Aggressive
C0378,40,Government Employee,2,80197,46233,5919,28045,949908,2366651,5607781,607179,9531519,321276,9210243,282799,4544937,737,Moderate,Advanced,6.6,Wealth Creation,4342373,615518,3726855,15,Hybrid MF,34.97,7.38,92.75,68.0,81.61,Moderately Aggressive
C0379,38,Teacher,2,47634,20700,10901,16033,494820,150711,0,104947,750478,293466,457012,122336,584741,717,Aggressive,Beginner,9.6,Wealth Creation,6294187,494820,5799367,15,Equity MF,33.66,22.88,79.05,87.0,82.63,Moderately Aggressive
C0380,40,Bank Employee,1,80100,36363,9573,34164,602413,2005369,6654241,69623,9331646,2495697,6835949,153244,4584565,769,Conservative,Intermediate,3.2,Wealth Creation,4731783,298792,4432991,6,Debt MF,42.65,11.95,85.15,20.0,55.83,Moderate
C0381,50,Teacher,1,79467,33958,8357,37152,426699,1062181,0,64435,1553315,376366,1176949,59898,4566074,711,Conservative,Intermediate,3.0,Wealth Creation,5769294,1062181,4707113,15,FD,46.75,10.52,89.25,20.0,58.09,Moderate
C0382,30,Teacher,3,62229,33104,11246,17879,312954,1790528,2766145,3773,4873400,1616233,3257167,237596,2067150,708,Moderate,Intermediate,5.9,Child Education,4096231,1076377,3019854,6,Gold,28.73,18.07,73.65,52.0,63.91,Moderate
C0383,43,Sales Executive,3,56377,33544,3229,19604,419237,1634828,1560769,121294,3736128,769935,2966193,140608,2958661,687,Moderate,Beginner,5.6,Wealth Creation,6405632,1072801,5332831,15,Equity MF,34.77,5.73,89.3,52.0,72.52,Moderately Aggressive
C0384,23,Doctor,4,119237,71040,9695,38502,1161707,2841829,0,111855,4115391,323194,3792197,206974,0,740,Moderate,Intermediate,5.9,Retirement,4137134,265280,3871854,13,Hybrid MF,32.29,8.13,95.0,55.0,77.0,Moderately Aggressive
C0385,29,Bank Employee,4,64545,43511,6224,14810,718633,693284,7719318,63516,9194751,4436647,4758104,280665,1983749,738,Conservative,Beginner,3.4,Retirement,7179366,718633,6460733,7,FD,22.95,9.64,77.8,7.0,45.94,Moderately Conservative
C0386,39,Freelancer,4,95601,69500,9920,16181,607588,346483,0,711623,1665694,191518,1474176,87653,0,715,Aggressive,Beginner,9.7,Travel,508140,83384,424756,6,Stocks,16.93,10.38,69.3,82.0,75.02,Moderately Aggressive
C0387,56,Bank Employee,4,93672,56272,12038,25362,798127,2786376,0,184470,3768973,508096,3260877,293515,4946295,716,Aggressive,Beginner,8.9,Retirement,3191552,593689,2597863,14,Equity MF,27.08,12.85,81.35,82.0,81.64,Moderately Aggressive
C0388,60,Business Owner,3,125001,70410,15914,38677,769786,3436314,2161300,46819,6414219,1591329,4822890,324836,6075398,681,Conservative,Beginner,2.8,Retirement,7539134,2636808,4902326,11,PPF,30.94,12.73,79.95,7.0,47.12,Moderately Conservative
C0389,47,Business Owner,2,116658,68184,18715,29759,773317,1835897,762283,587216,3958713,525548,3433165,262339,0,691,Moderate,Advanced,7.4,Retirement,3245574,1077963,2167611,6,Bonds,25.51,16.04,77.1,63.0,70.75,Moderately Aggressive
C0390,48,Government Employee,0,61053,25438,11586,24029,274153,1512790,0,262299,2049242,316079,1733163,84645,976425,638,Moderate,Intermediate,6.5,Retirement,6714697,1512790,5201907,9,Equity MF,39.36,18.98,84.75,55.0,71.36,Moderately Aggressive
C0391,28,Business Owner,1,149471,60244,6332,82895,1512531,2182338,7373880,163792,11232541,3830866,7401675,65206,1892662,679,Conservative,Beginner,3.1,Travel,1142261,271279,870982,5,Debt MF,55.46,4.24,87.95,7.0,51.52,Moderate
C0392,28,Business Owner,4,124927,84992,15384,24551,1149564,2113879,0,528726,3792169,266682,3525487,336198,4529941,771,Aggressive,Intermediate,10.0,Buy House,9881995,2113879,7768116,11,Equity,19.65,12.31,77.75,87.0,81.91,Moderately Aggressive
C0393,38,Designer,4,100006,64609,16145,19252,876873,1656259,0,355535,2888667,465624,2423043,445773,5407470,727,Moderate,Intermediate,5.8,Child Education,5328842,1564321,3764521,11,Equity MF,19.25,16.14,76.25,52.0,65.34,Moderate
C0394,41,Teacher,3,79909,40429,3597,35883,681301,618583,7788895,289188,9377967,4303650,5074317,102232,4024327,759,Conservative,Intermediate,3.3,Child Education,4142059,681301,3460758,14,FD,44.9,4.5,91.6,12.0,55.78,Moderate
C0395,33,Designer,0,65623,26739,14950,23934,617816,1025099,0,54498,1697413,323857,1373556,126125,2313772,657,Moderate,Intermediate,7.1,Retirement,7643417,517671,7125746,14,Equity MF,36.47,22.78,82.8,55.0,70.29,Moderately Aggressive
C0396,47,Doctor,3,186652,111352,43387,31913,2036431,2921971,0,1288703,6247105,1805212,4441893,357766,2679580,691,Moderate,Advanced,7.0,Buy House,8288766,2921971,5366795,13,Bonds,17.1,23.24,67.7,60.0,64.24,Moderate
C0397,60,Sales Executive,0,65708,35715,2255,27738,713885,1801856,3562359,373056,6451156,148582,6302574,155039,3528064,705,Conservative,Intermediate,3.3,Travel,314517,129501,185016,7,PPF,42.21,3.43,89.15,15.0,55.78,Moderate
C0398,36,Sales Executive,3,75897,35990,15377,24530,782326,1613521,0,520068,2915915,40716,2875199,136750,4203504,744,Conservative,Beginner,2.6,Buy House,7761117,1613521,6147596,14,Debt MF,32.32,20.26,85.35,4.0,48.74,Moderate
C0399,60,Software Engineer,1,84061,44365,3064,36632,937725,1661861,1213550,350705,4163841,468991,3694850,203836,4065690,699,Aggressive,Beginner,8.5,Retirement,8830436,1661861,7168575,14,Stocks,43.58,3.64,94.75,82.0,89.01,Aggressive
C0400,29,Accountant,0,67970,20119,7887,39964,252942,1440976,6047442,512811,8254171,2585476,5668695,117147,859972,800,Moderate,Advanced,7.1,Retirement,8230257,978777,7251480,15,Gold,58.8,11.6,89.4,63.0,77.52,Moderately Aggressive
C0401,47,Government Employee,0,53007,23833,4075,25099,624015,1019500,0,168951,1812466,63166,1749300,38573,1266018,840,Moderate,Beginner,6.0,Buy House,3527363,795797,2731566,15,Equity MF,47.35,7.69,96.7,44.0,72.99,Moderately Aggressive
C0402,37,Designer,0,93754,63663,5050,25041,395851,826723,1614885,527228,3364687,514686,2850001,281148,1562508,782,Conservative,Advanced,3.4,Child Education,5203655,826723,4376932,5,Bonds,26.71,5.39,78.6,20.0,52.23,Moderate
C0403,23,Teacher,4,47640,29454,8841,9345,287453,293220,2215672,380233,3176578,1395664,1780914,219825,793349,668,Aggressive,Intermediate,9.9,Buy House,3057128,293220,2763908,11,Equity MF,19.62,18.56,72.2,87.0,78.86,Moderately Aggressive
C0404,24,Teacher,2,48636,30614,3891,14131,550038,1354931,0,207895,2112864,77164,2035700,244133,1529596,799,Aggressive,Intermediate,9.0,Buy House,5088497,561979,4526518,5,ETF,29.05,8.0,84.4,87.0,85.57,Aggressive
C0405,60,Government Employee,2,41749,22985,4807,13957,140633,991061,0,8354,1140048,20253,1119795,53747,0,731,Conservative,Advanced,4.3,Wealth Creation,5221882,991061,4230821,6,Bonds,33.43,11.51,76.15,28.0,54.48,Moderate
C0406,21,Software Engineer,1,102275,30824,8361,63090,841786,983526,7783406,55268,9663986,1782132,7881854,69206,1976384,676,Aggressive,Intermediate,9.9,Wealth Creation,5722375,983526,4738849,14,ETF,61.69,8.18,97.0,95.0,96.1,Aggressive
C0407,34,Sales Executive,2,74113,40017,18217,15879,778485,1726481,4216251,3461,6724678,970753,5753925,45665,3542338,703,Moderate,Intermediate,7.0,Wealth Creation,3849523,608841,3240682,9,Gold,21.43,24.58,77.85,60.0,69.82,Moderately Aggressive
C0408,28,Designer,3,69338,41242,9563,18533,685164,542248,1450668,309706,2987786,377523,2610263,328642,0,757,Moderate,Beginner,6.1,Higher Education,1597237,685164,912073,15,Equity MF,26.73,13.79,85.55,44.0,66.85,Moderate
C0409,27,Bank Employee,0,102923,41033,12804,49086,854137,2361883,7601195,705962,11523177,3519813,8003364,306625,2355688,713,Moderate,Beginner,5.7,Travel,223890,45469,178421,6,Equity MF,47.69,12.44,84.1,47.0,67.41,Moderate
C0410,50,Sales Executive,2,58678,31481,6405,20792,119013,798360,0,414576,1331949,18014,1313935,218954,2717156,757,Moderate,Intermediate,6.6,Child Education,1256541,288355,968186,10,Equity MF,35.43,10.92,80.45,52.0,67.65,Moderate
C0411,45,Designer,2,105198,61661,12709,30828,542700,338087,6016971,271329,7169087,993041,6176046,439287,3503528,767,Aggressive,Beginner,8.7,Wealth Creation,7569445,542700,7026745,7,Stocks,29.3,12.08,77.4,87.0,81.72,Moderately Aggressive
C0412,59,Bank Employee,3,54035,27574,12305,14156,335791,265172,752233,199549,1552745,760453,792292,88535,2116678,752,Moderate,Intermediate,7.2,Buy House,4624140,335791,4288349,10,Gold,26.2,22.77,68.1,52.0,60.86,Moderate
C0413,36,Doctor,1,120108,73804,32043,14261,653795,1891609,0,509919,3055323,237947,2817376,343497,4196979,762,Conservative,Intermediate,3.3,Child Education,5457585,1370439,4087146,5,FD,11.87,26.68,69.75,12.0,43.76,Moderately Conservative
C0414,31,Designer,1,78347,43388,8331,26628,227685,300637,2067981,125525,2721828,824085,1897743,290189,3464321,707,Conservative,Intermediate,3.0,Retirement,8191576,300637,7890939,11,FD,33.99,10.63,77.3,15.0,49.27,Moderate
C0415,45,Government Employee,2,58309,28685,7969,21655,433429,795944,7701540,277173,9208086,4099062,5109024,80350,3373198,719,Moderate,Beginner,5.7,Buy House,4075687,795944,3279743,10,Gold,37.14,13.67,79.2,44.0,63.36,Moderate
C0416,53,Software Engineer,0,128256,59764,17335,51157,641256,1451453,638674,253306,2984689,253659,2731030,274747,3225515,669,Moderate,Beginner,5.4,Wealth Creation,5613975,1451453,4162522,13,Bonds,39.89,13.52,86.8,52.0,71.14,Moderately Aggressive
C0417,41,Accountant,0,71554,19793,12224,39537,238626,419440,0,79144,737210,560206,177004,33697,0,723,Moderate,Beginner,6.6,Child Education,5427106,419440,5007666,10,Hybrid MF,55.25,17.08,81.8,44.0,64.79,Moderate
C0418,30,Bank Employee,2,81848,48210,15675,17963,903642,1257535,4597637,260111,7018925,1056403,5962522,219698,3113448,706,Aggressive,Intermediate,9.4,Retirement,9297968,1257535,8040433,11,ETF,21.95,19.15,82.45,90.0,85.85,Aggressive
C0419,29,Designer,2,78132,38701,15179,24252,297850,479061,0,388755,1165666,481347,684319,224914,0,626,Aggressive,Beginner,8.5,Retirement,6063316,479061,5584255,8,Equity,31.04,19.43,81.6,82.0,81.78,Moderately Aggressive
C0420,21,Government Employee,0,71877,35166,17417,19294,736542,576331,0,390232,1703105,44923,1658182,104133,1942348,804,Conservative,Intermediate,3.7,Wealth Creation,6301058,736542,5564516,13,Bonds,26.84,24.23,82.0,20.0,54.1,Moderate
C0421,54,Doctor,2,119575,71292,22169,26114,1133273,3350623,0,368802,4852698,431459,4421239,154357,3799052,758,Conservative,Beginner,2.4,Wealth Creation,6306793,417469,5889324,13,Debt MF,21.84,18.54,81.65,12.0,50.31,Moderate
C0422,51,Government Employee,2,64780,33079,13712,17989,706633,967810,0,269318,1943761,65678,1878083,238024,3459752,709,Conservative,Beginner,3.5,Wealth Creation,6044999,967810,5077189,10,Bonds,27.77,21.17,75.3,12.0,46.81,Moderately Conservative
C0423,41,Software Engineer,4,141450,65606,20438,55406,923641,3043445,0,539925,4507011,786073,3720938,324949,3688573,753,Conservative,Advanced,4.4,Retirement,4216438,1168679,3047759,6,PPF,39.17,14.45,80.0,23.0,54.35,Moderate
C0424,44,Software Engineer,2,98959,55682,21139,22138,275030,2877091,1312536,424317,4888974,1167249,3721725,328242,3003988,765,Moderate,Intermediate,6.6,Emergency Fund,991989,444313,547676,5,Equity MF,22.37,21.36,66.55,43.0,55.95,Moderate
C0425,39,Accountant,3,76701,43970,5862,26869,180220,515205,0,78171,773596,260875,512721,193296,1939729,769,Moderate,Intermediate,7.2,Retirement,7291355,515205,6776150,7,Bonds,35.03,7.64,77.3,55.0,67.27,Moderate
C0426,41,Freelancer,1,85203,33167,12267,39769,490262,1093399,0,478431,2062092,534362,1527730,59967,2746525,755,Conservative,Intermediate,3.7,Wealth Creation,3959677,1093399,2866278,7,Bonds,46.68,14.4,85.0,20.0,55.75,Moderate
C0427,45,Software Engineer,1,135407,75602,10927,48878,1171864,3498714,0,762024,5432602,171014,5261588,104779,0,850,Moderate,Intermediate,6.1,Wealth Creation,2642188,450161,2192027,15,Hybrid MF,36.1,8.07,92.0,60.0,77.6,Moderately Aggressive
C0428,40,Freelancer,4,93464,51319,19991,22154,1076787,543930,0,340146,1960863,583450,1377413,359775,0,753,Moderate,Beginner,6.3,Buy House,9432671,1076787,8355884,14,Bonds,23.7,21.39,73.75,44.0,60.36,Moderate
C0429,46,Bank Employee,1,85136,44073,13504,27559,193990,1727681,0,385498,2307169,342439,1964730,208929,3798009,773,Moderate,Beginner,5.5,Retirement,7777402,1727681,6049721,5,Hybrid MF,32.37,15.86,78.25,47.0,64.19,Moderate
C0430,27,Designer,4,89924,66579,19189,4156,1052877,2290648,2504559,390589,6238673,776486,5462187,470944,2876204,673,Aggressive,Intermediate,10.0,Wealth Creation,1587119,502046,1085073,7,Equity MF,4.62,21.34,66.1,95.0,79.1,Moderately Aggressive
C0431,23,Accountant,0,73076,44727,7048,21301,247084,433697,4679669,271005,5631455,1837140,3794315,323780,1640175,695,Moderate,Intermediate,6.5,Child Education,1606287,95832,1510455,10,Equity MF,29.15,9.64,81.2,52.0,68.06,Moderately Aggressive
C0432,60,Accountant,3,66063,42605,12560,10898,136933,1731338,0,119945,1988216,14541,1973675,256844,3237491,732,Aggressive,Beginner,8.7,Travel,556891,234745,322146,3,Equity,16.5,19.01,63.35,82.0,71.74,Moderately Aggressive
C0433,28,Business Owner,2,153525,74350,21608,57567,1346391,3526887,4206389,149961,9229628,1103651,8125977,378940,7729950,774,Moderate,Intermediate,6.6,Travel,1321575,538424,783151,3,Bonds,37.5,14.07,82.15,55.0,69.93,Moderately Aggressive
C0434,50,Bank Employee,3,51219,25413,10954,14852,249027,857122,3598997,172130,4877276,987360,3889916,37634,0,681,Moderate,Beginner,5.7,Travel,652935,60863,592072,8,Gold,29.0,21.39,68.45,47.0,58.8,Moderate
C0435,31,Teacher,1,48745,21608,4266,22871,375068,1409727,2971173,335285,5091253,957233,4134020,120438,0,720,Moderate,Beginner,5.8,Higher Education,824580,95385,729195,9,Gold,46.92,8.75,93.3,44.0,71.12,Moderately Aggressive
C0436,28,Bank Employee,0,48697,16795,4910,26992,479882,809739,1993533,119424,3402578,849330,2553248,44656,2121266,740,Conservative,Intermediate,3.8,Wealth Creation,6255268,809739,5445529,12,FD,55.43,10.08,92.55,20.0,59.9,Moderate
C0437,57,Business Owner,4,120675,62715,10333,47627,749190,2812064,3172242,621279,7354775,1372659,5982116,247821,0,758,Moderate,Intermediate,6.2,Retirement,8226735,1761393,6465342,8,Bonds,39.47,8.56,84.4,55.0,71.17,Moderately Aggressive
C0438,37,Sales Executive,2,54928,29277,12235,13416,399994,1565318,0,131346,2096658,284594,1812064,78047,0,728,Conservative,Intermediate,4.0,Wealth Creation,3511075,1106678,2404397,9,Debt MF,24.42,22.27,77.4,20.0,51.57,Moderate
C0439,28,Bank Employee,2,37781,20014,2239,15528,184595,200264,5203471,79560,5667890,2035922,3631968,20449,2098343,717,Conservative,Beginner,2.7,Retirement,7869932,200264,7669668,5,Bonds,41.1,5.93,83.95,7.0,49.32,Moderate
C0440,50,Accountant,2,57264,30113,2716,24435,669979,477366,0,127240,1274585,108479,1166106,85917,1870164,750,Conservative,Intermediate,3.0,Retirement,5295207,394176,4901031,14,Debt MF,42.67,4.74,96.25,15.0,59.69,Moderate
C0441,36,Freelancer,2,66951,33757,11157,22037,517995,1856478,5110890,270071,7755434,1560100,6195334,70117,1701572,723,Moderate,Intermediate,6.6,Child Education,3611811,541461,3070350,11,Hybrid MF,32.92,16.66,83.55,52.0,69.35,Moderately Aggressive
C0442,24,Teacher,2,42046,24115,940,16991,250770,1192567,2450053,43794,3937184,643846,3293338,67813,0,687,Conservative,Advanced,4.6,Wealth Creation,5900853,1192567,4708286,7,Debt MF,40.41,2.24,94.4,28.0,64.52,Moderate
C0443,41,Government Employee,4,71311,43825,6132,21354,296168,830879,0,160427,1287474,21658,1265816,131009,3507367,793,Moderate,Intermediate,6.1,Wealth Creation,6095424,830879,5264545,11,Hybrid MF,29.94,8.6,80.8,60.0,71.44,Moderately Aggressive
C0444,54,Freelancer,0,82914,34651,9747,38516,194621,2402050,0,401320,2997991,341862,2656129,184310,1246858,818,Moderate,Intermediate,5.8,Wealth Creation,3013467,670692,2342775,5,Hybrid MF,46.45,11.76,82.05,60.0,72.13,Moderately Aggressive
C0445,60,Business Owner,2,109060,54386,5563,49111,819626,1606562,0,130628,2556816,71756,2485060,274539,3734658,688,Conservative,Intermediate,3.6,Child Education,2143224,858909,1284315,11,Bonds,45.03,5.1,91.95,12.0,55.97,Moderate
C0446,55,Government Employee,2,90809,46429,15833,28547,587586,552838,7803826,288177,9232427,3273138,5959289,84296,5136508,672,Aggressive,Beginner,8.9,Buy House,7386545,547831,6838714,13,Equity MF,31.44,17.44,80.5,79.0,79.83,Moderately Aggressive
C0447,33,Government Employee,3,89591,58328,16421,14842,715404,1045237,0,50504,1811145,60973,1750172,262598,4670409,626,Moderate,Beginner,5.6,Buy House,3761099,566718,3194381,12,Equity MF,16.57,18.33,79.8,44.0,63.69,Moderate
C0448,47,Government Employee,3,90510,40431,18243,31836,794562,1116141,0,115188,2025891,179089,1846802,50074,3729913,635,Moderate,Intermediate,5.9,Wealth Creation,1584682,287781,1296901,5,Bonds,35.17,20.16,78.1,60.0,69.95,Moderately Aggressive
C0449,28,Software Engineer,1,154946,47995,8894,98057,1562479,2541833,0,1170943,5275255,168977,5106278,143256,4238518,801,Conservative,Intermediate,3.6,Buy House,5382270,273672,5108598,9,Bonds,63.28,5.74,96.75,12.0,58.61,Moderate
C0450,49,Software Engineer,3,95518,63511,12326,19681,467514,840996,0,396544,1705054,117784,1587270,408233,0,702,Moderate,Intermediate,6.4,Retirement,4650869,840996,3809873,7,Gold,20.6,12.9,76.8,55.0,66.99,Moderate
C0451,36,Designer,1,74143,28343,12769,33031,321038,538028,4460892,55506,5375464,1540824,3834640,75812,3733353,694,Moderate,Intermediate,6.1,Retirement,8806709,538028,8268681,14,Equity MF,44.55,17.22,88.35,55.0,73.34,Moderately Aggressive
C0452,25,Bank Employee,1,39468,19709,7550,12209,402768,396692,5679730,75157,6554347,3163426,3390921,53497,1316058,639,Aggressive,Beginner,8.8,Wealth Creation,6239805,402768,5837037,8,ETF,30.93,19.13,82.2,87.0,84.36,Aggressive
C0453,57,Government Employee,4,80359,46213,13126,21020,356688,2158769,0,525695,3041152,296853,2744299,201292,0,792,Moderate,Intermediate,5.8,Child Education,4487967,479041,4008926,10,Equity MF,26.16,16.33,78.4,52.0,66.52,Moderate
C0454,60,Bank Employee,0,69229,34796,7891,26542,726318,331216,1446167,7368,2511069,461416,2049653,200738,2746872,737,Moderate,Intermediate,6.0,Buy House,3245559,505644,2739915,14,Gold,38.34,11.4,82.75,52.0,68.91,Moderately Aggressive
C0455,60,Software Engineer,3,88500,61714,17338,9448,457789,1567678,0,512172,2537639,534497,2003142,227975,0,614,Aggressive,Intermediate,9.6,Wealth Creation,4646045,1092879,3553166,15,ETF,10.68,19.59,68.75,95.0,80.56,Moderately Aggressive
C0456,30,Teacher,4,80161,43432,21757,14972,666376,1009630,3885891,165050,5726947,605092,5121855,264598,2845347,734,Aggressive,Beginner,8.9,Buy House,7228575,1009630,6218945,9,Stocks,18.68,27.14,73.45,79.0,75.95,Moderately Aggressive
C0457,35,Sales Executive,0,76109,39719,15395,20995,332839,1127009,0,222220,1682068,441342,1240726,214458,1096557,718,Moderate,Advanced,6.9,Travel,692523,210297,482226,7,Gold,27.59,20.23,71.9,63.0,67.9,Moderate
C0458,41,Designer,3,57974,25956,8155,23863,518238,1303513,5346716,223470,7391937,527134,6864803,178163,2806316,668,Conservative,Intermediate,3.0,Child Education,5395648,499879,4895769,13,Bonds,41.16,14.07,93.6,12.0,56.88,Moderate
C0459,54,Doctor,2,103493,61767,5932,35794,641998,3013899,0,599469,4255366,60852,4194514,417998,0,636,Moderate,Intermediate,6.2,Wealth Creation,5666593,1370774,4295819,9,Equity MF,34.59,5.73,87.85,60.0,75.32,Moderately Aggressive
C0460,42,Designer,0,86566,36472,10784,39310,919033,2478367,0,653073,4050473,163983,3886490,79098,5140132,687,Conservative,Beginner,3.3,Child Education,4845694,648194,4197500,9,Debt MF,45.41,12.46,90.65,4.0,51.66,Moderate
C0461,42,Government Employee,4,63572,41851,7625,14096,691484,1476891,0,454323,2622698,116834,2505864,162005,3599151,669,Aggressive,Intermediate,9.1,Child Education,3763305,208841,3554464,6,Equity MF,22.17,11.99,77.85,87.0,81.97,Moderately Aggressive
C0462,29,Doctor,3,121081,63569,19731,37781,923421,1057326,7950731,770866,10702344,2659377,8042967,464254,0,602,Moderate,Intermediate,5.9,Child Education,3537017,1057326,2479691,14,Hybrid MF,31.2,16.3,87.4,52.0,71.47,Moderately Aggressive
C0463,46,Government Employee,1,73628,42721,10967,19940,650727,620759,0,148317,1419803,118034,1301769,316611,0,647,Moderate,Beginner,5.4,Retirement,7307122,650727,6656395,7,Gold,27.08,14.9,77.25,47.0,63.64,Moderate
C0464,33,Sales Executive,4,46635,32284,4414,9937,508456,486832,6117857,326174,7439319,3306266,4133053,85747,2486069,742,Aggressive,Beginner,9.3,Travel,1275354,444328,831026,4,Equity MF,21.31,9.46,74.4,82.0,77.82,Moderately Aggressive
C0465,38,Accountant,2,58923,27721,1911,29291,670969,1367964,0,12472,2051405,76660,1974745,166462,2794833,747,Conservative,Intermediate,3.8,Child Education,4048390,910011,3138379,13,Bonds,49.71,3.24,98.05,12.0,59.33,Moderate
C0466,21,Bank Employee,0,71696,27460,3744,40492,158154,902599,0,198136,1258889,52227,1206662,97700,1387771,841,Moderate,Beginner,6.4,Higher Education,2792295,823538,1968757,14,Hybrid MF,56.48,5.22,96.0,44.0,72.6,Moderately Aggressive
C0467,43,Teacher,2,64363,35599,9931,18833,746915,647192,0,449082,1843189,336562,1506627,154265,3182028,695,Moderate,Intermediate,6.4,Wealth Creation,6311015,746915,5564100,14,Bonds,29.26,15.43,80.3,60.0,71.16,Moderately Aggressive
C0468,53,Business Owner,1,135891,59958,7719,68214,978884,1982743,0,389673,3351300,214755,3136545,85472,0,681,Conservative,Advanced,4.7,Wealth Creation,6303864,370241,5933623,7,PPF,50.2,5.68,90.2,28.0,62.21,Moderate
C0469,51,Business Owner,1,129364,65276,10164,53924,458093,440142,0,684583,1582818,354770,1228048,334392,0,828,Moderate,Intermediate,6.8,Child Education,1223841,458093,765748,13,Bonds,41.68,7.86,93.1,52.0,74.61,Moderately Aggressive
C0470,41,Freelancer,1,108828,55226,11104,42498,974536,2109934,5813275,550115,9447860,1905896,7541964,309551,2420222,836,Moderate,Beginner,5.7,Higher Education,4448406,1896214,2552192,12,Equity MF,39.05,10.2,85.6,44.0,66.88,Moderate
C0471,43,Teacher,2,45247,23726,5927,15594,379788,707247,0,26422,1113457,158995,954462,128459,2196026,755,Conservative,Intermediate,4.2,Buy House,4492055,456672,4035383,9,PPF,34.46,13.1,85.5,12.0,52.43,Moderate
C0472,36,Accountant,2,42848,17795,1195,23858,444767,1194879,0,281849,1921495,3962,1917533,117936,1226475,810,Moderate,Intermediate,7.0,Wealth Creation,6990053,1194879,5795174,10,Bonds,55.68,2.79,95.55,60.0,79.55,Moderately Aggressive
C0473,47,Accountant,2,63479,36173,5723,21583,434448,813157,0,306332,1553937,44573,1509364,192158,3695484,602,Moderate,Intermediate,6.3,Retirement,8367843,418990,7948853,8,Equity MF,34.0,9.02,88.9,55.0,73.65,Moderately Aggressive
C0474,57,Doctor,0,146894,68799,1532,76563,1659817,554156,5061779,134587,7410339,1741288,5669051,439933,0,696,Moderate,Intermediate,6.0,Buy House,5892960,1659817,4233143,7,Equity MF,52.12,1.04,86.6,52.0,71.03,Moderately Aggressive
C0475,58,Government Employee,3,51176,27920,9259,13997,141707,1152691,4986788,173669,6454855,925842,5529013,68357,0,714,Moderate,Intermediate,5.9,Wealth Creation,3096571,565450,2531121,6,Gold,27.35,18.09,71.45,60.0,66.3,Moderate
C0476,34,Designer,2,68613,39759,1923,26931,482798,1331448,2834072,88469,4736787,822402,3914385,85688,2760546,732,Conservative,Beginner,2.9,Buy House,8226344,1331448,6894896,8,Debt MF,39.25,2.8,87.85,4.0,50.12,Moderate
C0477,57,Freelancer,2,94648,33021,13286,48341,486676,1458810,6561024,366168,8872678,3713998,5158680,229266,2845969,687,Moderate,Beginner,6.6,Child Education,2163162,797984,1365178,7,Bonds,51.07,14.04,79.6,44.0,63.58,Moderate
C0478,27,Software Engineer,3,129207,80992,22754,25461,723697,3620299,4794406,86454,9224856,2496553,6728303,531524,2056463,847,Moderate,Intermediate,5.9,Retirement,3382888,1108200,2274688,12,Bonds,19.71,17.61,77.7,55.0,67.49,Moderate
C0479,32,Freelancer,2,68782,28260,1715,38807,712668,1174579,0,328569,2215816,32473,2183343,33404,2729848,766,Moderate,Intermediate,7.1,Buy House,5795849,797346,4998503,7,Hybrid MF,56.42,2.49,93.35,52.0,74.74,Moderately Aggressive
C0480,48,Accountant,1,51844,22043,5794,24007,526574,522710,0,126928,1176212,154008,1022204,61821,0,738,Conservative,Advanced,3.7,Retirement,4198215,526574,3671641,13,PPF,46.31,11.18,92.55,23.0,61.25,Moderate
C0481,23,Business Owner,0,139616,52401,21997,65218,712213,3826464,0,667457,5206134,509006,4697128,123515,3824057,609,Moderate,Advanced,6.3,Retirement,9315467,724045,8591422,5,Equity MF,46.71,15.76,90.4,63.0,78.07,Moderately Aggressive
C0482,42,Teacher,2,66047,31819,7130,27098,349117,1026566,2530903,514317,4420903,937065,3483838,197381,3527297,716,Conservative,Intermediate,3.7,Wealth Creation,3855732,1026566,2829166,10,Bonds,41.03,10.8,87.65,20.0,57.21,Moderate
C0483,41,Sales Executive,1,42388,26159,6719,9510,237803,963540,800523,257260,2259126,303122,1956004,36362,1626862,713,Moderate,Beginner,6.2,Retirement,9809331,963540,8845791,9,Gold,22.44,15.85,76.8,47.0,63.39,Moderate
C0484,49,Designer,2,74710,36655,6899,31156,665389,1167295,3851931,290502,5975117,1119010,4856107,83892,2494970,670,Aggressive,Intermediate,10.0,Wealth Creation,4400617,1167295,3233322,8,Equity MF,41.7,9.23,90.6,95.0,92.58,Aggressive
C0485,40,Accountant,0,63146,28526,10156,24464,338677,826573,3430143,201845,4797238,1370002,3427236,223544,3635251,734,Moderate,Intermediate,6.2,Higher Education,2881208,786119,2095089,5,Equity MF,38.74,16.08,80.15,52.0,67.48,Moderate
C0486,23,Designer,0,63225,21781,10702,30742,429643,235115,4966977,271730,5903465,408396,5495069,29908,3275784,733,Moderate,Intermediate,6.9,Wealth Creation,4120816,429643,3691173,15,Gold,48.62,16.93,96.0,60.0,79.8,Moderately Aggressive
C0487,47,Doctor,1,147558,69635,10960,66963,368137,3630363,4466864,892548,9357912,543589,8814323,110816,3354603,792,Aggressive,Beginner,8.7,Buy House,3359917,908855,2451062,7,Stocks,45.38,7.43,87.1,79.0,83.46,Moderately Aggressive
C0488,41,Bank Employee,2,64567,27868,7430,29269,667248,1416795,0,293729,2377772,97694,2280078,189290,1589337,700,Conservative,Advanced,3.8,Retirement,6319337,1416795,4902542,15,Bonds,45.33,11.51,93.6,23.0,61.83,Moderate
C0489,53,Teacher,3,64412,40665,4174,19573,772366,389508,0,484392,1646266,70225,1576041,161396,2165230,757,Moderate,Intermediate,6.5,Travel,480954,44838,436116,9,Gold,30.39,6.48,88.0,55.0,73.15,Moderately Aggressive
C0490,50,Doctor,1,158624,89723,34646,34255,1245910,2614282,2475577,1046314,7382083,790055,6592028,531389,9017972,725,Moderate,Advanced,7.4,Wealth Creation,6454336,1227721,5226615,13,Bonds,21.6,21.84,78.25,68.0,73.64,Moderately Aggressive
C0491,59,Government Employee,4,49761,34005,10098,5658,478000,1031894,4323701,373447,6207042,2435642,3771400,50364,735992,662,Moderate,Intermediate,6.6,Buy House,7629176,1031894,6597282,9,Bonds,11.37,20.29,63.1,52.0,58.11,Moderate
C0492,29,Sales Executive,2,38022,22040,2681,13301,241977,608622,0,6575,857174,31309,825865,159181,641412,690,Aggressive,Advanced,10.0,Emergency Fund,223595,34342,189253,5,Equity MF,34.98,7.05,88.8,86.0,87.54,Aggressive
C0493,58,Freelancer,4,92924,66047,8655,18222,988408,2578126,0,19453,3585987,354242,3231745,345801,0,721,Conservative,Intermediate,3.4,Buy House,9747649,2578126,7169523,5,Bonds,19.61,9.31,74.45,12.0,46.35,Moderately Conservative
C0494,43,Accountant,0,83191,39412,13826,29953,205521,1867812,5710345,584000,8367678,2268779,6098899,200811,1534967,753,Moderate,Intermediate,6.7,Buy House,8683835,1771183,6912652,8,Gold,36.01,16.62,78.5,52.0,66.58,Moderate
C0495,43,Doctor,1,169679,79278,12505,77896,878077,936772,0,1240190,3055039,285640,2769399,616121,7541055,729,Moderate,Intermediate,6.6,Child Education,3021435,506566,2514869,12,Gold,45.91,7.37,97.3,52.0,76.92,Moderately Aggressive
C0496,21,Teacher,1,64458,20974,2641,40843,504355,1697781,0,347622,2549758,19397,2530361,23962,2309512,845,Moderate,Intermediate,6.9,Wealth Creation,5034681,1697781,3336900,8,Hybrid MF,63.36,4.1,97.2,60.0,80.46,Moderately Aggressive
C0497,41,Designer,4,67438,35063,0,32375,336027,1136023,0,69272,1541322,0,1541322,259114,1848400,674,Moderate,Beginner,5.9,Retirement,7316861,572909,6743952,12,Gold,48.01,0.0,97.6,47.0,74.83,Moderately Aggressive
C0498,52,Accountant,1,69635,44509,12083,13043,492196,1887538,0,9705,2389439,350250,2039189,275623,0,732,Conservative,Advanced,3.7,Retirement,7771513,532557,7238956,14,PPF,18.73,17.35,76.95,23.0,52.67,Moderate
C0499,46,Business Owner,3,192728,113342,50551,28835,1508906,4946829,0,908928,7364663,1406930,5957733,486562,8254448,794,Moderate,Beginner,6.7,Retirement,5964118,2460482,3503636,7,Hybrid MF,14.96,26.23,65.25,47.0,57.04,Moderate
C0500,53,Teacher,4,57563,28823,5143,23597,489193,1603379,922506,222733,3237811,41107,3196704,40386,1818979,762,Aggressive,Beginner,8.3,Wealth Creation,3472130,587041,2885089,8,Equity MF,40.99,8.93,93.0,87.0,90.3,Aggressive
