customer_id,age,occupation,dependents,monthly_income,monthly_expenses,monthly_debt_payment,monthly_savings,cash_savings,existing_investments,property_value,other_assets,total_assets,total_liabilities,net_worth,emergency_fund,insurance_coverage,credit_score,risk_tolerance,investment_experience,financial_goal,goal_amount,current_goal_savings,goal_gap,time_horizon_years,preferred_investment,savings_rate,debt_to_income_ratio,risk_capacity_score,risk_willingness_score,target_risk_score,target_risk_category
C00001,33,Data Scientist,1,79989,31676,8585,39728,133066,1206240,4538044,49864,5927214,1145430,4781784,62606,9005644,770,Moderately Conservative,Intermediate,Retirement,14142652,844368,13298284,27,Gold,49.67,10.73,87.8,35.0,64.04,Moderate
C00002,56,Government Employee,0,50918,27842,4929,18147,116569,3178066,2341270,63019,5698924,314261,5384663,116569,7177184,708,Moderately Conservative,Intermediate,Higher Education,888147,145536,742611,5,ETF,35.64,9.68,80.75,32.0,58.81,Moderate
C00003,34,Business Owner,2,73423,27996,7610,37817,329947,1283384,0,218676,1832007,111605,1720402,98245,5936721,724,Moderately Conservative,Advanced,Buy House,12191315,898368,11292947,20,Bonds,51.51,10.36,94.65,40.0,70.06,Moderately Aggressive
C00004,58,Teacher,0,204399,100865,87272,16262,972028,1271569,16262636,339797,18846030,9534112,9311918,634325,20681840,710,Moderate,Beginner,Retirement,37432448,890098,36542350,2,Debt MF,7.96,42.7,41.85,47.0,44.17,Moderately Conservative
C00005,24,Teacher,0,103072,46681,5168,51223,264091,306770,0,137447,708308,152217,556091,264091,11182716,705,Moderate,Beginner,Wealth Creation,2634253,214739,2419514,5,ETF,49.7,5.01,87.4,52.0,71.47,Moderately Aggressive
C00006,28,Government Employee,1,59349,22639,12464,24246,145701,321936,0,99351,566988,360593,206395,145701,7821509,782,Moderate,Advanced,Child Education,2681550,225355,2456195,10,Stocks,40.85,21.0,79.75,60.0,70.86,Moderately Aggressive
C00007,31,Doctor,1,99581,51183,24746,23652,434921,837983,4421180,343283,6037367,3018920,3018447,144633,23832289,764,Moderate,Advanced,Buy House,8127519,586588,7540931,10,FD,23.75,24.85,65.3,60.0,62.91,Moderate
C00008,56,Accountant,2,197574,94604,35783,67187,1318163,7703248,11796530,405063,21223004,3720582,17502422,587414,37493457,733,Moderately Conservative,Beginner,Buy House,28199193,5392273,22806920,20,Gold,34.01,18.11,83.35,24.0,56.64,Moderate
C00009,35,Accountant,2,141854,51237,0,90617,391416,6960599,0,253884,7605899,0,7605899,391416,16956525,758,Conservative,Intermediate,Buy House,18862238,4872419,13989819,20,Equity MF,63.88,0.0,98.5,12.0,59.58,Moderate
C00010,31,Doctor,1,137026,62757,0,74269,786249,3896547,0,488646,5171442,0,5171442,220681,15462908,731,Moderately Aggressive,Advanced,Child Education,3230503,728577,2501926,5,Stocks,54.2,0.0,93.5,80.0,87.43,Aggressive
C00011,53,Freelancer,1,153973,77110,0,76863,656339,9157843,5768446,145975,15728603,0,15728603,521125,19221114,751,Conservative,Beginner,Retirement,34136819,6410490,27726329,7,PPF,49.92,0.0,90.2,7.0,52.76,Moderate
C00012,55,Doctor,0,145149,69299,14481,61369,494779,6498082,11601797,230275,18824933,1285543,17539390,114836,13486646,720,Moderate,Advanced,Buy House,22458206,4421122,18037084,20,FD,42.28,9.98,91.5,60.0,77.33,Moderately Aggressive
C00013,28,Accountant,1,102715,50489,16187,36039,485760,736875,0,206335,1428970,558952,870018,228308,21998283,702,Aggressive,Intermediate,Wealth Creation,3542720,515812,3026908,7,ETF,35.09,15.76,78.95,95.0,86.17,Aggressive
C00014,61,Sales Executive,0,123400,68793,8480,46127,152628,3504575,0,37044,3694247,199136,3495111,152628,7920916,763,Moderate,Advanced,Retirement,21542575,2453202,19089373,1,Hybrid MF,37.38,6.87,69.4,63.0,45.0,Moderately Conservative
C00015,22,Teacher,1,25000,11155,7103,6742,54248,39307,0,34932,128487,146154,-17667,40649,3904473,761,Moderately Conservative,Intermediate,Retirement,2702587,27514,2675073,38,Gold,26.97,28.41,66.0,35.0,52.05,Moderate
C00016,23,Business Owner,1,112831,65580,29756,17495,202935,107813,0,47595,358343,945736,-587393,202935,24798759,722,Moderately Aggressive,Intermediate,Wealth Creation,15166127,75469,15090658,15,Stocks,15.51,26.37,61.0,80.0,69.55,Moderately Aggressive
C00017,35,Doctor,2,67390,29520,12133,25737,308809,1126591,3831370,108765,5375535,1317938,4057597,147609,13031561,732,Moderate,Intermediate,Child Education,1652098,314027,1338071,7,FD,38.19,18.0,80.9,52.0,67.9,Moderate
C00018,37,Software Engineer,2,263410,143576,31163,88671,417119,5593955,13206247,332651,19549972,4475973,15073999,417119,50753345,763,Moderate,Advanced,Travel,6331374,692576,5638798,5,ETF,33.66,11.83,71.6,63.0,67.73,Moderate
C00019,45,Accountant,2,82519,32156,10162,40201,93715,3800580,5272618,70427,9237340,710626,8526714,93715,13144106,738,Moderate,Beginner,Retirement,14384278,1476487,12907791,15,Debt MF,48.72,12.31,84.0,47.0,67.35,Moderate
C00020,42,Accountant,4,125999,69986,40310,15703,606441,2741665,0,430444,3778550,842661,2935889,290708,10489252,716,Moderately Aggressive,Advanced,Buy House,5749872,516023,5233849,7,Equity MF,12.46,31.99,65.85,80.0,72.22,Moderately Aggressive
C00021,46,Sales Executive,3,204983,82941,0,122042,917464,8149813,0,300724,9368001,0,9368001,162116,12835633,765,Moderately Aggressive,Intermediate,Buy House,22838413,4746248,18092165,15,Gold,59.54,0.0,96.85,72.0,85.67,Aggressive
C00022,59,Business Owner,1,343136,158069,0,185067,975121,28266373,17978622,509362,47729478,0,47729478,667183,56705934,780,Conservative,Intermediate,Child Education,2139151,461813,1677338,1,Hybrid MF,53.93,0.0,79.7,12.0,45.0,Moderately Conservative
C00023,46,Doctor,1,118542,49795,28024,40723,577269,2788946,9238188,434408,13038811,1886837,11151974,146304,24314888,698,Moderate,Intermediate,Wealth Creation,7009922,1653942,5355980,7,ETF,34.35,23.64,78.25,60.0,70.04,Moderately Aggressive
C00024,48,Software Engineer,1,213224,89281,0,123943,373855,20119739,0,94780,20588374,0,20588374,373855,21744360,791,Moderately Conservative,Beginner,Retirement,30419129,7740750,22678379,12,Gold,58.13,0.0,92.55,27.0,63.05,Moderate
C00025,49,Sales Executive,2,51875,25614,15671,10590,120488,621541,3986035,30451,4758515,2455705,2302810,35592,10977607,773,Aggressive,Beginner,Wealth Creation,2746965,435078,2311887,7,PPF,20.41,30.21,59.8,87.0,72.04,Moderately Aggressive
C00026,21,Data Scientist,0,149811,86509,36247,27055,937322,93009,0,585205,1615536,1436833,178703,139368,22636249,844,Conservative,Advanced,Retirement,26877212,65106,26812106,39,Gold,18.06,24.2,65.0,23.0,46.1,Moderately Conservative
C00027,22,Data Scientist,0,80750,37411,24303,19036,508053,85039,0,324402,917494,1112597,-195103,84871,5811523,797,Moderately Aggressive,Intermediate,Buy House,9315014,59527,9255487,20,ETF,23.57,30.1,70.0,72.0,70.9,Moderately Aggressive
C00028,26,Bank Employee,1,29922,12349,3930,13643,99195,256794,0,73378,429367,101472,327895,59335,6677542,723,Moderately Conservative,Intermediate,Wealth Creation,1917266,179755,1737511,10,Debt MF,45.6,13.13,90.05,40.0,67.53,Moderate
C00029,52,Freelancer,1,147537,77251,0,70286,861310,14092410,11127292,229434,26310446,0,26310446,534976,12237893,731,Moderate,Intermediate,Child Education,4660908,1407653,3253255,5,PPF,47.64,0.0,90.35,52.0,73.09,Moderately Aggressive
C00030,44,Government Employee,2,70389,25797,6433,38159,208198,4767334,5480624,158078,10614234,822240,9791994,151597,15911425,773,Moderate,Intermediate,Wealth Creation,7461776,2567999,4893777,20,Stocks,54.21,9.14,97.15,60.0,80.43,Moderately Aggressive
C00031,59,Software Engineer,0,185145,91272,46461,47412,1045381,6434231,10348905,750699,18579216,7933458,10645758,388809,27133121,696,Conservative,Advanced,Buy House,6657967,1309115,5348852,5,Gold,25.61,25.09,65.3,20.0,44.91,Moderately Conservative
C00032,60,Accountant,1,100938,49581,21273,30084,545367,2389574,0,176199,3111140,401309,2709831,62266,14633188,695,Moderately Conservative,Intermediate,Wealth Creation,5204132,1136482,4067650,7,Gold,29.8,21.08,71.15,40.0,57.13,Moderate
C00033,38,Bank Employee,1,79580,32682,22023,24875,225368,2719563,3614000,113428,6672359,2893951,3778408,110298,12931736,728,Moderately Conservative,Advanced,Buy House,7497006,1903694,5593312,10,ETF,31.26,27.67,72.25,40.0,57.74,Moderate
C00034,25,Accountant,0,87897,34324,12365,41208,218187,493318,0,152380,863885,302038,561847,218187,11013179,774,Moderately Aggressive,Advanced,Wealth Creation,3941585,345322,3596263,5,Debt MF,46.88,14.07,84.4,88.0,86.02,Aggressive
C00035,58,Bank Employee,0,404277,192612,49937,161728,2498483,10057065,19872094,1330459,33758101,6899817,26858284,1311339,39277867,732,Conservative,Beginner,Wealth Creation,30998274,7039945,23958329,10,Stocks,40.0,12.35,85.25,12.0,52.29,Moderate
C00036,46,Doctor,3,74727,28881,9561,36285,306963,2996225,4397715,183626,7884529,1648503,6236026,176982,7374752,747,Moderate,Beginner,Wealth Creation,2683655,694784,1988871,5,Gold,48.56,12.79,84.25,52.0,69.74,Moderately Aggressive
C00037,32,Bank Employee,0,98807,45644,23473,29690,414573,978012,7907628,116947,9417160,4084970,5332190,188146,9221057,812,Moderate,Intermediate,Emergency Fund,526447,153878,372569,1,ETF,30.05,23.76,68.75,43.0,45.0,Moderately Conservative
C00038,56,Business Owner,0,253553,106695,75961,70897,1422372,16669604,0,1005232,19097208,1784142,17313066,725782,16902191,745,Moderate,Intermediate,Wealth Creation,16307007,4951922,11355085,10,Bonds,27.96,29.96,74.55,60.0,68.0,Moderate
C00039,22,Business Owner,0,79002,38754,0,40248,87399,344033,0,45216,476648,0,476648,87399,16099105,791,Moderate,Advanced,Retirement,13206350,240823,12965527,38,Equity MF,50.95,0.0,91.0,63.0,78.4,Moderately Aggressive
C00040,57,Data Scientist,1,100025,35942,11310,52773,79593,6681368,5446129,48375,12255465,974814,11280651,79593,20159248,728,Moderate,Beginner,Retirement,13160798,4676957,8483841,3,ETF,52.76,11.31,73.8,47.0,61.74,Moderate
C00041,65,Government Employee,0,253261,110162,67420,75679,506292,17905092,15499956,180310,34091650,8213761,25877889,488932,60615599,719,Moderate,Advanced,Retirement,27245451,9896160,17349291,1,ETF,29.88,26.62,57.8,63.0,45.0,Moderately Conservative
C00042,56,Teacher,0,116839,38295,6002,72542,99008,14525101,0,26304,14650413,265296,14385117,99008,8304105,731,Moderate,Advanced,Retirement,11987864,3444181,8543683,4,Gold,62.09,5.14,77.95,63.0,71.22,Moderately Aggressive
C00043,41,Business Owner,3,201953,98336,43828,59789,383831,8912068,0,83501,9379400,1828916,7550484,187043,24299266,768,Moderate,Intermediate,Wealth Creation,29226012,1526622,27699390,20,Hybrid MF,29.61,21.7,67.6,60.0,64.18,Moderate
C00044,30,Freelancer,2,47480,19949,14719,12812,191340,557336,3845261,117240,4711177,1002959,3708218,61976,8901121,748,Conservative,Beginner,Buy House,4221727,390135,3831592,10,Equity MF,26.98,31.0,75.45,4.0,43.3,Moderately Conservative
C00045,46,Teacher,2,48180,26149,21186,845,348609,64276,0,179957,592842,884158,-291316,80764,10175157,690,Aggressive,Intermediate,Wealth Creation,3577546,44993,3532553,15,Gold,1.75,43.97,51.85,95.0,71.27,Moderately Aggressive
C00046,59,Designer,2,133965,63328,32557,38080,484990,7435973,6132604,123526,14177093,2553737,11623356,264448,20826706,702,Moderately Aggressive,Beginner,Child Education,1415996,465562,950434,2,PPF,28.43,24.3,58.7,64.0,45.0,Moderately Conservative
C00047,37,Software Engineer,1,105411,60473,14103,30835,129378,1395332,6223155,72453,7820318,1339778,6480540,129378,22644605,739,Moderate,Intermediate,Wealth Creation,3142204,976732,2165472,5,Debt MF,29.25,13.38,66.6,60.0,63.63,Moderate
C00048,25,Sales Executive,0,100327,52910,42101,5316,190083,72369,0,116649,379101,1718610,-1339509,127039,9044164,548,Moderate,Beginner,Buy House,4662104,50658,4611446,5,Gold,5.3,41.96,40.4,44.0,42.02,Moderately Conservative
C00049,40,Government Employee,3,137700,65731,26456,45513,195849,3139633,6011726,141612,9488820,2283303,7205517,195849,16612299,778,Conservative,Beginner,Child Education,3505123,1057567,2447556,5,FD,33.05,19.21,71.15,4.0,40.93,Moderately Conservative
C00050,28,Data Scientist,2,71860,35436,11848,24576,228649,832324,0,51232,1112205,511989,600216,178977,9985002,673,Moderate,Intermediate,Retirement,14405470,582626,13822844,32,Bonds,34.2,16.49,80.55,55.0,69.05,Moderately Aggressive
C00051,65,Business Owner,0,184864,55368,27853,101643,385160,13921175,7519321,170630,21996286,3652926,18343360,279935,33140907,711,Moderately Aggressive,Beginner,Buy House,11540752,613513,10927239,7,Stocks,54.98,15.07,84.4,64.0,75.22,Moderately Aggressive
C00052,42,Freelancer,2,78815,40819,13504,24492,546280,2051467,4272499,307732,7177978,1388317,5789661,193260,15819924,713,Moderately Conservative,Intermediate,Retirement,10755933,1436026,9319907,18,Debt MF,31.08,17.13,85.45,35.0,62.75,Moderate
C00053,22,Sales Executive,1,103744,49303,5325,49116,476732,443017,0,225419,1145168,162739,982429,218014,18677609,740,Moderate,Beginner,Wealth Creation,6040536,310111,5730425,7,Hybrid MF,47.34,5.13,94.4,52.0,75.32,Moderately Aggressive
C00054,26,Government Employee,0,99941,37904,25734,36303,437644,570485,0,245240,1253369,1180457,72912,257287,17994864,738,Aggressive,Intermediate,Retirement,9480720,399339,9081381,34,Bonds,36.32,25.75,74.85,90.0,81.67,Moderately Aggressive
C00055,34,Designer,1,196058,111556,52035,32467,1317923,1218037,7112281,520252,10168493,5410359,4758134,420924,36306823,702,Moderate,Intermediate,Retirement,37184747,852625,36332122,26,Equity MF,16.56,26.54,66.65,55.0,61.41,Moderate
C00056,42,Doctor,2,158142,96324,39797,22021,795136,3232296,12499905,193033,16720370,6946932,9773438,537762,20307553,746,Conservative,Beginner,Retirement,32945993,2262607,30683386,18,Gold,13.92,25.17,68.45,7.0,40.8,Moderately Conservative
C00057,30,Business Owner,2,52551,27613,0,24938,280918,486048,3680368,74197,4521531,0,4521531,137269,5579933,792,Aggressive,Advanced,Retirement,8793001,340233,8452768,30,FD,47.45,0.0,99.25,98.0,98.69,Aggressive
C00058,24,Software Engineer,0,346528,183792,69406,93330,1033779,802668,0,734711,2571158,2510504,60654,1033779,68611887,759,Conservative,Beginner,Retirement,72550694,561867,71988827,36,PPF,26.93,20.03,66.0,7.0,39.45,Moderately Conservative
C00059,27,Software Engineer,0,203020,113306,17629,72085,776352,1948881,0,489535,3214768,650998,2563770,776352,16873189,685,Moderate,Beginner,Child Education,3806814,1364216,2442598,5,FD,35.51,8.68,86.1,44.0,67.16,Moderate
C00060,27,Business Owner,0,89863,38187,12362,39314,383162,1096669,0,228787,1708618,396575,1312043,233496,12916638,677,Moderately Aggressive,Beginner,Buy House,14579415,767668,13811747,20,Hybrid MF,43.75,13.76,92.7,64.0,79.79,Moderately Aggressive
C00061,40,Software Engineer,2,108990,58930,21338,28722,486260,3659632,7874852,134513,12155257,3395475,8759782,381524,20443695,683,Conservative,Beginner,Retirement,18857069,2561742,16295327,20,Bonds,26.35,19.58,80.75,7.0,47.56,Moderately Conservative
C00062,28,Sales Executive,2,91766,38601,17005,36160,327212,1029967,0,197826,1555005,530034,1024971,233534,7839573,718,Conservative,Beginner,Child Education,1370828,234596,1136232,3,PPF,39.4,18.53,76.15,4.0,43.68,Moderately Conservative
C00063,64,Freelancer,1,170883,90140,25501,55242,208200,4480792,0,110287,4799279,1192671,3606608,208200,19844113,761,Conservative,Intermediate,Retirement,21968419,3136554,18831865,1,Debt MF,32.33,14.92,61.95,15.0,40.82,Moderately Conservative
C00064,33,Accountant,1,72173,27713,5062,39398,143682,1980434,0,82018,2206134,176131,2030003,72116,7352710,794,Moderately Conservative,Beginner,Wealth Creation,2741987,987969,1754018,7,Hybrid MF,54.59,7.01,89.2,32.0,63.46,Moderate
C00065,36,Doctor,2,241231,111014,20991,109226,508713,4633184,19984044,346394,25472335,3676556,21795779,490124,19238779,636,Moderately Conservative,Intermediate,Retirement,30122531,2847179,27275352,24,Hybrid MF,45.28,8.7,94.35,35.0,67.64,Moderate
C00066,56,Business Owner,1,255062,124304,0,130758,1654980,30836148,12602524,1254791,46348443,0,46348443,344497,51168160,755,Moderate,Advanced,Retirement,46452483,12304182,34148301,4,ETF,51.27,0.0,86.95,63.0,76.17,Moderately Aggressive
C00067,23,Sales Executive,0,79212,43774,0,35438,474952,218668,0,179494,873114,0,873114,150929,15797853,766,Moderate,Intermediate,Wealth Creation,2717268,153067,2564201,7,PPF,44.74,0.0,94.4,60.0,78.92,Moderately Aggressive
C00068,63,Business Owner,1,126777,64855,7774,54148,751317,13055043,0,421585,14227945,256287,13971658,404469,26131092,702,Moderately Aggressive,Intermediate,Wealth Creation,4175021,840126,3334895,5,Equity MF,42.71,6.13,88.7,80.0,84.78,Aggressive
C00069,36,Freelancer,3,79402,32852,22118,24432,165143,2804960,6067577,105211,9142891,3387895,5754996,165143,7299995,772,Moderate,Intermediate,Travel,1698156,163201,1534955,7,Debt MF,30.77,27.86,69.75,55.0,63.11,Moderate
C00070,49,Bank Employee,2,223513,80225,52748,90540,773007,19480833,12998344,158929,33411113,4726298,28684815,488187,53313615,783,Conservative,Beginner,Retirement,28605654,8769777,19835877,11,Bonds,40.51,23.6,85.6,7.0,50.23,Moderate
C00071,43,Doctor,2,182607,102757,16471,63379,1286498,7190267,10505985,814665,19797415,2739843,17057572,529333,23825579,765,Conservative,Intermediate,Child Education,9233889,3028429,6205460,10,PPF,34.71,9.02,89.5,12.0,54.62,Moderate
C00072,23,Sales Executive,0,59046,22421,7253,29372,178898,123604,0,42064,344566,174308,170258,145608,11064191,815,Conservative,Intermediate,Retirement,8844101,86522,8757579,37,Hybrid MF,49.74,12.28,87.0,15.0,54.6,Moderate
C00073,33,Software Engineer,2,186818,88393,59334,39091,961701,3501647,11796883,757616,17017847,4736947,12280900,521674,30908258,696,Aggressive,Intermediate,Child Education,2327019,300044,2026975,2,Gold,20.92,31.76,66.6,87.0,45.0,Moderately Conservative
C00074,33,Teacher,1,109341,51185,5674,52482,240706,1088819,8778541,116317,10224383,349565,9874818,152491,7438149,745,Moderately Aggressive,Beginner,Wealth Creation,4672962,762173,3910789,7,FD,48.0,5.19,89.2,72.0,81.46,Moderately Aggressive
C00075,36,Bank Employee,1,77906,46148,44090,0,402503,10000,4370688,143329,4926520,6512027,-1585507,363142,8271701,679,Moderately Conservative,Intermediate,Wealth Creation,7374290,7000,7367290,10,ETF,0.0,56.59,40.55,40.0,40.3,Moderately Conservative
C00076,32,Software Engineer,0,92914,33400,6343,53171,284650,2051132,5506587,85242,7927611,1100407,6827204,232124,16763917,846,Moderate,Intermediate,Retirement,8452783,1435792,7016991,28,FD,57.23,6.83,98.95,55.0,79.17,Moderately Aggressive
C00077,53,Teacher,0,89965,45650,25821,18494,568202,3003157,7492240,376835,11440434,1633438,9806996,66486,12910665,701,Moderately Aggressive,Advanced,Buy House,9403337,1778015,7625322,15,Hybrid MF,20.56,28.7,77.8,80.0,78.79,Moderately Aggressive
C00078,23,Teacher,0,116050,42195,19827,54028,168459,299232,0,70392,538083,878310,-340227,92068,17554790,684,Moderately Aggressive,Intermediate,Wealth Creation,15210346,209462,15000884,15,ETF,46.56,17.08,80.0,80.0,80.0,Moderately Aggressive
C00079,53,Data Scientist,2,229361,95473,73214,60674,942662,9403519,0,241150,10587331,955963,9631368,645465,22421306,752,Moderately Aggressive,Intermediate,Travel,1323310,417972,905338,2,Stocks,26.45,31.92,66.6,75.0,45.0,Moderately Conservative
C00080,65,Consultant,1,151851,59923,0,91928,636917,10429134,0,410048,11476099,0,11476099,140149,25887548,796,Moderate,Intermediate,Buy House,13438721,1866520,11572201,10,Equity MF,60.54,0.0,91.2,52.0,73.56,Moderately Aggressive
C00081,21,Government Employee,0,41547,20279,2845,18423,139918,134868,0,103842,378628,57979,320649,134891,2934751,716,Moderately Aggressive,Advanced,Buy House,2215597,94407,2121190,10,Debt MF,44.34,6.85,97.2,80.0,89.46,Aggressive
C00082,36,Designer,2,110616,52345,31166,27105,676781,1736162,0,142668,2555611,1454242,1101369,318608,12704822,736,Moderately Conservative,Advanced,Retirement,20298032,1215313,19082719,24,Hybrid MF,24.5,28.17,71.35,43.0,58.59,Moderate
C00083,23,Business Owner,0,46242,22652,0,23590,276969,180177,0,153976,611122,0,611122,164139,4317126,722,Conservative,Beginner,Wealth Creation,5269835,126123,5143712,15,Equity MF,51.01,0.0,100.0,12.0,60.4,Moderate
C00084,56,Sales Executive,0,172196,79695,28621,63880,575011,10382917,13576125,267971,24802024,3802321,20999703,431879,28671579,760,Conservative,Intermediate,Wealth Creation,17165326,3788103,13377223,15,FD,37.1,16.62,86.35,20.0,56.49,Moderate
C00085,45,Data Scientist,2,171034,92165,74400,4469,1258825,331552,7767114,713084,10070575,6969939,3100636,225707,26165306,631,Conservative,Beginner,Wealth Creation,15822933,232086,15590847,15,ETF,2.61,43.5,55.0,12.0,35.65,Moderately Conservative
C00086,36,Doctor,2,107866,47964,0,59902,121744,4544551,0,36416,4702711,0,4702711,121744,20642840,763,Aggressive,Advanced,Buy House,14144066,714951,13429115,15,Equity MF,55.53,0.0,89.35,95.0,91.89,Aggressive
C00087,44,Software Engineer,2,175464,74538,28620,72306,212589,6344824,14248174,127796,20933383,4048024,16885359,212589,29277737,704,Conservative,Beginner,Buy House,14804439,4045416,10759023,15,Debt MF,41.21,16.31,81.15,4.0,46.43,Moderately Conservative
C00088,49,Sales Executive,3,147653,81366,25984,40303,228525,6258024,0,101085,6587634,384410,6203224,228525,31762175,709,Moderate,Intermediate,Wealth Creation,20375779,4092369,16283410,15,Gold,27.3,17.6,73.4,60.0,67.37,Moderate
C00089,31,Sales Executive,1,182324,100286,0,82038,616812,3564701,12215612,359071,16756196,0,16756196,339390,13292903,745,Moderately Aggressive,Intermediate,Retirement,35253329,2495290,32758039,29,Debt MF,45.0,0.0,95.1,75.0,86.06,Aggressive
C00090,42,Sales Executive,1,67397,37544,0,29853,133678,3590885,3638802,64754,7428119,0,7428119,133678,16112899,709,Conservative,Intermediate,Wealth Creation,9608645,2087549,7521096,15,Hybrid MF,44.29,0.0,93.45,20.0,60.4,Moderate
C00091,39,Doctor,2,122397,67111,33571,21715,267296,1974284,0,77599,2319179,1389948,929231,164500,24580977,762,Moderate,Intermediate,Retirement,24853800,1381998,23471802,21,Debt MF,17.74,27.43,61.900000000000006,55.0,58.8,Moderate
C00092,34,Software Engineer,1,67776,30424,17854,19498,350804,575846,0,268865,1195515,309885,885630,128959,16034292,758,Moderately Conservative,Intermediate,Emergency Fund,3160606,403092,2757514,10,FD,28.77,26.34,74.85,23.0,51.52,Moderate
C00093,36,Freelancer,3,182262,97263,32561,52438,263938,3176613,9172312,90855,12703718,3172349,9531369,263938,11945854,671,Conservative,Advanced,Wealth Creation,18031680,2223629,15808051,20,FD,28.77,17.86,72.35,28.0,52.39,Moderate
C00094,39,Freelancer,2,82642,35961,6136,40545,90979,1451549,3248939,18505,4809972,1058158,3751814,90979,16995572,745,Moderate,Advanced,Child Education,478443,92167,386276,2,ETF,49.06,7.42,74.7,60.0,45.0,Moderately Conservative
C00095,34,Software Engineer,0,141217,78107,34021,29089,224543,850283,6659009,82767,7816602,5321494,2495108,224543,18770349,748,Aggressive,Advanced,Retirement,27750315,595198,27155117,26,PPF,20.6,24.09,62.650000000000006,98.0,78.56,Moderately Aggressive
C00096,22,Doctor,0,77205,37653,14830,24722,181330,96300,0,67814,345444,478688,-133244,69269,17372862,783,Conservative,Intermediate,Retirement,14014714,67410,13947304,38,Bonds,32.02,19.21,75.0,15.0,48.0,Moderately Conservative
C00097,50,Business Owner,0,139834,65204,0,74630,710126,6389812,7451925,257233,14809096,0,14809096,449841,16277044,765,Moderately Aggressive,Intermediate,Emergency Fund,3805036,344766,3460270,5,Gold,53.37,0.0,90.65,63.0,78.21,Moderately Aggressive
C00098,22,Sales Executive,1,91828,43129,21354,27345,225461,185802,0,130903,542166,1024581,-482415,74770,13750576,725,Moderate,Intermediate,Emergency Fund,977230,130061,847169,2,Gold,29.78,23.25,54.8,43.0,45.0,Moderately Conservative
C00099,21,Designer,0,27608,13062,7001,7545,87996,26098,0,24237,138331,269786,-131455,87996,1915877,726,Moderately Aggressive,Intermediate,Retirement,3923250,18268,3904982,39,Equity MF,27.33,25.36,70.0,75.0,72.25,Moderately Aggressive
C00100,22,Software Engineer,0,147763,74862,0,72901,592485,295226,0,307240,1194951,0,1194951,386731,9129727,720,Moderately Aggressive,Intermediate,Travel,3086156,206658,2879498,5,Debt MF,49.34,0.0,94.4,75.0,85.67,Aggressive
C00101,25,Designer,0,72673,30494,8014,34165,269804,592369,0,161290,1023463,254378,769085,218178,13197737,688,Moderately Aggressive,Intermediate,Child Education,1994390,311165,1683225,7,FD,47.01,11.03,87.4,72.0,80.47,Moderately Aggressive
C00102,22,Doctor,0,224620,98984,0,125636,465677,395018,0,132476,993171,0,993171,465677,45067292,768,Moderate,Intermediate,Wealth Creation,22450304,276512,22173792,15,PPF,55.93,0.0,96.0,60.0,79.8,Moderately Aggressive
C00103,29,Accountant,2,76241,26734,0,49507,197085,1330808,0,152693,1680586,0,1680586,125853,7894053,765,Moderate,Intermediate,Buy House,3962586,448199,3514387,7,PPF,64.93,0.0,93.8,52.0,74.99,Moderately Aggressive
C00104,36,Sales Executive,3,151622,89162,0,62460,711408,4414245,0,365324,5490977,0,5490977,225920,21623332,780,Moderately Aggressive,Advanced,Wealth Creation,5166790,1758191,3408599,7,Debt MF,41.19,0.0,88.75,88.0,88.41,Aggressive
C00105,49,Accountant,2,162216,63879,28180,70157,863772,14107124,0,485300,15456196,1185664,14270532,414635,20740515,727,Moderately Conservative,Intermediate,Child Education,2393629,550868,1842761,5,PPF,43.25,17.37,86.8,32.0,62.14,Moderate
C00106,53,Business Owner,0,292944,94450,17227,181267,692543,12341574,24501024,299035,37834176,2219887,35614289,369226,62253207,681,Conservative,Advanced,Emergency Fund,2465986,772150,1693836,2,Hybrid MF,61.88,5.88,80.6,11.0,45.0,Moderately Conservative
C00107,28,Data Scientist,0,73243,33870,6506,32867,435063,1123997,0,191673,1750733,256804,1493929,229033,16113440,808,Moderately Conservative,Intermediate,Wealth Creation,5603274,344508,5258766,10,ETF,44.87,8.88,96.75,40.0,71.21,Moderately Aggressive
C00108,44,Accountant,2,110300,50725,19312,40263,277990,3118516,6865251,144336,10406093,2527008,7879085,72502,13808647,769,Moderately Conservative,Intermediate,Wealth Creation,15221208,2182961,13038247,20,FD,36.5,17.51,81.15,40.0,62.63,Moderate
C00109,22,Doctor,0,152569,74613,18809,59147,450929,248494,0,199964,899387,375006,524381,450929,24051706,795,Moderately Conservative,Beginner,Retirement,29021276,173945,28847331,38,FD,38.77,12.33,85.0,27.0,58.9,Moderate
C00110,52,Sales Executive,2,66515,34041,20080,12394,352886,2775482,5335017,217645,8681030,2961352,5719678,239370,7272276,750,Moderately Conservative,Advanced,Wealth Creation,5542528,507729,5034799,15,Debt MF,18.63,30.19,66.95,48.0,58.42,Moderate
C00111,51,Government Employee,0,49207,23041,13056,13110,279241,1380730,2954989,174167,4789127,1620443,3168684,110254,6757462,732,Moderately Aggressive,Beginner,Travel,925312,308199,617113,3,Gold,26.64,26.53,63.7,67.0,65.19,Moderate
C00112,46,Freelancer,2,50173,19511,15810,14852,96972,1409343,1853901,42125,3402341,1311776,2090565,75733,11454445,780,Moderately Conservative,Intermediate,Wealth Creation,2029530,337631,1691899,5,Equity MF,29.6,31.51,63.25,40.0,52.79,Moderate
C00113,22,Accountant,1,68634,31976,5310,31348,169978,110678,0,133980,414636,76623,338013,148077,6333932,800,Moderately Conservative,Intermediate,Retirement,9448844,77474,9371370,38,Equity MF,45.67,7.74,93.0,35.0,66.9,Moderate
C00114,37,Business Owner,2,108443,49480,0,58963,275479,4150904,7150204,162285,11738872,0,11738872,142097,6801536,801,Moderately Conservative,Intermediate,Retirement,11896174,1319625,10576549,23,Hybrid MF,54.37,0.0,94.2,35.0,67.56,Moderate
C00115,24,Teacher,0,105467,33646,20707,51114,156312,833996,0,89152,1079460,799677,279783,84205,18952315,807,Moderately Aggressive,Beginner,Emergency Fund,2226538,583797,1642741,5,PPF,48.46,19.63,77.4,55.0,67.32,Moderate
C00116,39,Teacher,4,89664,49359,24295,16010,638619,448092,3295961,157283,4539955,4114120,425835,171968,12235448,758,Moderately Aggressive,Intermediate,Retirement,20191235,313664,19877571,21,FD,17.86,27.1,62.900000000000006,75.0,68.34,Moderately Aggressive
C00117,61,Sales Executive,0,88672,43318,0,45354,565265,7895649,4336501,238015,13035430,0,13035430,314810,15957710,751,Moderately Conservative,Intermediate,Wealth Creation,9800192,985268,8814924,15,Debt MF,51.15,0.0,94.6,40.0,70.03,Moderately Aggressive
C00118,52,Teacher,1,225025,92781,12971,119273,498461,14272609,12516184,376047,27663301,952404,26710897,428181,45359195,772,Moderately Conservative,Intermediate,Child Education,4510907,1099231,3411676,5,Equity MF,53.0,5.76,86.35,32.0,61.89,Moderate
C00119,29,Government Employee,0,94457,42312,14248,37897,202310,839823,0,150141,1192274,210800,981474,202310,11599339,797,Moderate,Advanced,Retirement,10272622,587876,9684746,31,Gold,40.12,15.08,88.4,63.0,76.97,Moderately Aggressive
C00120,36,Teacher,3,89123,51874,23452,13797,440744,647278,6341624,321301,7750947,1749037,6001910,282322,14686212,729,Conservative,Beginner,Wealth Creation,10086734,453094,9633640,15,Debt MF,15.48,26.31,72.35,12.0,45.19,Moderately Conservative
C00121,35,Government Employee,3,71547,24125,14692,32730,321860,1234142,5780289,149168,7485459,2610067,4875392,110637,5764644,769,Conservative,Intermediate,Travel,318483,90970,227513,1,Equity MF,45.75,20.53,73.3,15.0,45.0,Moderately Conservative
C00122,34,Designer,0,156209,72662,44679,38868,256397,1304617,9451732,177518,11190264,4849826,6340438,256397,9748407,810,Conservative,Beginner,Retirement,30826388,913231,29913157,26,Bonds,24.88,28.6,70.65,7.0,42.01,Moderately Conservative
C00123,40,Data Scientist,1,93611,37640,18810,37161,174699,2321230,3678749,73678,6248356,2176479,4071877,174699,16682538,766,Moderately Aggressive,Intermediate,Wealth Creation,3552009,707293,2844716,5,Bonds,39.7,20.09,69.15,80.0,74.03,Moderately Aggressive
C00124,40,Sales Executive,2,64089,30137,14668,19284,201588,1025830,4169615,92709,5489742,2242976,3246766,201588,10093783,708,Moderate,Intermediate,Child Education,241958,30297,211661,1,ETF,30.09,22.89,67.55,52.0,45.0,Moderately Conservative
C00125,35,Consultant,2,221320,75205,52438,93677,997881,4953550,10830641,313889,17095961,7517349,9578612,190344,36994653,773,Aggressive,Advanced,Child Education,4699848,1465147,3234701,5,FD,42.33,23.69,78.9,95.0,86.15,Aggressive
C00126,25,Doctor,0,64560,32676,16890,14994,144192,202859,0,92533,439584,468040,-28456,144192,4969760,769,Moderately Aggressive,Intermediate,Travel,2809914,142001,2667913,7,Hybrid MF,23.22,26.16,60.4,75.0,66.97,Moderate
C00127,56,Data Scientist,0,272522,127925,55286,89311,1260330,9306932,19809341,723739,31100342,8374519,22725823,162793,57415352,782,Moderately Conservative,Intermediate,Emergency Fund,10174303,3118945,7055358,7,Gold,32.77,20.29,69.75,23.0,48.71,Moderate
C00128,46,Software Engineer,2,424650,209990,75038,139622,1665172,19549835,34446217,836586,56497810,13049414,43448396,1434194,53182163,748,Moderately Conservative,Beginner,Buy House,22182657,6914955,15267702,7,Stocks,32.88,17.67,79.25,24.0,54.39,Moderate
C00129,53,Teacher,0,160103,77222,0,82881,177579,10776442,9259377,108575,20321973,0,20321973,177579,28022153,801,Conservative,Intermediate,Wealth Creation,8084479,494045,7590434,10,ETF,51.77,0.0,84.0,20.0,55.2,Moderate
C00130,35,Software Engineer,2,157140,55983,20013,81144,781906,4115897,0,448484,5346287,941447,4404840,238211,33396937,732,Moderate,Beginner,Travel,1553965,123984,1429981,2,Equity MF,51.64,12.74,80.3,47.0,45.0,Moderately Conservative
C00131,33,Software Engineer,0,106076,56054,33173,16849,763070,1066293,7883363,301986,10014712,3182153,6832559,147284,8840608,709,Moderately Conservative,Intermediate,Wealth Creation,8759584,746405,8013179,15,PPF,15.88,31.27,69.8,40.0,56.39,Moderate
C00132,56,Doctor,0,116628,39624,0,77004,319611,9714132,5730486,157472,15921701,0,15921701,62443,16645746,792,Conservative,Beginner,Retirement,12397679,2994450,9403229,4,Stocks,66.03,0.0,82.95,7.0,48.77,Moderate
C00133,65,Freelancer,0,137682,70019,31272,36391,717307,8965098,10241676,196498,20120579,4497653,15622926,273985,20995559,741,Conservative,Intermediate,Retirement,24930900,4494059,20436841,1,Debt MF,26.43,22.71,61.8,15.0,40.74,Moderately Conservative
C00134,45,Software Engineer,2,307153,140703,92245,74205,1245942,8602800,22818749,523836,33191327,6497928,26693399,689092,65153832,718,Moderately Aggressive,Intermediate,Wealth Creation,22129465,6021960,16107505,15,PPF,24.16,30.03,76.0,80.0,77.8,Moderately Aggressive
C00135,52,Freelancer,1,169015,85739,10278,72998,385010,6576795,0,185128,7146933,295870,6851063,385010,14840969,630,Moderately Conservative,Intermediate,Travel,8570279,2451441,6118838,10,Bonds,43.19,6.08,89.15,35.0,64.78,Moderate
C00136,51,Software Engineer,1,151013,82821,0,68192,442400,13710522,0,352963,14505885,0,14505885,442400,29549035,737,Moderate,Intermediate,Child Education,1852879,338915,1513964,3,Stocks,45.16,0.0,83.7,52.0,69.44,Moderately Aggressive
C00137,53,Accountant,1,83651,41030,12930,29691,91491,3155394,6124233,31166,9402284,1311231,8091053,49676,19496422,760,Conservative,Beginner,Buy House,11130925,2208775,8922150,15,Gold,35.49,15.46,77.8,4.0,44.59,Moderately Conservative
C00138,58,Government Employee,0,144080,61578,73581,8921,376896,1487207,0,117380,1981483,1869716,111767,376896,10247765,590,Conservative,Advanced,Retirement,14843720,1041044,13802676,2,Bonds,6.19,51.07,33.85,23.0,28.97,Conservative
C00139,59,Freelancer,0,178845,82681,50709,45455,876868,7773979,12940918,330617,21922382,4861109,17061273,144642,24897092,745,Conservative,Intermediate,Emergency Fund,8334961,757841,7577120,10,Hybrid MF,25.42,28.35,71.1,3.0,40.45,Moderately Conservative
C00140,46,Consultant,1,177130,75559,80501,21070,678293,856175,0,348565,1883033,2993738,-1110705,292866,28500990,676,Conservative,Beginner,Wealth Creation,26953434,599322,26354112,20,PPF,11.9,45.45,56.85,12.0,36.67,Moderately Conservative
C00141,58,Bank Employee,1,111081,53906,22387,34788,381793,5539501,8168723,131352,14221369,1730898,12490471,97564,7209712,679,Moderately Conservative,Advanced,Buy House,6806083,2295308,4510775,7,Stocks,31.32,20.15,72.45,40.0,57.85,Moderate
C00142,37,Accountant,2,106584,39466,29528,37590,259366,2433628,0,111726,2804720,842388,1962332,123252,24286217,753,Conservative,Beginner,Retirement,14893427,1703539,13189888,23,Hybrid MF,35.27,27.7,75.2,7.0,44.51,Moderately Conservative
C00143,31,Consultant,2,305812,136103,0,169709,1330928,6869459,0,1016975,9217362,0,9217362,180676,35944338,791,Moderate,Advanced,Retirement,51980840,4808621,47172219,29,Hybrid MF,55.49,0.0,95.1,63.0,80.66,Moderately Aggressive
C00144,23,Accountant,0,71426,34556,14313,22557,277454,93854,0,214991,586299,285344,300955,248916,16297609,749,Moderate,Intermediate,Retirement,13209445,65697,13143748,37,Debt MF,31.58,20.04,81.0,55.0,69.3,Moderately Aggressive
C00145,49,Bank Employee,1,174857,69930,20600,84327,546030,14856256,11104473,215751,26722510,1333073,25389437,203076,10692195,800,Moderately Conservative,Beginner,Buy House,5876086,1904758,3971328,5,Debt MF,48.23,11.78,82.8,24.0,56.34,Moderate
C00146,29,Data Scientist,0,89190,42941,19456,26793,244188,674765,0,109961,1028914,345696,683218,94322,12064380,755,Moderate,Beginner,Retirement,10778284,472335,10305949,31,FD,30.04,21.81,76.4,47.0,63.17,Moderate
C00147,32,Software Engineer,0,144807,62052,0,82755,283228,5305317,11176471,180896,16945912,0,16945912,283228,29061430,721,Aggressive,Intermediate,Retirement,21983889,3216984,18766905,28,Hybrid MF,57.15,0.0,94.95,90.0,92.72,Aggressive
C00148,48,Business Owner,3,123569,75185,13662,34722,887759,4229660,7117922,357298,12592639,2247161,10345478,119143,12110091,623,Conservative,Beginner,Retirement,27075557,2960762,24114795,12,Hybrid MF,28.1,11.06,79.55,7.0,46.9,Moderately Conservative
C00149,50,Doctor,0,156581,74433,0,82148,498918,6834266,10458391,177563,17969138,0,17969138,498918,34639504,724,Conservative,Intermediate,Wealth Creation,12464253,820810,11643443,15,Stocks,52.46,0.0,96.25,20.0,61.94,Moderate
C00150,45,Sales Executive,1,84238,39574,21535,23129,382079,3569637,0,175992,4127708,604528,3523180,210985,15143106,829,Moderate,Beginner,Retirement,14120004,2498745,11621259,15,ETF,27.46,25.56,79.0,47.0,64.6,Moderate
C00151,21,Bank Employee,0,73490,31217,6173,36100,314856,327435,0,124241,766532,224409,542123,161070,12387990,769,Conservative,Intermediate,Wealth Creation,4178869,229204,3949665,7,Stocks,49.12,8.4,88.4,20.0,57.62,Moderate
C00152,44,Government Employee,2,222305,108730,66867,46708,824613,2507069,10762317,178702,14272701,9078200,5194501,433266,35272275,718,Moderate,Intermediate,Travel,4724473,836060,3888413,7,PPF,21.01,30.08,60.55,55.0,58.05,Moderate
C00153,40,Bank Employee,1,72285,32782,18930,20573,303750,2248079,0,172740,2724569,623233,2101336,90984,14177992,707,Moderate,Intermediate,Wealth Creation,9317693,904763,8412930,20,Equity MF,28.46,26.19,76.75,60.0,69.21,Moderately Aggressive
C00154,23,Bank Employee,1,64284,25057,3214,36013,157336,168377,0,32684,358397,101082,257315,157336,14937910,764,Moderate,Beginner,Buy House,8570196,117863,8452333,20,Debt MF,56.02,5.0,97.0,44.0,73.15,Moderately Aggressive
C00155,23,Business Owner,0,375003,173126,86842,115035,1001165,461225,0,580112,2042502,1443290,599212,874190,69306548,753,Moderate,Intermediate,Child Education,6302181,322857,5979324,3,Hybrid MF,30.68,23.16,65.6,52.0,59.48,Moderate
C00156,26,Software Engineer,0,293232,117561,0,175671,1061195,3409575,0,267017,4737787,0,4737787,164489,23161520,751,Moderate,Intermediate,Buy House,23777273,2386702,21390571,10,Debt MF,59.91,0.0,93.05,52.0,74.58,Moderately Aggressive
C00157,31,Freelancer,2,104326,46965,20890,36471,607542,834335,4040578,400926,5883381,3013442,2869939,155898,18947617,686,Moderate,Intermediate,Child Education,2305150,584034,1721116,7,Debt MF,34.96,20.02,71.5,52.0,62.73,Moderate
C00158,63,Accountant,0,175493,74078,0,101415,516909,25118322,0,240476,25875707,0,25875707,410216,12470590,735,Conservative,Advanced,Higher Education,538697,116948,421749,1,Debt MF,57.79,0.0,83.1,20.0,45.0,Moderately Conservative
C00159,43,Sales Executive,2,78040,31462,0,46578,287649,6411000,4103583,196121,10998353,0,10998353,150449,5796066,734,Moderately Conservative,Intermediate,Higher Education,1586817,163451,1423366,7,Bonds,59.68,0.0,91.7,32.0,64.84,Moderate
C00160,35,Freelancer,1,166227,61949,50539,53739,774461,2882406,11745462,173611,15575940,5491099,10084841,285831,27347024,723,Moderately Conservative,Advanced,Buy House,23344647,1347526,21997121,15,Equity MF,32.33,30.4,79.5,40.0,61.73,Moderate
C00161,64,Software Engineer,1,181004,89871,27778,63355,657040,5843546,0,457171,6957757,921341,6036416,312006,36917757,801,Moderately Conservative,Intermediate,Child Education,550222,75154,475068,1,Debt MF,35.0,15.35,69.95,32.0,45.0,Moderately Conservative
C00162,57,Doctor,0,211774,86366,41636,83772,820818,7500039,15169390,284410,23774657,5486004,18288653,319184,45291055,757,Moderate,Advanced,Emergency Fund,4311931,226665,4085266,5,ETF,39.56,19.66,77.6,51.0,65.63,Moderate
C00163,21,Sales Executive,0,58002,23256,8074,26672,173288,134044,0,132072,439404,382910,56494,152917,11380946,760,Aggressive,Intermediate,Wealth Creation,10852298,93830,10758468,20,FD,45.98,13.92,84.0,95.0,88.95,Aggressive
C00164,33,Sales Executive,0,56326,31223,17366,7737,335456,382766,2668295,86607,3473124,1415047,2058077,205528,10248980,737,Moderate,Intermediate,Retirement,11738791,267936,11470855,27,Bonds,13.74,30.83,69.8,55.0,63.14,Moderate
C00165,31,Government Employee,2,74249,37444,9178,27627,242092,1495586,3318843,187456,5243977,1531042,3712935,208410,10598007,797,Conservative,Intermediate,Buy House,8956867,1046910,7909957,15,Debt MF,37.21,12.36,84.1,12.0,51.66,Moderate
C00166,25,Doctor,1,208073,100541,36905,70627,889128,822935,0,573810,2285873,476339,1809534,350267,41705793,697,Moderate,Intermediate,Wealth Creation,8969995,576054,8393941,5,Stocks,33.94,17.74,82.4,60.0,72.32,Moderately Aggressive
C00167,43,Teacher,1,76944,34902,19108,22934,314743,1639013,4511932,80213,6545901,2581143,3964758,169404,10258619,744,Moderately Conservative,Intermediate,Emergency Fund,462032,116427,345605,1,Hybrid MF,29.81,24.83,62.1,23.0,44.51,Moderately Conservative
C00168,58,Freelancer,1,309112,152893,41029,115190,1384583,19767323,12338389,349846,33840141,3307738,30532403,707365,30453418,751,Moderately Conservative,Beginner,Retirement,49134424,13837126,35297298,2,Stocks,37.26,13.27,74.85,27.0,45.0,Moderately Conservative
C00169,31,Business Owner,0,170749,52471,99713,18565,188640,631087,6615093,53305,7488125,5993900,1494225,188640,11001569,665,Conservative,Beginner,Retirement,20945819,441760,20504059,29,PPF,10.87,58.4,53.1,7.0,32.36,Moderately Conservative
C00170,31,Teacher,0,78066,31837,12198,34031,320296,1097342,3585357,161004,5163999,1188850,3975149,127101,13750494,711,Moderate,Intermediate,Wealth Creation,2567245,768139,1799106,5,Gold,43.59,15.63,86.5,60.0,74.58,Moderately Aggressive
C00171,58,Designer,0,144975,68855,38908,37212,387625,11382778,0,255363,12025766,672370,11353396,387625,33359375,710,Moderate,Intermediate,Retirement,19869403,2687334,17182069,2,Equity MF,25.67,26.84,61.85,55.0,45.0,Moderately Conservative
C00172,31,Software Engineer,0,125937,63271,32928,29738,875592,1805301,8443847,503454,11628194,4498032,7130162,199304,27044004,770,Moderate,Advanced,Wealth Creation,5502596,1263710,4238886,5,FD,23.61,26.15,69.5,68.0,68.83,Moderately Aggressive
C00173,44,Accountant,2,104469,35393,9228,59848,129926,5538218,5396155,31513,11095812,941030,10154782,129926,10650939,766,Conservative,Intermediate,Buy House,11425606,614130,10811476,20,Stocks,57.29,8.83,93.15,12.0,56.63,Moderate
C00174,40,Data Scientist,2,81983,27705,25852,28426,79800,2082342,4585062,36174,6783378,3986576,2796802,65660,17023409,733,Moderately Conservative,Intermediate,Retirement,6917197,1457639,5459558,20,Equity MF,34.67,31.53,66.75,35.0,52.46,Moderate
C00175,45,Government Employee,2,82202,35565,16401,30236,191222,4253040,0,122327,4566589,714147,3852442,191222,8362527,662,Conservative,Intermediate,Retirement,14092489,2977128,11115361,15,Bonds,36.78,19.95,84.0,15.0,52.95,Moderate
C00176,28,Government Employee,2,64466,25174,15172,24120,315415,1113170,0,190180,1618765,199390,1419375,119444,4305399,682,Moderately Aggressive,Advanced,Retirement,7356019,779219,6576800,32,FD,37.42,23.53,86.55,83.0,84.95,Aggressive
C00177,65,Designer,0,113673,66939,5702,41032,327598,5383201,5113234,174717,10998750,541480,10457270,262518,14531506,719,Conservative,Advanced,Higher Education,1747908,294982,1452926,2,Gold,36.1,5.02,73.8,20.0,45.0,Moderately Conservative
C00178,48,Data Scientist,2,268077,141642,0,126435,355928,25699621,11862426,172951,38090926,0,38090926,355928,22792012,794,Moderately Aggressive,Intermediate,Retirement,48939830,2693326,46246504,12,Equity MF,47.16,0.0,87.55,75.0,81.9,Moderately Aggressive
C00179,53,Data Scientist,1,316472,147662,54035,114775,1455460,21098036,0,394332,22947828,1429437,21518391,967466,31549594,803,Conservative,Beginner,Travel,3968954,258319,3710635,3,FD,36.27,17.07,78.4,7.0,46.27,Moderately Conservative
C00180,26,Accountant,2,96912,40469,9869,46574,536488,770700,0,392967,1700155,340634,1359521,269437,7019011,747,Moderately Conservative,Beginner,Retirement,10974643,539490,10435153,34,Debt MF,48.06,10.18,92.85,27.0,63.22,Moderate
C00181,54,Accountant,0,107318,38532,11279,57507,447405,6369436,8415537,181538,15413916,1602344,13811572,45369,19768881,806,Moderately Conservative,Beginner,Wealth Creation,14287620,1117338,13170282,20,PPF,53.59,10.51,91.65,32.0,64.81,Moderate
C00182,25,Business Owner,0,69732,29955,7166,32611,389351,269770,0,164792,823913,282008,541905,101001,16133979,806,Moderately Conservative,Intermediate,Buy House,4903675,188839,4714836,10,Stocks,46.77,10.28,87.2,32.0,62.36,Moderate
C00183,50,Consultant,0,211891,121667,57038,33186,876529,4801571,15703006,670190,22051296,7687880,14363416,753287,43420177,733,Conservative,Advanced,Retirement,30797136,3361099,27436037,10,Equity MF,15.66,26.92,64.45,23.0,45.8,Moderately Conservative
C00184,42,Teacher,2,246741,104062,0,142679,340647,12362656,16144582,232784,29080669,0,29080669,322350,57534666,727,Moderate,Intermediate,Buy House,28566213,1437743,27128470,20,Bonds,57.83,0.0,93.45,52.0,74.8,Moderately Aggressive
C00185,22,Data Scientist,0,163102,73441,51109,38552,447967,222257,0,107988,778212,2264450,-1486238,134813,19411048,711,Moderately Conservative,Advanced,Buy House,10490754,155579,10335175,10,Gold,23.64,31.34,63.2,40.0,52.76,Moderate
C00186,23,Bank Employee,0,67104,24099,4107,38898,210069,197439,0,126074,533582,113658,419924,184883,12713801,813,Conservative,Advanced,Retirement,9458322,138207,9320115,37,Bonds,57.97,6.12,97.0,23.0,63.7,Moderate
C00187,30,Sales Executive,1,52178,23486,10945,17747,234865,518152,3105098,121470,3979585,1095956,2883629,108862,4986132,743,Moderately Aggressive,Advanced,Wealth Creation,5694557,362706,5331851,20,Debt MF,34.01,20.98,83.25,88.0,85.39,Aggressive
C00188,58,Accountant,0,216306,94197,0,122109,259727,20380387,0,104503,20744617,0,20744617,212621,23932768,744,Conservative,Intermediate,Retirement,24707277,8477446,16229831,2,Bonds,56.45,0.0,74.85,15.0,45.0,Moderately Conservative
C00189,28,Doctor,1,76630,31062,39255,6313,274926,169660,0,107034,551620,621738,-70118,110816,5970169,630,Moderate,Intermediate,Travel,2584697,118761,2465936,7,Hybrid MF,8.24,51.23,43.95,55.0,48.92,Moderate
C00190,44,Teacher,2,69270,31671,9883,27716,275873,4003858,2547012,214687,7041430,1040070,6001360,165401,5150135,738,Moderately Conservative,Intermediate,Higher Education,3939022,757260,3181762,10,ETF,40.01,14.27,90.35,32.0,64.09,Moderate
C00191,57,Freelancer,2,97938,42028,17435,38475,395040,2966191,5728465,114077,9203773,3106194,6097579,103543,8174254,785,Moderate,Beginner,Child Education,2550796,135375,2415421,7,Hybrid MF,39.29,17.8,70.6,44.0,58.63,Moderate
C00192,33,Business Owner,0,41758,21166,7591,13001,67535,849902,1934542,38932,2890911,1296844,1594067,67535,2749396,751,Conservative,Beginner,Retirement,5984315,594931,5389384,27,Gold,31.13,18.18,79.8,7.0,47.04,Moderately Conservative
C00193,60,Software Engineer,0,118339,44413,14671,59255,349562,8348575,5917102,263774,14879013,1285860,13593153,134336,14967959,755,Moderately Conservative,Intermediate,Wealth Creation,6656293,371628,6284665,7,ETF,50.07,12.4,81.15,40.0,62.63,Moderate
C00194,32,Bank Employee,0,121330,42440,34135,44755,268078,2137164,0,124961,2530203,1563368,966835,130062,17663639,797,Moderately Aggressive,Intermediate,Buy House,9336377,1496014,7840363,15,Bonds,36.89,28.13,72.95,72.0,72.52,Moderately Aggressive
C00195,35,Designer,2,106979,54971,14155,37853,195084,1371539,0,94220,1660843,285780,1375063,118918,12825852,759,Moderately Conservative,Advanced,Retirement,23480281,960077,22520204,25,Stocks,35.38,13.23,77.5,43.0,61.98,Moderate
C00196,48,Data Scientist,1,201845,85310,120274,0,950581,10000,12455055,462163,13877799,12833841,1043958,615253,44589181,590,Moderately Aggressive,Beginner,Buy House,21113670,7000,21106670,15,ETF,0.0,59.59,41.55,64.0,50.0,Moderate
C00197,63,Software Engineer,1,154277,66365,18493,69419,201988,9398224,0,154889,9755101,444860,9310241,201988,34515956,745,Moderate,Beginner,Child Education,4881915,1885694,2996221,10,Gold,45.0,11.99,83.5,44.0,65.73,Moderate
C00198,40,Software Engineer,2,349931,121029,98119,130783,1118180,8819440,24270712,569265,34777597,17547034,17230563,638959,44362596,831,Moderately Aggressive,Intermediate,Wealth Creation,31232915,1915708,29317207,15,Equity MF,37.37,28.04,75.75,80.0,77.66,Moderately Aggressive
C00199,32,Sales Executive,1,160925,69149,30330,61446,204353,4623046,0,147851,4975250,630539,4344711,204353,36473478,771,Moderately Conservative,Intermediate,Retirement,25035758,3236132,21799626,28,Debt MF,38.18,18.85,80.95,35.0,60.27,Moderate
C00200,24,Freelancer,0,187473,79046,15424,93003,259029,819888,0,73403,1152320,600035,552285,105557,43256331,726,Moderate,Intermediate,Wealth Creation,9590348,573921,9016427,7,FD,49.61,8.23,76.4,60.0,69.02,Moderately Aggressive
C00201,52,Accountant,0,115917,58433,27303,30181,409539,4844108,0,248298,5501945,444622,5057323,86626,17044316,730,Conservative,Beginner,Wealth Creation,3536327,1117885,2418442,5,Bonds,26.04,23.55,68.35,12.0,42.99,Moderately Conservative
C00202,48,Software Engineer,2,160978,72599,12025,76354,156171,13251909,7590981,90794,21089855,2154317,18935538,156171,16202618,700,Conservative,Beginner,Emergency Fund,1844501,380362,1464139,3,Debt MF,47.43,7.47,79.15,0.0,43.53,Moderately Conservative
C00203,49,Government Employee,4,149733,54222,30907,64604,478870,12855164,5758123,162679,19254836,3679175,15575661,171973,13882861,802,Moderate,Intermediate,Retirement,19321233,2980961,16340272,11,Bonds,43.15,20.64,82.6,55.0,70.18,Moderately Aggressive
C00204,36,Doctor,2,71506,39276,8702,23528,197231,2601233,5547207,98519,8444190,831776,7612414,112164,9850802,820,Moderately Aggressive,Advanced,Wealth Creation,4509989,1059244,3450745,7,Debt MF,32.9,12.17,79.75,88.0,83.46,Moderately Aggressive
C00205,37,Software Engineer,2,153385,73611,42248,37526,246599,3887423,10227278,99768,14461068,7592838,6868230,209413,16909696,715,Aggressive,Advanced,Wealth Creation,5490155,1853716,3636439,7,Equity MF,24.47,27.54,61.6,100.0,78.88,Moderately Aggressive
C00206,45,Freelancer,1,111711,49422,56606,5683,649536,676590,6838419,155650,8320195,10002743,-1682548,173986,16311607,619,Moderately Conservative,Intermediate,Buy House,4938347,463404,4474943,7,Debt MF,5.09,50.67,41.4,32.0,37.17,Moderately Conservative
C00207,45,Software Engineer,2,75243,22361,21581,31301,192457,1936375,5999409,133238,8261479,3263137,4998342,29994,15941823,761,Conservative,Intermediate,Retirement,8919708,1355462,7564246,15,Stocks,41.6,28.68,79.0,15.0,50.2,Moderate
C00208,26,Doctor,0,121275,43712,15042,62521,473083,695685,0,259464,1428232,582134,846098,250321,11770800,751,Moderate,Intermediate,Wealth Creation,18857752,486979,18370773,20,Bonds,51.55,12.4,89.85,60.0,76.42,Moderately Aggressive
C00209,39,Accountant,2,50183,24514,15385,10284,54666,634764,4104415,17818,4811663,2379617,2432046,54666,4977712,717,Conservative,Intermediate,Wealth Creation,2965896,444334,2521562,7,Equity MF,20.49,30.66,59.3,20.0,41.62,Moderately Conservative
C00210,59,Software Engineer,1,170212,61640,53736,54836,341350,6817812,8189153,255730,15604045,4937385,10666660,341350,13383005,761,Conservative,Intermediate,Higher Education,3021660,1151253,1870407,5,FD,32.22,31.57,66.3,12.0,41.87,Moderately Conservative
C00211,46,Business Owner,1,132190,58280,0,73910,566548,4066688,5817514,427312,10878062,0,10878062,393407,16356083,728,Moderately Conservative,Intermediate,Buy House,15501769,2218853,13282916,15,PPF,55.91,0.0,96.85,32.0,67.67,Moderate
C00212,22,Teacher,1,111075,48620,26147,36308,563149,88854,0,376419,1028422,1170524,-142102,178913,19273106,704,Moderate,Intermediate,Retirement,12672921,62197,12610724,38,Gold,32.69,23.54,75.0,55.0,66.0,Moderate
C00213,61,Data Scientist,0,186177,107485,24366,54326,338224,12842474,0,266480,13447178,1054265,12392913,238372,12718750,699,Moderate,Intermediate,Higher Education,1372171,105490,1266681,1,Hybrid MF,29.18,13.09,60.4,52.0,45.0,Moderately Conservative
C00214,35,Government Employee,2,87030,37901,9139,39990,117885,1745423,5282631,73722,7219661,1542042,5677619,74442,6073184,734,Conservative,Beginner,Wealth Creation,15397588,1221796,14175792,20,Bonds,45.95,10.5,82.5,12.0,50.78,Moderate
C00215,48,Government Employee,1,199553,69012,33257,97284,631113,20607401,12972264,364790,34575568,3661128,30914440,138726,15333790,653,Conservative,Beginner,Emergency Fund,4197099,953226,3243873,7,Bonds,48.75,16.67,82.95,0.0,45.62,Moderately Conservative
C00216,26,Data Scientist,2,101769,50970,51461,0,372709,10000,0,126650,509359,2123955,-1614596,260916,9966986,626,Moderately Conservative,Beginner,Buy House,12293373,7000,12286373,20,PPF,0.0,50.57,44.85,24.0,35.47,Moderately Conservative
C00217,46,Teacher,2,131327,49262,34961,47104,523378,5517256,5940072,250364,12231070,3128947,9102123,364730,15808254,747,Moderate,Advanced,Buy House,7119272,1292414,5826858,10,Gold,35.87,26.62,78.05,60.0,69.93,Moderately Aggressive
C00218,24,Freelancer,0,56890,25636,4138,27116,256280,320109,0,141334,717723,65965,651758,198957,5203233,733,Moderately Aggressive,Intermediate,Wealth Creation,2744014,224076,2519938,10,Hybrid MF,47.66,7.27,97.2,80.0,89.46,Aggressive
C00219,24,Sales Executive,0,41715,16781,6209,18725,175006,91101,0,63232,329339,297579,31760,117584,5565982,780,Conservative,Advanced,Buy House,6497716,63770,6433946,20,Stocks,44.89,14.88,84.0,20.0,55.2,Moderate
C00220,33,Bank Employee,2,120549,53673,36508,30368,617010,1616855,0,438126,2671991,818122,1853869,411447,8314846,802,Conservative,Beginner,Buy House,22947053,1131798,21815255,20,Equity MF,25.19,30.28,74.8,4.0,42.94,Moderately Conservative
C00221,38,Business Owner,3,68448,33559,17570,17319,197371,1185871,5289466,64702,6737410,2335640,4401770,53242,12029802,761,Moderately Conservative,Intermediate,Buy House,5330082,830109,4499973,10,FD,25.3,25.67,67.25,32.0,51.39,Moderate
C00222,27,Government Employee,2,179220,91684,45957,41579,675714,393817,0,141597,1211128,1570929,-359801,675714,39879361,698,Moderately Conservative,Intermediate,Wealth Creation,7583802,275671,7308131,5,PPF,23.2,25.64,64.1,40.0,53.26,Moderate
C00223,33,Teacher,0,66477,20691,0,45786,159207,1486828,4082009,87665,5815709,0,5815709,136106,8068578,754,Aggressive,Advanced,Retirement,6719178,1040779,5678399,27,Equity MF,68.87,0.0,98.8,98.0,98.44,Aggressive
C00224,38,Sales Executive,2,99697,53493,17385,28819,129555,1533590,6229287,53627,7946059,1976263,5969796,129555,12753512,724,Conservative,Beginner,Wealth Creation,2885601,860641,2024960,5,ETF,28.91,17.44,66.45,12.0,41.95,Moderately Conservative
C00225,21,Teacher,0,88470,30725,12048,45697,108141,229069,0,53618,390828,180114,210714,72875,20337302,756,Moderately Aggressive,Advanced,Retirement,9114445,160348,8954097,39,Hybrid MF,51.65,13.62,81.0,83.0,81.9,Moderately Aggressive
C00226,45,Data Scientist,2,141455,60501,17945,63009,670092,6286766,5214794,175161,12346813,1960667,10386146,455714,24716778,764,Aggressive,Advanced,Retirement,23926901,2184576,21742325,15,ETF,44.54,12.69,93.0,98.0,95.25,Aggressive
C00227,50,Software Engineer,0,234117,90734,74640,68743,718772,14415416,16630812,527038,32292038,5030806,27261232,376586,22674114,811,Conservative,Intermediate,Buy House,14376725,2577558,11799167,10,Bonds,29.36,31.88,75.45,12.0,46.9,Moderately Conservative
C00228,25,Designer,0,86081,42863,0,43218,209718,339099,0,87255,636072,0,636072,69813,9144333,822,Moderate,Beginner,Wealth Creation,6770811,237369,6533442,10,Debt MF,50.21,0.0,93.2,52.0,74.66,Moderately Aggressive
C00229,60,Software Engineer,2,231907,140423,54957,36527,1850762,3387731,14139217,998384,20376094,3398390,16977704,907695,29009088,732,Conservative,Intermediate,Child Education,10506580,2371411,8135169,10,FD,15.75,23.7,65.95,12.0,41.67,Moderately Conservative
C00230,23,Accountant,0,70278,30342,10927,29009,139153,126110,0,88713,353976,327924,26052,118518,6357105,736,Moderately Conservative,Beginner,Wealth Creation,3434337,88277,3346060,10,Stocks,41.28,15.55,77.2,32.0,56.86,Moderate
C00231,40,Freelancer,2,86951,42438,27388,17125,239214,981617,7004936,57262,8283029,3448954,4834075,217964,15433025,747,Conservative,Beginner,Retirement,17554149,687131,16867018,20,Debt MF,19.7,31.5,64.75,7.0,38.76,Moderately Conservative
C00232,51,Government Employee,0,184693,85332,25178,74183,1073050,12434181,13072345,415170,26994746,3876174,23118572,349740,27214146,760,Moderate,Intermediate,Retirement,20721840,3667828,17054012,9,Debt MF,40.17,13.63,89.3,55.0,73.87,Moderately Aggressive
C00233,43,Designer,3,251034,126095,58980,65959,796908,5310837,14367203,479103,20954051,5771191,15182860,728601,54441225,717,Conservative,Beginner,Travel,7098609,2205273,4893336,7,Debt MF,26.27,23.49,70.7,7.0,42.04,Moderately Conservative
C00234,26,Doctor,1,73754,26363,0,47391,362756,758174,0,227028,1347958,0,1347958,27720,11304794,777,Moderately Aggressive,Beginner,Buy House,4820013,530721,4289292,7,ETF,64.26,0.0,94.25,64.0,80.64,Moderately Aggressive
C00235,22,Teacher,0,25000,9845,3533,11622,127458,61460,0,28506,217424,136681,80743,66879,5855390,722,Moderately Aggressive,Advanced,Buy House,2390198,43022,2347176,10,Stocks,46.49,14.13,84.2,80.0,82.31,Moderately Aggressive
C00236,55,Teacher,1,178997,77306,30232,71459,893303,12660143,0,532588,14086034,931675,13154359,90072,24070070,667,Moderately Conservative,Beginner,Child Education,665794,239734,426060,1,FD,39.92,16.89,75.3,24.0,45.0,Moderately Conservative
C00237,51,Government Employee,1,147081,56983,38504,51594,237647,8470110,8759981,58299,17526037,5165080,12360957,237647,18850100,669,Moderately Conservative,Advanced,Emergency Fund,1968862,235027,1733835,3,Debt MF,35.08,26.18,64.7,31.0,49.54,Moderate
C00238,25,Data Scientist,0,52084,21613,0,30471,102980,615244,0,81265,799489,0,799489,102980,11405080,741,Aggressive,Advanced,Retirement,6805671,430670,6375001,35,Bonds,58.5,0.0,96.0,98.0,96.9,Aggressive
C00239,62,Government Employee,0,268962,102232,66283,100447,645847,20148597,0,172719,20967163,1436099,19531064,454606,56646448,769,Moderately Conservative,Beginner,Wealth Creation,8964017,1840272,7123745,5,FD,37.35,24.64,71.85,32.0,53.92,Moderate
C00240,58,Teacher,0,168907,75174,24355,69378,336758,22168029,6817436,240042,29562265,3304163,26258102,336758,16501399,729,Conservative,Intermediate,Child Education,2114221,606052,1508169,2,Hybrid MF,41.07,14.42,75.85,12.0,45.0,Moderately Conservative
C00241,59,Government Employee,1,121846,52377,34647,34822,143310,7243641,10062849,76724,17526524,3477424,14049100,143310,28788236,728,Conservative,Intermediate,Buy House,15354980,2472937,12882043,15,Debt MF,28.58,28.44,64.9,12.0,41.1,Moderately Conservative
C00242,37,Business Owner,2,189651,97419,15457,76775,593651,7655459,10945317,179076,19373503,2108621,17264882,593651,39562832,806,Moderately Conservative,Beginner,Retirement,41418553,5358821,36059732,23,ETF,40.48,8.15,98.2,27.0,66.16,Moderate
C00243,49,Software Engineer,2,126644,37550,35547,53547,197805,6015373,10156381,108585,16478144,4408454,12069690,194312,15942591,716,Moderately Aggressive,Advanced,Retirement,15177929,1796697,13381232,11,Debt MF,42.28,28.07,78.6,83.0,80.58,Moderately Aggressive
C00244,23,Freelancer,0,89291,55098,20180,14013,617430,118605,0,229378,965413,293820,671593,188413,17303971,812,Moderately Aggressive,Intermediate,Child Education,626505,83023,543482,1,Equity MF,15.69,22.6,59.8,72.0,45.0,Moderately Conservative
C00245,59,Sales Executive,0,318589,123280,93024,102285,1517301,14453365,0,595346,16566012,1713495,14852517,329846,43084170,739,Conservative,Beginner,Retirement,44402941,9087008,35315933,1,PPF,32.11,29.2,70.7,7.0,42.04,Moderately Conservative
C00246,32,Government Employee,2,55587,25452,0,30135,313185,1011551,3482758,161775,4969269,0,4969269,142227,5668415,740,Moderately Aggressive,Advanced,Retirement,8251162,708085,7543077,28,PPF,54.21,0.0,98.95,83.0,91.77,Aggressive
C00247,46,Doctor,3,145083,76065,22236,46782,174821,2615060,8053194,124255,10967330,3464771,7502559,174821,15091138,667,Conservative,Beginner,Retirement,29579320,1830542,27748778,14,Stocks,32.24,15.33,72.85,7.0,43.22,Moderately Conservative
C00248,56,Teacher,0,64523,28493,0,36030,87656,6741773,0,41704,6871133,0,6871133,73090,14712658,803,Moderate,Beginner,Wealth Creation,6217933,829122,5388811,20,Hybrid MF,55.84,0.0,86.35,52.0,70.89,Moderately Aggressive
C00249,61,Doctor,0,376204,208036,18955,149213,2500000,28058895,0,930269,31489164,418836,31070328,440671,33682088,712,Conservative,Beginner,Child Education,3500341,801468,2698873,2,Hybrid MF,39.66,5.04,78.4,4.0,44.92,Moderately Conservative
C00250,53,Software Engineer,1,162246,69926,34347,57973,475521,8167899,0,341009,8984429,1109896,7874533,270756,19458518,672,Moderately Conservative,Beginner,Wealth Creation,4885532,1951126,2934406,5,PPF,35.73,21.17,73.2,32.0,54.66,Moderate
C00251,26,Software Engineer,0,264624,116831,53588,94205,373527,791202,0,224084,1388813,2200929,-812116,373527,18483603,747,Moderate,Intermediate,Higher Education,6058107,553841,5504266,5,Gold,35.6,20.25,65.25,52.0,59.29,Moderate
C00252,63,Doctor,1,184630,70416,54301,59913,450637,8478756,15225524,337459,24492376,4345927,20146449,130134,13916214,733,Moderately Conservative,Advanced,Wealth Creation,24836473,5935129,18901344,20,FD,32.45,29.41,74.3,48.0,62.47,Moderate
C00253,35,Accountant,2,65012,35270,7356,22386,373214,833817,2815665,133754,4156450,818729,3337721,216200,7836251,796,Conservative,Beginner,Retirement,12061721,583671,11478050,25,Bonds,34.43,11.31,86.5,7.0,50.73,Moderate
C00254,21,Software Engineer,0,174795,80039,48142,46614,624370,193696,0,168106,986172,1966861,-980689,376642,25639987,789,Moderate,Intermediate,Emergency Fund,2984239,135587,2848652,3,ETF,26.67,27.54,61.6,43.0,53.23,Moderate
C00255,29,Bank Employee,1,49221,25029,4749,19443,313717,917156,0,186256,1417129,122336,1294793,74399,9349871,820,Moderate,Advanced,Buy House,2488909,512695,1976214,10,FD,39.5,9.65,91.6,60.0,77.38,Moderately Aggressive
C00256,22,Sales Executive,0,52078,26718,4671,20689,365512,148203,0,126382,640097,208799,431298,44131,7513061,740,Moderate,Advanced,Buy House,3771968,103742,3668226,10,PPF,39.73,8.97,86.2,60.0,74.41,Moderately Aggressive
C00257,63,Consultant,2,450000,188510,0,261490,1830721,70939635,19817362,782456,93370174,0,93370174,655077,37729985,798,Moderately Aggressive,Intermediate,Retirement,78295917,27003250,51292667,1,Equity MF,58.11,0.0,83.1,75.0,45.0,Moderately Conservative
C00258,30,Teacher,1,68036,24938,4114,38984,298631,1247497,3679857,155327,5381312,246958,5134354,67051,6632266,774,Moderately Conservative,Beginner,Child Education,992887,133515,859372,3,FD,57.3,6.05,90.85,24.0,60.77,Moderate
C00259,23,Accountant,0,137582,60146,0,77436,397070,398215,0,238252,1033537,0,1033537,179837,22761578,805,Aggressive,Intermediate,Retirement,16376172,278750,16097422,37,Bonds,56.28,0.0,96.0,90.0,93.3,Aggressive
C00260,29,Freelancer,1,95173,41647,16778,36748,314960,1250252,0,148999,1714211,537111,1177100,159417,13592711,752,Moderately Conservative,Beginner,Retirement,12949783,875176,12074607,31,ETF,38.61,17.63,80.4,27.0,56.37,Moderate
C00261,28,Consultant,1,110348,55773,0,54575,462350,1415970,0,103004,1981324,0,1981324,444073,16194398,678,Moderately Aggressive,Intermediate,Retirement,13896891,991178,12905713,32,PPF,49.46,0.0,99.55,75.0,88.5,Aggressive
C00262,58,Software Engineer,0,228897,102891,36662,89344,844263,14156565,0,202199,15203027,1354023,13849004,514792,51122627,726,Moderately Conservative,Beginner,Buy House,11397932,850983,10546949,7,ETF,39.03,16.02,80.45,24.0,55.05,Moderate
C00263,30,Business Owner,2,107562,37014,24808,45740,494111,776675,0,177331,1448117,1131476,316641,223554,21048427,689,Conservative,Beginner,Retirement,13979528,543672,13435856,30,Equity MF,42.52,23.06,82.25,7.0,48.39,Moderate
C00264,30,Bank Employee,1,35440,14426,5967,15047,136907,452981,0,50047,639935,266000,373935,97014,4335300,704,Moderate,Advanced,Retirement,6466513,317086,6149427,30,ETF,42.46,16.84,89.25,63.0,77.44,Moderately Aggressive
C00265,27,Sales Executive,0,153809,80673,27890,45246,332126,1364279,0,174384,1870789,466289,1404500,332126,35043829,793,Moderately Aggressive,Advanced,Retirement,21269270,954995,20314275,33,FD,29.42,18.13,78.7,83.0,80.64,Moderately Aggressive
C00266,26,Business Owner,1,201756,90093,0,111663,791824,2792673,0,603863,4188360,0,4188360,665407,46463117,733,Conservative,Beginner,Wealth Creation,36012476,1954871,34057605,20,Debt MF,55.35,0.0,99.85,12.0,60.32,Moderate
C00267,62,Teacher,0,109549,50591,18315,40643,650953,7164106,5439828,148571,13403458,2568231,10835227,356130,9785188,656,Moderate,Advanced,Emergency Fund,6876938,1115659,5761279,10,Equity MF,37.1,16.72,79.65,51.0,66.76,Moderate
C00268,40,Software Engineer,1,124836,63391,55910,5535,495610,374654,10270004,289905,11430173,3511816,7918357,254275,27152025,593,Aggressive,Beginner,Wealth Creation,4704756,262257,4442499,5,Equity MF,4.43,44.79,49.15,87.0,66.18,Moderate
C00269,25,Freelancer,0,318204,154184,99957,64063,1210284,541453,0,706360,2458097,1663815,794282,618619,34826443,748,Moderate,Advanced,Wealth Creation,19818825,379017,19439808,10,Hybrid MF,20.13,31.41,66.2,68.0,67.01,Moderate
C00270,21,Data Scientist,0,66729,26486,12026,28217,74587,123008,0,24519,222114,463884,-241770,61552,10892075,818,Moderately Conservative,Beginner,Emergency Fund,3797900,86105,3711795,10,Gold,42.29,18.02,72.2,15.0,46.46,Moderately Conservative
C00271,60,Doctor,2,229405,97563,0,131842,986009,32896732,15369319,205198,49457258,0,49457258,208316,54434286,694,Moderately Aggressive,Beginner,Buy House,9513216,1373442,8139774,7,Equity MF,57.47,0.0,89.15,64.0,77.83,Moderately Aggressive
C00272,45,Accountant,1,85811,45359,14080,26372,233885,1698825,4122994,142684,6198388,2000278,4198110,204699,17164775,741,Moderately Conservative,Advanced,Buy House,3902414,228182,3674232,5,Bonds,30.73,16.41,72.4,40.0,57.82,Moderate
C00273,32,Government Employee,0,91843,31716,0,60127,178139,3779454,5374094,89542,9421229,0,9421229,161610,13994173,780,Moderate,Intermediate,Retirement,10437065,2153594,8283471,28,Stocks,65.47,0.0,94.95,55.0,76.97,Moderately Aggressive
C00274,29,Bank Employee,1,37013,16990,6005,14018,108948,310637,0,42029,461614,215546,246068,96171,4127703,721,Moderately Aggressive,Intermediate,Wealth Creation,6611922,217445,6394477,20,Equity MF,37.87,16.22,84.4,80.0,82.42,Moderately Aggressive
C00275,22,Consultant,0,217048,87502,22286,107260,656597,818494,0,327211,1802302,342840,1459462,265573,51455945,758,Aggressive,Advanced,Retirement,32227117,572945,31654172,38,Equity MF,49.42,10.27,89.0,98.0,93.05,Aggressive
C00276,59,Sales Executive,2,182150,95110,0,87040,987812,21472146,11315302,202308,33977568,0,33977568,158420,12706440,716,Moderate,Intermediate,Wealth Creation,34235402,12301351,21934051,20,Equity MF,47.78,0.0,94.9,60.0,79.2,Moderately Aggressive
C00277,61,Designer,1,127954,50909,23890,53155,270574,18067558,8791730,95287,27225149,3966886,23258263,250998,11959611,840,Conservative,Beginner,Retirement,18733912,6317107,12416805,1,ETF,41.54,18.67,75.4,7.0,44.62,Moderately Conservative
C00278,30,Business Owner,1,115724,40763,22896,52065,208437,1522508,5413563,104243,7248751,3682893,3565858,208437,23379408,757,Moderately Conservative,Intermediate,Retirement,17272441,1065755,16206686,30,Stocks,44.99,19.79,82.25,35.0,60.99,Moderate
C00279,35,Government Employee,4,40989,19747,7922,13320,199597,649105,2604200,138305,3591207,502480,3088727,106948,5038586,749,Moderate,Beginner,Retirement,5878830,454373,5424457,25,ETF,32.5,19.33,89.5,47.0,70.38,Moderately Aggressive
C00280,23,Data Scientist,0,67801,27439,15764,24598,215965,129021,0,71970,416956,657146,-240190,144286,9491014,731,Aggressive,Advanced,Wealth Creation,3238537,90314,3148223,5,Bonds,36.28,23.25,69.4,100.0,83.17,Moderately Aggressive
C00281,21,Data Scientist,0,66221,32593,9326,24302,187676,61646,0,139096,388418,245261,143157,88553,9318182,765,Conservative,Beginner,Child Education,1545736,43152,1502584,7,Stocks,36.7,14.08,72.4,4.0,41.62,Moderately Conservative
C00282,32,Government Employee,1,68985,28182,19891,20912,91713,1003471,5443653,71958,6610795,1303883,5306912,91713,6782671,743,Moderately Conservative,Intermediate,Buy House,2790482,702429,2088053,5,Debt MF,30.31,28.83,73.35,32.0,54.74,Moderate
C00283,21,Designer,0,91991,42349,25508,24134,245589,105238,0,53751,404578,973229,-568651,245589,12393896,717,Moderate,Intermediate,Wealth Creation,10450835,73666,10377169,15,ETF,26.24,27.73,66.0,60.0,63.3,Moderate
C00284,63,Software Engineer,0,245781,132017,32611,81153,378662,27880865,15843846,288387,44391760,4610370,39781390,378662,45252253,738,Conservative,Beginner,Wealth Creation,18408787,5397265,13011522,10,Equity MF,33.02,13.27,73.5,12.0,45.83,Moderately Conservative
C00285,52,Accountant,0,115942,56167,50567,9208,208137,1762074,6441082,63782,8475075,3699297,4775778,208137,26330479,555,Moderately Aggressive,Beginner,Retirement,19877567,1233451,18644116,8,Equity MF,7.94,43.61,50.15,67.0,57.73,Moderate
C00286,25,Software Engineer,0,124850,47247,31051,46552,357220,579828,0,108153,1045201,1201641,-156440,147338,22376482,695,Moderate,Beginner,Buy House,4689463,405879,4283584,5,Stocks,37.29,24.87,65.4,44.0,55.77,Moderate
C00287,63,Freelancer,1,230565,104648,32616,93301,1286647,14940039,0,434737,16661423,1271456,15389967,566555,44943551,754,Conservative,Intermediate,Higher Education,1189117,178825,1010292,1,Debt MF,40.47,14.15,79.1,12.0,45.0,Moderately Conservative
C00288,30,Accountant,2,218035,90885,0,127150,924391,4960034,16228752,436609,22549786,0,22549786,517479,25576238,765,Moderately Conservative,Intermediate,Travel,2183823,426554,1757269,3,Bonds,58.32,0.0,90.85,35.0,65.72,Moderate
C00289,43,Teacher,2,162541,59071,39517,63953,724026,9153304,9259844,315262,19452436,4292566,15159870,110974,33556724,748,Conservative,Beginner,Retirement,25414030,6407312,19006718,17,Equity MF,39.35,24.31,81.3,7.0,47.87,Moderately Conservative
C00290,37,Teacher,2,65068,32211,0,32857,110172,3731966,4955221,55899,8853258,0,8853258,62704,10591670,780,Conservative,Intermediate,Buy House,2206400,594714,1611686,7,FD,50.5,0.0,83.6,12.0,51.38,Moderate
C00291,31,Data Scientist,0,71775,21906,4456,45413,164005,1130103,0,43099,1337207,185437,1151770,54115,9397863,814,Moderately Conservative,Beginner,Retirement,8945204,791072,8154132,29,Equity MF,63.27,6.21,95.1,27.0,64.45,Moderate
C00292,38,Designer,3,47810,25188,30981,0,290992,10000,3742147,130290,4173429,3857111,316318,33880,2888801,657,Moderately Conservative,Beginner,Buy House,6475970,7000,6468970,20,FD,0.0,64.8,43.05,24.0,34.48,Moderately Conservative
C00293,48,Doctor,1,135644,61131,25451,49062,385863,6513993,9056718,285830,16242404,2027692,14214712,224342,11578076,796,Moderate,Intermediate,Child Education,1709439,123322,1586117,2,FD,36.17,18.76,72.35,52.0,45.0,Moderately Conservative
C00294,43,Software Engineer,3,402622,196354,23497,182771,469992,13366305,0,371101,14207398,820837,13386561,418521,89806000,769,Moderate,Intermediate,Wealth Creation,16733343,4990104,11743239,5,Stocks,45.4,5.84,82.7,60.0,72.49,Moderately Aggressive
C00295,27,Doctor,1,101379,37575,11321,52483,217111,676064,0,79005,972180,221242,750938,157337,22660108,798,Moderately Aggressive,Beginner,Child Education,353168,25377,327791,1,Equity MF,51.77,11.17,77.5,64.0,45.0,Moderately Conservative
C00296,54,Software Engineer,1,215878,86127,26648,103103,385363,15491567,13876531,182143,29935604,3981674,25953930,214884,13367384,641,Moderately Conservative,Intermediate,Child Education,595822,195450,400372,1,Bonds,47.76,12.34,76.45,32.0,45.0,Moderately Conservative
C00297,24,Business Owner,1,117308,54958,72443,0,193877,10000,0,150479,354356,2677065,-2322709,193877,15434717,721,Conservative,Beginner,Wealth Creation,10617844,7000,10610844,15,Stocks,0.0,61.75,41.0,12.0,27.95,Conservative
C00298,26,Data Scientist,0,45039,24190,12384,8465,225313,130196,0,95046,450555,365304,85251,77322,3852275,816,Moderate,Beginner,Wealth Creation,1530361,91137,1439224,5,Hybrid MF,18.79,27.5,62.25,52.0,57.64,Moderate
C00299,28,Business Owner,1,139088,47039,16251,75798,524763,2593991,0,405451,3524205,727770,2796435,363898,19058483,729,Moderately Conservative,Beginner,Buy House,6796798,1488192,5308606,10,Bonds,54.5,11.68,89.75,24.0,60.16,Moderate
C00300,31,Government Employee,0,89836,49406,47617,0,431502,10000,0,120874,562376,1103798,-541422,262349,16563175,626,Conservative,Intermediate,Emergency Fund,6910865,7000,6903865,10,Gold,0.0,53.0,41.3,3.0,24.07,Conservative
C00301,30,Consultant,0,137653,51196,35994,50463,180203,2654571,7441929,75309,10352012,2385403,7966609,180203,19067500,760,Conservative,Beginner,Child Education,1306570,357127,949443,3,Bonds,36.66,26.15,70.85,4.0,40.77,Moderately Conservative
C00302,30,Business Owner,1,88016,36883,12362,38771,240977,898580,0,90065,1229622,405216,824406,53895,8311531,769,Moderately Aggressive,Intermediate,Higher Education,260655,18373,242282,1,PPF,44.05,14.05,74.05,72.0,45.0,Moderately Conservative
C00303,30,Doctor,0,48921,29275,4989,14657,373945,295966,2605438,103014,3378363,652161,2726202,136889,4722776,764,Moderate,Intermediate,Child Education,1404707,94401,1310306,7,PPF,29.96,10.2,76.65,52.0,65.56,Moderate
C00304,21,Business Owner,0,88839,41720,23703,23416,185690,109047,0,148116,442853,372649,70204,94480,7409592,693,Conservative,Beginner,Wealth Creation,8731697,76332,8655365,15,Gold,26.36,26.68,66.0,12.0,41.7,Moderately Conservative
C00305,47,Accountant,1,131326,52906,63547,14873,660407,2274760,10068796,306933,13310896,3949760,9361136,80500,19944570,716,Moderately Conservative,Advanced,Child Education,4823936,1592332,3231604,7,ETF,11.33,48.39,57.1,40.0,49.41,Moderate
C00306,62,Government Employee,0,141809,63869,36124,41816,600210,14423642,10960723,460643,26445218,6198265,20246953,234393,10516437,726,Conservative,Beginner,Wealth Creation,4905104,356847,4548257,5,Hybrid MF,29.49,25.47,67.85,12.0,42.72,Moderately Conservative
C00307,54,Software Engineer,2,191250,85982,58151,47117,649287,8766542,0,345870,9761699,1074207,8687492,367513,44800895,759,Moderate,Intermediate,Child Education,4155050,1607198,2547852,5,ETF,24.64,30.41,68.05,52.0,60.83,Moderate
C00308,55,Teacher,1,100895,62789,56152,0,615937,10000,0,289058,914995,800888,114107,272027,18571129,676,Moderate,Intermediate,Retirement,20652692,7000,20645692,5,ETF,0.0,55.65,34.9,55.0,43.95,Moderately Conservative
C00309,26,Freelancer,2,226557,123421,48398,54738,1667519,726599,0,1122066,3516184,1807556,1708628,632915,31940980,770,Moderately Aggressive,Intermediate,Buy House,27002104,508619,26493485,20,FD,24.16,21.36,72.85,72.0,72.47,Moderately Aggressive
C00310,33,Teacher,2,79955,42691,20419,16845,378325,464082,2922614,105251,3870272,1982933,1887339,77618,18985676,709,Conservative,Beginner,Buy House,7177225,324857,6852368,15,ETF,21.07,25.54,67.8,4.0,39.09,Moderately Conservative
C00311,21,Freelancer,0,61259,26400,12409,22450,90016,179870,0,54379,324265,200286,123979,90016,8544314,689,Moderately Aggressive,Advanced,Retirement,10543279,125908,10417371,39,FD,36.65,20.26,74.0,83.0,78.05,Moderately Aggressive
C00312,44,Data Scientist,1,328164,190750,0,137414,501456,10695481,0,304014,11500951,0,11500951,501456,65879405,748,Aggressive,Intermediate,Wealth Creation,32624714,3192569,29432145,20,ETF,41.87,0.0,88.15,95.0,91.23,Aggressive
C00313,51,Software Engineer,2,115811,45462,0,70349,565068,5335863,9322258,338516,15561705,0,15561705,265315,23353792,749,Moderate,Advanced,Higher Education,582506,59404,523102,2,Gold,60.74,0.0,84.9,60.0,45.0,Moderately Conservative
C00314,35,Teacher,2,56924,23179,10340,23405,193747,1597550,4695925,49782,6537004,1104331,5432673,89152,9327231,727,Moderate,Beginner,Travel,1351708,448079,903629,5,Bonds,41.12,18.16,85.9,47.0,68.4,Moderately Aggressive
C00315,45,Accountant,2,101767,37557,22899,41311,257920,4763080,6563755,171057,11755812,3649769,8106043,82389,22544996,772,Moderately Aggressive,Intermediate,Buy House,5871955,2251452,3620503,10,Hybrid MF,40.59,22.5,76.2,72.0,74.31,Moderately Aggressive
C00316,36,Doctor,1,162651,74887,21864,65900,166530,3337238,11913679,112994,15530441,2723168,12807273,166530,14005209,765,Conservative,Intermediate,Wealth Creation,5935540,1658295,4277245,5,PPF,40.52,13.44,76.75,20.0,51.21,Moderate
C00317,35,Government Employee,3,163371,82686,46874,33811,1069310,2701317,7708914,823612,12303153,8202918,4100235,139239,10243317,740,Moderately Aggressive,Advanced,Wealth Creation,7302036,1089547,6212489,5,Bonds,20.7,28.69,65.9,88.0,75.84,Moderately Aggressive
C00318,47,Government Employee,2,58034,27109,12405,18520,323299,2306864,2827513,168670,5626346,1412902,4213444,110627,4434071,703,Moderately Conservative,Beginner,Retirement,9061765,1614804,7446961,13,Bonds,31.91,21.38,80.7,27.0,56.54,Moderate
C00319,27,Doctor,2,159983,63592,38539,57852,319656,1174478,0,245592,1739726,651061,1088665,285117,15766600,733,Conservative,Beginner,Child Education,4575684,822134,3753550,5,Gold,36.16,24.09,71.1,4.0,40.9,Moderately Conservative
C00320,58,Accountant,1,125983,73944,75296,0,408013,10000,4917331,305237,5640581,8273638,-2633057,311782,15492512,696,Conservative,Intermediate,Child Education,6609931,7000,6602931,7,Debt MF,0.0,59.77,30.450000000000003,12.0,22.15,Conservative
C00321,46,Teacher,3,133668,53264,33883,46521,354864,4988063,0,156951,5499878,668538,4831340,185986,14855694,762,Conservative,Beginner,Retirement,18159866,3491644,14668222,14,ETF,34.8,25.35,79.85,7.0,47.07,Moderately Conservative
C00322,24,Teacher,0,48046,22120,0,25926,246149,273835,0,186812,706796,0,706796,131728,9351013,780,Moderate,Advanced,Retirement,6830410,191684,6638726,36,Gold,53.96,0.0,100.0,63.0,83.35,Moderately Aggressive
C00323,38,Software Engineer,2,108621,53924,17119,37578,272674,1567738,6055373,209588,8105373,1286739,6818634,272674,11026655,712,Moderate,Beginner,Emergency Fund,1585220,88198,1497022,3,PPF,34.6,15.76,76.65,35.0,57.91,Moderate
C00324,24,Doctor,0,186003,86900,10462,88641,678107,618223,0,446597,1742927,311100,1431827,293110,16078769,803,Conservative,Beginner,Wealth Creation,22319646,432756,21886890,15,Stocks,47.66,5.62,93.0,12.0,56.55,Moderate
C00325,23,Software Engineer,0,125224,53942,27471,43811,734487,195912,0,207149,1137548,741744,395804,199474,19555540,751,Moderately Conservative,Beginner,Buy House,12524969,137138,12387831,20,Debt MF,34.99,21.94,78.0,24.0,53.7,Moderate
C00326,42,Consultant,1,265157,131487,0,133670,1735281,17804148,10116876,1305049,30961354,0,30961354,564351,17293384,753,Moderately Conservative,Beginner,Wealth Creation,9254368,1236088,8018280,5,Gold,50.41,0.0,91.85,32.0,64.92,Moderate
C00327,55,Bank Employee,1,347882,161626,84679,101577,514167,15538864,15092388,347608,31493027,14377782,17115245,353467,72058274,743,Moderate,Intermediate,Wealth Creation,27543836,4003868,23539968,15,Debt MF,29.2,24.34,62.5,60.0,61.38,Moderate
C00328,55,Data Scientist,0,300046,176439,78234,45373,1637465,9938101,19856632,871519,32303717,13954573,18349144,1080871,59964298,727,Moderately Aggressive,Beginner,Retirement,64720210,6956670,57763540,5,Stocks,15.12,26.07,60.9,67.0,63.65,Moderate
C00329,24,Designer,0,93169,33819,13636,45714,238441,315450,0,63039,616930,264780,352150,68749,18955288,747,Moderately Conservative,Intermediate,Child Education,876673,220815,655858,3,Hybrid MF,49.07,14.64,77.6,32.0,57.08,Moderate
C00330,29,Doctor,2,101068,44070,26160,30838,102208,1495491,0,33580,1631279,634949,996330,102208,9557602,795,Moderately Aggressive,Advanced,Child Education,4219584,1022495,3197089,10,Equity MF,30.51,25.88,68.6,80.0,73.73,Moderately Aggressive
C00331,46,Freelancer,2,211714,91092,25585,95037,1027861,13302057,11417512,638474,26385904,4100932,22284972,529939,32236605,824,Moderately Conservative,Intermediate,Buy House,6981114,1724226,5256888,5,PPF,44.89,12.08,87.25,32.0,62.39,Moderate
C00332,22,Software Engineer,0,80269,37802,6578,35889,496341,209925,0,295654,1001920,295486,706434,61647,15948379,796,Moderate,Beginner,Buy House,7545406,146947,7398459,15,Gold,44.71,8.19,94.0,44.0,71.5,Moderately Aggressive
C00333,33,Sales Executive,0,196521,111115,15527,69879,1203221,3821213,10058344,945301,16028079,1410158,14617921,465893,12853188,793,Moderately Conservative,Advanced,Retirement,46262796,2674849,43587947,27,FD,35.56,7.9,93.8,43.0,70.94,Moderately Aggressive
C00334,30,Accountant,2,36668,12775,9129,14764,151973,315548,0,63643,531164,391412,139752,36582,5596081,752,Conservative,Advanced,Child Education,98595,16592,82003,1,FD,40.26,24.9,71.05,20.0,45.0,Moderately Conservative
C00335,37,Accountant,3,71876,29940,11996,29940,235164,1430028,5596343,87801,7349336,843917,6505419,226225,9205543,794,Moderately Conservative,Beginner,Child Education,380755,76714,304041,1,Debt MF,41.66,16.69,83.0,24.0,45.0,Moderately Conservative
C00336,38,Business Owner,3,171417,65199,38371,67847,326450,5026481,13413706,253502,19020139,6414102,12606037,326450,28335005,755,Moderate,Beginner,Buy House,10232564,2489355,7743209,7,FD,39.58,22.38,69.45,44.0,58.0,Moderate
C00337,45,Business Owner,2,180824,57124,29109,94591,393354,8281309,11226738,196005,20097406,2217357,17880049,255488,16353487,805,Aggressive,Intermediate,Higher Education,5195956,2005660,3190296,10,Bonds,52.31,16.1,86.2,87.0,86.56,Aggressive
C00338,54,Designer,0,229905,102217,0,127688,540419,8586075,17082234,290678,26499406,0,26499406,106346,31560921,727,Moderate,Intermediate,Child Education,6161314,2430541,3730773,7,ETF,55.54,0.0,86.05,52.0,70.73,Moderately Aggressive
C00339,55,Teacher,1,112377,43823,20959,47595,548756,4825091,0,278398,5652245,556610,5095635,93508,20918667,732,Conservative,Beginner,Buy House,8799806,2277219,6522587,10,Equity MF,42.35,18.65,88.7,4.0,50.59,Moderate
C00340,31,Teacher,0,103359,43667,17765,41927,360250,1738943,4317960,93348,6510501,2680658,3829843,111992,7237311,721,Moderate,Intermediate,Retirement,10615878,1217260,9398618,29,PPF,40.56,17.19,85.1,55.0,71.56,Moderately Aggressive
C00341,39,Software Engineer,2,177641,66999,43270,67372,307901,9428358,0,127521,9863780,2060635,7803145,190143,18805891,725,Conservative,Beginner,Wealth Creation,13357727,5143523,8214204,10,Equity MF,37.93,24.36,75.1,12.0,46.7,Moderately Conservative
C00342,31,Doctor,1,246818,91720,30858,124240,1166604,8118881,0,804364,10089849,1408752,8681097,631626,43405971,712,Moderate,Intermediate,Child Education,12454533,4440053,8014480,10,Bonds,50.34,12.5,92.3,52.0,74.17,Moderately Aggressive
C00343,53,Consultant,0,450000,246735,53168,150097,981217,24239541,23757012,613255,49591025,5537003,44054022,981217,35094482,719,Moderate,Intermediate,Child Education,7061140,1495737,5565403,2,Bonds,33.35,11.82,71.6,52.0,45.0,Moderately Conservative
C00344,23,Data Scientist,0,183595,84629,0,98966,902582,305227,0,500155,1707964,0,1707964,496511,22379063,784,Moderately Aggressive,Intermediate,Retirement,26080869,213658,25867211,37,Hybrid MF,53.9,0.0,100.0,75.0,88.75,Aggressive
C00345,34,Sales Executive,0,110972,41888,27571,41513,140814,1708083,0,32390,1881287,399730,1481557,140814,22818715,765,Moderately Aggressive,Intermediate,Buy House,5832096,1195658,4636438,7,ETF,37.41,24.85,73.05,72.0,72.58,Moderately Aggressive
C00346,60,Software Engineer,0,121145,51198,17149,52798,458757,6459796,8046553,170574,15135680,2601662,12534018,244588,10082489,643,Conservative,Beginner,Emergency Fund,482298,63323,418975,1,Equity MF,43.58,14.16,76.55,0.0,42.1,Moderately Conservative
C00347,40,Doctor,2,199782,104890,109789,0,873890,10000,0,462681,1346571,3621713,-2275142,399795,46116543,607,Moderate,Advanced,Retirement,45541052,7000,45534052,20,Bonds,0.0,54.95,42.75,63.0,50.0,Moderate
C00348,45,Data Scientist,2,256294,129034,62237,65023,1763378,2499638,16148153,495208,20906377,4861326,16045051,845010,56323487,720,Moderately Aggressive,Intermediate,Wealth Creation,20460230,1749746,18710484,10,Stocks,25.37,24.28,73.2,80.0,76.26,Moderately Aggressive
C00349,47,Software Engineer,3,80676,42120,11878,26678,432941,4038491,6459991,298343,11229766,2107902,9121864,301653,8905720,773,Conservative,Advanced,Emergency Fund,3186403,270538,2915865,10,FD,33.07,14.72,81.9,11.0,50.0,Moderate
C00350,33,Sales Executive,0,47079,19220,14506,13353,157603,599061,3794237,67261,4618162,1677489,2940673,31129,7985532,707,Moderate,Intermediate,Buy House,1377049,185955,1191094,5,Bonds,28.36,30.81,65.2,52.0,59.26,Moderate
C00351,44,Business Owner,2,131328,71357,23037,36934,290329,5110517,0,225982,5626828,405550,5221278,184933,13214885,742,Conservative,Intermediate,Buy House,12726781,2186321,10540460,15,Gold,28.12,17.54,79.15,12.0,48.93,Moderate
C00352,37,Accountant,1,89017,43084,19959,25974,141446,2490587,0,78091,2710124,837879,1872245,64880,16408164,649,Moderately Conservative,Beginner,Buy House,5603265,1743410,3859855,10,Hybrid MF,29.18,22.42,62.4,24.0,45.12,Moderately Conservative
C00353,25,Doctor,0,149758,84593,23880,41285,183602,359726,0,83113,626441,345450,280991,183602,21251076,768,Moderately Conservative,Intermediate,Wealth Creation,16580671,251808,16328863,20,Bonds,27.57,15.95,68.0,40.0,55.4,Moderate
C00354,22,Software Engineer,0,180170,73684,49278,57208,362975,103620,0,259713,726308,1420762,-694454,282175,25387195,698,Conservative,Beginner,Higher Education,2049842,72534,1977308,3,PPF,31.75,27.35,62.6,4.0,36.23,Moderately Conservative
C00355,34,Accountant,1,150256,60061,15582,74613,133473,5865743,8897028,66820,14963064,1536377,13426687,115625,19195167,783,Moderate,Intermediate,Buy House,4189962,575086,3614876,5,PPF,49.66,10.37,80.05,52.0,67.43,Moderate
C00356,28,Sales Executive,1,113691,54843,54157,4691,140958,130387,0,87921,359266,2175782,-1816516,140958,21107118,590,Moderate,Intermediate,Buy House,11176012,91270,11084742,20,FD,4.13,47.64,45.55,52.0,48.45,Moderate
C00357,54,Sales Executive,0,120242,53379,18782,48081,380211,10358442,8619923,197402,19555978,2950354,16605624,345102,11867988,775,Moderate,Beginner,Wealth Creation,13169718,1662895,11506823,20,Equity MF,39.99,15.62,86.65,52.0,71.06,Moderately Aggressive
C00358,45,Teacher,1,135788,57969,11652,66167,657879,6016090,7083695,350530,14108194,1503498,12604696,111076,19331104,768,Moderately Conservative,Beginner,Child Education,1070256,170301,899955,3,Gold,48.73,8.58,88.6,24.0,59.53,Moderate
C00359,44,Software Engineer,1,131856,56955,7875,67026,349826,6948556,9610516,116487,17025385,727168,16298217,153721,31447807,753,Aggressive,Advanced,Wealth Creation,6004936,2024706,3980230,7,FD,50.83,5.97,87.55,100.0,93.15,Aggressive
C00360,22,Government Employee,0,35245,18389,6657,10199,44474,34388,0,11738,90600,297006,-206406,23698,4853136,789,Conservative,Beginner,Wealth Creation,5361446,24071,5337375,20,Stocks,28.94,18.89,65.0,12.0,41.15,Moderately Conservative
C00361,38,Government Employee,3,161800,66918,28464,66418,478482,3466561,10436105,100214,14481362,2594387,11886975,376726,10641793,730,Moderate,Advanced,Child Education,2779564,770011,2009553,5,Stocks,41.05,17.59,85.45,60.0,74.0,Moderately Aggressive
C00362,48,Designer,2,101052,41738,0,59314,443495,6005448,0,102009,6550952,0,6550952,87104,20418959,730,Moderately Aggressive,Advanced,Child Education,2636962,884231,1752731,5,Hybrid MF,58.7,0.0,90.95,80.0,86.02,Aggressive
C00363,23,Freelancer,0,66046,34666,9293,22087,235862,61976,0,126361,424199,334160,90039,235862,12622018,685,Moderate,Beginner,Retirement,12540556,43383,12497173,37,Bonds,33.44,14.07,82.0,47.0,66.25,Moderate
C00364,29,Sales Executive,1,146924,65530,15963,65431,421969,2197251,0,130064,2749284,509062,2240222,164367,14113982,771,Conservative,Advanced,Buy House,14961300,1538075,13423225,15,Stocks,44.53,10.86,88.4,20.0,57.62,Moderate
C00365,34,Consultant,0,181143,76911,0,104232,589021,5420702,14762460,247553,21019736,0,21019736,565586,20801456,746,Moderate,Intermediate,Buy House,12169797,3794491,8375306,7,Gold,57.54,0.0,93.05,52.0,74.58,Moderately Aggressive
C00366,58,Bank Employee,0,155702,66262,47242,42198,142208,4560229,7499861,56674,12258972,4364004,7894968,142208,21677878,822,Conservative,Intermediate,Wealth Creation,9015225,2980090,6035135,7,ETF,27.1,30.34,56.45,20.0,40.05,Moderately Conservative
C00367,52,Data Scientist,1,206182,94318,20194,91670,569823,11185369,0,432777,12187969,787633,11400336,569823,29817478,679,Moderate,Intermediate,Wealth Creation,21360749,7829758,13530991,15,ETF,44.46,9.79,95.95,60.0,79.77,Moderately Aggressive
C00368,43,Doctor,2,80000,26921,23571,29508,101463,4632200,3840945,62111,8636719,3514890,5121829,60821,17968003,756,Moderately Aggressive,Intermediate,Wealth Creation,9203967,2038336,7165631,15,Stocks,36.88,29.46,74.3,80.0,76.87,Moderately Aggressive
C00369,21,Freelancer,0,67717,36654,13978,17085,192176,57806,0,150923,400905,477848,-76943,192176,15756958,741,Moderately Conservative,Beginner,Retirement,9564623,40464,9524159,39,Hybrid MF,25.23,20.64,66.0,27.0,48.45,Moderate
C00370,25,Doctor,0,147815,70149,25255,52411,583725,821295,0,207161,1612181,337379,1274802,356522,14987414,736,Moderate,Beginner,Buy House,16002087,574906,15427181,15,Debt MF,35.46,17.09,88.0,44.0,68.2,Moderately Aggressive
C00371,61,Bank Employee,1,110498,39383,61113,10002,275719,2745849,5151557,81847,8254972,6394825,1860147,272888,23096752,734,Conservative,Intermediate,Buy House,9293562,1922094,7371468,15,Equity MF,9.05,55.31,47.6,12.0,31.58,Moderately Conservative
C00372,43,Data Scientist,2,103306,61801,59515,0,193493,10000,6756672,49636,7009801,8957833,-1948032,70674,10835522,645,Aggressive,Advanced,Child Education,7061443,7000,7054443,10,ETF,0.0,57.61,30.5,95.0,50.0,Moderate
C00373,27,Software Engineer,1,115012,41818,34165,39029,269382,841648,0,198390,1309420,1502400,-192980,269382,24395735,778,Moderately Conservative,Intermediate,Wealth Creation,12337922,589153,11748769,15,PPF,33.93,29.71,74.7,40.0,59.09,Moderate
C00374,29,Accountant,1,80909,32199,0,48710,220732,1838302,0,159854,2218888,0,2218888,136293,5163175,802,Conservative,Beginner,Retirement,12884656,1286811,11597845,31,Gold,60.2,0.0,95.4,7.0,55.62,Moderate
C00375,44,Government Employee,2,34811,14462,3021,17328,81199,1271799,0,27294,1380292,137316,1242976,81199,6867431,830,Moderately Conservative,Beginner,Wealth Creation,4639609,890259,3749350,15,Gold,49.78,8.68,93.15,32.0,65.63,Moderate
C00376,63,Government Employee,1,135151,69619,32308,33224,278179,7630307,6700987,95407,14704880,5331293,9373587,278179,23458791,774,Conservative,Intermediate,Buy House,13425011,2469906,10955105,15,Bonds,24.58,23.91,66.3,12.0,41.87,Moderately Conservative
C00377,42,Freelancer,2,72145,29026,13540,29579,319307,1214915,0,242307,1776529,319652,1456877,217201,14626783,707,Moderately Aggressive,Advanced,Buy House,4200780,608575,3592205,10,FD,41.0,18.77,87.65,80.0,84.21,Aggressive
C00378,30,Sales Executive,1,81643,29794,44582,7267,275437,189868,6846340,130424,7442069,6681027,761042,168946,19468402,663,Moderate,Intermediate,Wealth Creation,6495784,132907,6362877,10,Hybrid MF,8.9,54.61,46.45,60.0,50.0,Moderate
C00379,41,Accountant,3,121049,58564,8589,53896,119642,3800808,8107297,53890,12081637,822015,11259622,119642,11463885,704,Moderate,Intermediate,Higher Education,1954523,638265,1316258,5,ETF,44.52,7.1,83.0,52.0,69.05,Moderately Aggressive
C00380,35,Bank Employee,2,181191,73212,25380,82599,275535,3697752,0,184143,4157430,566614,3590816,275535,34989906,666,Aggressive,Advanced,Retirement,24252764,2588426,21664338,25,Hybrid MF,45.59,14.01,90.5,98.0,93.88,Aggressive
C00381,60,Sales Executive,0,349981,175463,26983,147535,2204091,39974850,0,1588319,43767260,325875,43441385,642490,72564243,791,Moderately Conservative,Intermediate,Buy House,13060716,1489227,11571489,5,PPF,42.16,7.71,89.15,32.0,63.43,Moderate
C00382,25,Freelancer,0,95199,48749,17538,28912,372757,740920,0,264098,1377775,420726,957049,185233,12965990,749,Moderately Conservative,Intermediate,Retirement,13325981,518643,12807338,35,Debt MF,30.37,18.42,81.0,35.0,60.3,Moderate
C00383,64,Doctor,0,450000,221191,122819,105990,660652,23920467,20248083,309803,45139005,16227227,28911778,660652,90256530,765,Conservative,Advanced,Retirement,91998448,9518403,82480045,1,FD,23.55,27.29,49.95,23.0,37.82,Moderately Conservative
C00384,23,Freelancer,0,68121,44301,19094,4726,230359,39187,0,100564,370110,694543,-324433,191906,16272687,742,Moderately Aggressive,Intermediate,Travel,3736255,27430,3708825,10,FD,6.94,28.03,53.2,75.0,63.01,Moderate
C00385,25,Sales Executive,0,45655,14229,3555,27871,102911,243405,0,72483,418799,130024,288775,34982,6534082,725,Moderate,Advanced,Retirement,4477036,170383,4306653,35,Gold,61.05,7.79,90.0,63.0,77.85,Moderately Aggressive
C00386,47,Bank Employee,2,63291,30953,8257,24081,75743,960303,0,29600,1065646,335785,729861,75743,8958186,699,Moderately Conservative,Intermediate,Child Education,330295,54314,275981,1,ETF,38.05,13.05,61.5,32.0,45.0,Moderately Conservative
C00387,36,Freelancer,2,141806,76498,22894,42414,687766,2366718,0,150256,3204740,891544,2313196,482821,32836596,813,Conservative,Beginner,Buy House,13338199,1656702,11681497,10,PPF,29.91,16.14,78.55,4.0,45.0,Moderately Conservative
C00388,54,Bank Employee,0,111831,39102,22005,50724,137932,8443833,6056022,86347,14724134,1373174,13350960,137932,13443626,800,Moderately Conservative,Beginner,Wealth Creation,4576428,1590787,2985641,5,Debt MF,45.36,19.68,82.05,32.0,59.53,Moderate
C00389,35,Consultant,2,218408,94932,18431,105045,656745,12083610,13668875,340105,26749335,1817452,24931883,144785,48315610,729,Moderately Aggressive,Advanced,Wealth Creation,29545754,4104123,25441631,20,Debt MF,48.1,8.44,94.5,88.0,91.58,Aggressive
C00390,56,Government Employee,1,88910,43634,9432,35844,543428,8054808,0,283632,8881868,368485,8513383,86415,10908317,716,Conservative,Intermediate,Retirement,18821937,5638365,13183572,4,ETF,40.31,10.61,82.95,15.0,52.37,Moderate
C00391,38,Software Engineer,1,122841,49358,26615,46868,278991,3733742,0,171906,4184639,1212464,2972175,278991,24277235,700,Moderately Conservative,Beginner,Retirement,21642233,2613619,19028614,22,Equity MF,38.15,21.67,75.05,27.0,53.43,Moderate
C00392,23,Designer,0,84561,43595,14970,25996,548624,65334,0,303589,917547,254651,662896,44628,8807215,768,Moderately Conservative,Intermediate,Wealth Creation,8714928,45733,8669195,20,Stocks,30.74,17.7,88.0,40.0,66.4,Moderate
C00393,50,Teacher,1,147412,68679,46849,31884,243077,1799639,0,176743,2219459,682695,1536764,84284,28600910,706,Moderately Conservative,Beginner,Wealth Creation,4470742,325255,4145487,5,Hybrid MF,21.63,31.78,57.65,32.0,46.11,Moderately Conservative
C00394,33,Bank Employee,0,75399,30994,10959,33446,277141,2285943,0,110148,2673232,168936,2504296,247268,8159083,707,Moderately Aggressive,Advanced,Wealth Creation,2956848,524702,2432146,5,ETF,44.36,14.53,89.2,88.0,88.66,Aggressive
C00395,56,Government Employee,1,73571,37108,8227,28236,275287,5032189,0,198385,5505861,232320,5273541,41099,10061561,736,Moderate,Intermediate,Buy House,2923497,914128,2009369,7,Equity MF,38.38,11.18,76.75,52.0,65.61,Moderate
C00396,32,Government Employee,0,163407,62275,34525,66607,646399,2944179,7560649,131530,11282757,3318367,7964390,388746,33163334,788,Conservative,Beginner,Travel,2254686,179845,2074841,3,Gold,40.76,21.13,76.55,7.0,45.25,Moderately Conservative
C00397,27,Software Engineer,1,196233,82901,28286,85046,262250,2272237,0,184189,2718676,407451,2311225,262250,46612604,748,Moderately Conservative,Beginner,Retirement,33416073,1590565,31825508,33,Debt MF,43.34,14.41,91.7,27.0,62.59,Moderate
C00398,32,Business Owner,0,138128,59273,0,78855,194479,4307309,0,98080,4599868,0,4599868,194479,12868682,793,Conservative,Beginner,Travel,3379698,768347,2611351,7,PPF,57.09,0.0,89.35,7.0,52.29,Moderate
C00399,63,Sales Executive,2,144552,72601,0,71951,656965,25164912,0,152532,25974409,0,25974409,327197,18429457,757,Moderate,Intermediate,Child Education,4660317,1221647,3438670,5,PPF,49.78,0.0,88.7,52.0,72.19,Moderately Aggressive
C00400,62,Accountant,0,112380,65551,14141,32688,370318,8494715,4586354,281181,13732568,1484017,12248551,102617,14577080,757,Conservative,Intermediate,Retirement,19649143,5946300,13702843,1,Gold,29.09,12.58,65.25,15.0,42.64,Moderately Conservative
C00401,23,Designer,0,62547,32867,16466,13214,305830,68161,0,148108,522099,443309,78790,226623,6342270,727,Conservative,Beginner,Buy House,3404487,47712,3356775,7,ETF,21.13,26.33,64.4,4.0,37.22,Moderately Conservative
C00402,22,Software Engineer,0,131190,58577,0,72613,683015,388936,0,241506,1313457,0,1313457,71705,14878145,750,Conservative,Intermediate,Retirement,21333762,272255,21061507,38,FD,55.35,0.0,100.0,15.0,61.75,Moderate
C00403,37,Software Engineer,2,150314,61882,29712,58720,147990,3941341,0,44040,4133371,792676,3340695,147990,26903207,729,Moderately Conservative,Intermediate,Child Education,5682213,629283,5052930,10,Bonds,39.06,19.77,74.4,32.0,55.32,Moderate
C00404,60,Software Engineer,1,196572,79230,39609,77733,538987,13069577,0,150073,13758637,1290029,12468608,219950,40149242,769,Moderately Conservative,Beginner,Buy House,16027603,2244056,13783547,10,Hybrid MF,39.54,20.15,74.95,24.0,52.02,Moderate
C00405,41,Sales Executive,1,51058,24805,9620,16633,335438,1432055,0,253070,2020563,347618,1672945,186505,6720159,758,Aggressive,Advanced,Child Education,1479889,91590,1388299,5,Hybrid MF,32.58,18.84,80.0,95.0,86.75,Aggressive
C00406,55,Teacher,0,118931,64616,0,54315,618084,6759685,9809988,452623,17640380,0,17640380,181866,9754832,750,Conservative,Advanced,Retirement,20751251,3988661,16762590,5,Stocks,45.67,0.0,89.9,23.0,59.8,Moderate
C00407,26,Software Engineer,0,188805,80789,47927,60089,996531,849711,0,219278,2065520,732278,1333242,108571,22704525,672,Moderately Aggressive,Intermediate,Buy House,17794943,594797,17200146,10,PPF,31.83,25.38,78.05,72.0,75.33,Moderately Aggressive
C00408,52,Software Engineer,1,133380,66347,23603,43430,216483,9647103,0,139630,10003216,907319,9095897,216483,13078180,692,Conservative,Intermediate,Travel,2848356,414127,2434229,3,ETF,32.56,17.7,74.55,15.0,47.75,Moderately Conservative
C00409,57,Bank Employee,0,120115,68570,6991,44554,605757,9093676,0,313347,10012780,273606,9739174,279431,23337718,751,Conservative,Beginner,Retirement,26860026,6365573,20494453,3,Gold,37.09,5.82,81.8,7.0,48.14,Moderate
C00410,34,Teacher,2,58653,27407,13830,17416,307072,2017743,4283503,65139,6673457,1942993,4730464,117438,7180113,814,Moderately Conservative,Advanced,Emergency Fund,747371,146097,601274,3,PPF,29.69,23.58,66.25,31.0,50.39,Moderate
C00411,55,Business Owner,2,258918,110731,50273,97914,498837,8612605,19802036,314668,29228146,8709095,20519051,498837,59362711,693,Moderately Conservative,Intermediate,Buy House,6405340,1942938,4462402,5,Debt MF,37.82,19.42,70.9,32.0,53.4,Moderate
C00412,59,Bank Employee,1,176190,63448,14909,97833,762831,11456053,14302176,256532,26777592,1591612,25185980,332797,34526369,804,Conservative,Advanced,Higher Education,2926126,291272,2634854,5,ETF,55.53,8.46,89.3,20.0,58.12,Moderate
C00413,48,Freelancer,1,100232,52850,0,47382,590766,7100954,5646281,367206,13705207,0,13705207,401628,10832169,824,Moderate,Intermediate,Child Education,4170429,481105,3689324,7,Equity MF,47.27,0.0,90.95,52.0,73.42,Moderately Aggressive
C00414,39,Sales Executive,3,47303,20540,8423,18340,130083,1632687,3332858,96030,5191658,1416824,3774834,67773,10947864,743,Moderately Conservative,Beginner,Retirement,5076447,1142880,3933567,21,Stocks,38.77,17.81,81.9,27.0,57.2,Moderate
C00415,40,Accountant,2,58739,25287,13473,19979,313595,1221821,2804282,206762,4546460,920152,3626308,51371,10864414,752,Moderately Aggressive,Advanced,Buy House,2842722,845687,1997035,7,FD,34.01,22.94,76.15,80.0,77.88,Moderately Aggressive
C00416,42,Business Owner,2,156279,77393,12710,66176,202272,4530932,10940617,48698,15722519,927566,14794953,202272,22453661,765,Moderately Aggressive,Advanced,Higher Education,3800641,663829,3136812,5,Bonds,42.34,8.13,82.85,80.0,81.57,Moderately Aggressive
C00417,62,Freelancer,1,155529,79160,43855,32514,536904,4150830,12106005,224359,17018098,7639208,9378890,536904,13388209,760,Conservative,Beginner,Emergency Fund,3285347,851463,2433884,5,Equity MF,20.91,28.2,64.85,0.0,35.67,Moderately Conservative
C00418,53,Software Engineer,0,209287,100896,51659,56732,1389996,6828785,0,1056087,9274868,1069687,8205181,664657,28871855,799,Moderate,Advanced,Retirement,29041718,3478400,25563318,7,Gold,27.11,24.68,72.2,63.0,68.06,Moderately Aggressive
C00419,35,Government Employee,2,50255,25205,10817,14233,127199,1385037,0,50076,1562312,342223,1220089,51189,7109153,744,Aggressive,Advanced,Retirement,9381229,969525,8411704,25,Hybrid MF,28.32,21.52,73.5,98.0,84.53,Aggressive
C00420,58,Designer,0,142867,69697,18363,54807,777150,5846949,9907808,192554,16724461,2411903,14312558,357241,26167686,750,Moderate,Intermediate,Retirement,18638947,4092864,14546083,2,Hybrid MF,38.36,12.85,74.85,55.0,45.0,Moderately Conservative
C00421,44,Designer,2,158154,71088,38027,49039,788855,4345336,0,284285,5418476,836277,4582199,331034,21752028,712,Moderate,Intermediate,Retirement,19189922,3041735,16148187,16,Bonds,31.01,24.04,84.15,55.0,71.03,Moderately Aggressive
C00422,31,Accountant,0,97677,41760,26582,29335,195256,1220400,0,130847,1546503,869314,677189,75424,13206524,756,Conservative,Beginner,Wealth Creation,7856043,854280,7001763,10,ETF,30.03,27.21,70.3,12.0,44.06,Moderately Conservative
C00423,41,Consultant,3,130428,60833,41650,27945,496947,2737592,5379444,382331,8996314,4940227,4056087,274933,22409620,761,Moderately Conservative,Beginner,Higher Education,2269836,413911,1855925,5,FD,21.43,31.93,65.0,24.0,46.55,Moderately Conservative
C00424,53,Bank Employee,2,284756,107384,58562,118810,472575,17499547,20954834,193785,39120741,5090444,34030297,372612,50162487,775,Moderately Aggressive,Intermediate,Child Education,3681410,278206,3403204,5,FD,41.72,20.57,78.2,72.0,75.41,Moderately Aggressive
C00425,37,Business Owner,2,156024,79907,22025,54092,463670,3349541,6536831,116281,10466323,1444389,9021934,141970,19014219,788,Moderately Aggressive,Intermediate,Wealth Creation,4070479,611918,3458561,5,PPF,34.67,14.12,79.6,80.0,79.78,Moderately Aggressive
C00426,52,Doctor,1,215339,106662,49359,59318,270353,9585853,0,130765,9986971,2191112,7795859,270353,24328551,721,Moderately Conservative,Advanced,Child Education,8326676,2328803,5997873,10,Bonds,27.55,22.92,63.15,40.0,52.73,Moderate
C00427,33,Bank Employee,2,74880,42293,8575,24012,576785,555362,0,226573,1358720,114472,1244248,314009,6374955,721,Moderately Aggressive,Intermediate,Wealth Creation,2806704,210442,2596262,7,Hybrid MF,32.07,11.45,84.2,80.0,82.31,Moderately Aggressive
C00428,51,Teacher,0,158805,65233,34679,58893,444099,11178060,0,204724,11826883,1324131,10502752,188323,12391630,753,Moderately Aggressive,Intermediate,Retirement,20576485,5208862,15367623,9,Bonds,37.09,21.84,76.3,75.0,75.72,Moderately Aggressive
C00429,23,Doctor,1,137564,74166,36411,26987,464581,175899,0,325129,965609,1338908,-373299,85153,16591184,703,Moderately Conservative,Beginner,Wealth Creation,5638102,123129,5514973,7,Equity MF,19.62,26.47,55.4,32.0,44.87,Moderately Conservative
C00430,43,Sales Executive,2,91017,40713,11421,38883,458665,5633652,4739540,219498,11051355,1955971,9095384,297600,6933501,737,Moderately Conservative,Beginner,Retirement,15423499,2567545,12855954,17,Debt MF,42.72,12.55,90.3,27.0,61.81,Moderate
C00431,33,Freelancer,0,65462,21610,5653,38199,242396,1502705,0,159127,1904228,80031,1824197,24451,15403756,797,Conservative,Beginner,Child Education,439637,84662,354975,2,Equity MF,58.35,8.64,87.6,4.0,45.0,Moderately Conservative
C00432,47,Consultant,3,229600,98804,73126,57670,390006,4895174,18039073,245365,23569618,4709466,18860152,390006,44956797,770,Moderately Conservative,Intermediate,Higher Education,13765135,3180439,10584696,10,Bonds,25.12,31.85,68.9,32.0,52.3,Moderate
C00433,23,Bank Employee,1,53694,27937,16667,9090,61998,36802,0,19663,118463,225491,-107028,59245,6934079,752,Moderate,Beginner,Retirement,10976501,25761,10950740,37,Equity MF,16.93,31.04,56.0,47.0,51.95,Moderate
C00434,57,Designer,1,357032,141620,30632,184780,584271,24754510,29873652,465598,55678031,2259855,53418176,584271,24747382,686,Moderately Aggressive,Beginner,Wealth Creation,29862302,4007141,25855161,15,FD,51.75,8.58,91.2,72.0,82.56,Moderately Aggressive
C00435,39,Sales Executive,2,73214,40022,10376,22816,159163,1694213,5451373,105525,7410274,1767485,5642789,159163,5711544,817,Moderately Conservative,Intermediate,Child Education,879417,316904,562513,2,Bonds,31.16,14.17,70.7,32.0,45.0,Moderately Conservative
C00436,46,Data Scientist,1,225067,92364,59394,73309,1194021,6501147,0,911130,8606298,2400397,6205901,176540,16796803,801,Moderately Conservative,Beginner,Buy House,7194435,1932056,5262379,5,Hybrid MF,32.57,26.39,75.25,24.0,52.19,Moderate
C00437,54,Consultant,1,450000,211443,0,238557,704774,35491273,28304204,309236,64809487,0,64809487,704774,31506731,758,Conservative,Beginner,Retirement,71195128,15536005,55659123,6,Equity MF,53.01,0.0,86.05,7.0,50.48,Moderate
C00438,41,Bank Employee,2,127169,66863,9856,50450,821001,4955905,0,467531,6244437,164514,6079923,120592,8728932,735,Moderately Conservative,Intermediate,Wealth Creation,3591664,308308,3283356,5,Debt MF,39.67,7.75,87.0,40.0,65.85,Moderate
C00439,49,Teacher,2,125002,58530,32294,34178,611792,5916968,0,224300,6753060,605965,6147095,165582,24406255,763,Moderate,Intermediate,Wealth Creation,7072425,402465,6669960,7,ETF,27.34,25.83,72.8,60.0,67.04,Moderate
C00440,24,Designer,0,58629,26700,0,31929,341156,412104,0,180099,933359,0,933359,105600,10046771,755,Moderately Conservative,Intermediate,Wealth Creation,2283145,240521,2042624,5,Bonds,54.46,0.0,94.4,40.0,69.92,Moderately Aggressive
C00441,56,Teacher,2,57457,24867,7149,25441,280914,3805579,2497560,217991,6802044,461354,6340690,195042,3495454,734,Conservative,Advanced,Retirement,9384913,732130,8652783,4,Debt MF,44.28,12.44,82.95,23.0,55.97,Moderate
C00442,28,Bank Employee,1,79564,37366,22186,20012,354658,269574,0,248979,873211,405641,467570,55888,10505585,738,Conservative,Intermediate,Emergency Fund,1162186,188701,973485,5,Debt MF,25.15,27.88,65.95,3.0,37.62,Moderately Conservative
C00443,47,Business Owner,4,268047,117351,15148,135548,1263643,25190803,0,428510,26882956,240772,26642184,643836,41325597,716,Moderate,Advanced,Child Education,5674775,529786,5144989,5,FD,50.57,5.65,91.1,60.0,77.11,Moderately Aggressive
C00444,41,Data Scientist,3,355620,193064,57635,104921,2500000,5735606,0,784034,9019640,1828375,7191265,225446,70256175,813,Moderate,Beginner,Wealth Creation,41669989,4014924,37655065,15,Bonds,29.5,16.21,80.6,52.0,67.73,Moderate
C00445,43,Sales Executive,2,194024,84352,55436,54236,836163,6287783,16106637,567205,23797788,5333691,18464097,584808,38146622,715,Conservative,Beginner,Wealth Creation,5757733,983979,4773754,5,Hybrid MF,27.95,28.57,70.7,12.0,44.29,Moderately Conservative
C00446,50,Teacher,1,51754,20415,5751,25588,182598,2841336,0,105721,3129655,134799,2994856,53595,11291430,720,Moderate,Beginner,Child Education,1562495,325411,1237084,7,Bonds,49.44,11.11,82.65,44.0,65.26,Moderate
C00447,51,Doctor,0,247755,110592,148854,0,651202,10000,0,457873,1119075,4914319,-3795244,422599,57075427,673,Moderately Aggressive,Intermediate,Retirement,39394419,7000,39387419,9,Debt MF,0.0,60.08,34.3,75.0,50.0,Moderate
C00448,33,Designer,0,70252,30585,0,39667,387933,1694450,2774163,243805,5100351,0,5100351,181061,11979922,661,Conservative,Intermediate,Wealth Creation,8842933,1186115,7656818,20,Equity MF,56.46,0.0,98.8,20.0,63.34,Moderate
C00449,53,Doctor,0,239286,80989,96467,61830,726962,11339192,15699678,367407,28133239,17266795,10866444,638396,41708607,619,Moderately Conservative,Intermediate,Wealth Creation,8423146,716811,7706335,5,Stocks,25.84,40.31,58.2,40.0,50.01,Moderate
C00450,32,Accountant,1,25000,8924,3427,12649,21372,373575,1535505,14049,1944501,221720,1722781,21372,1927793,706,Moderately Conservative,Advanced,Retirement,2534221,261502,2272719,28,Equity MF,50.6,13.71,85.95,43.0,66.62,Moderate
C00451,46,Bank Employee,3,143820,73851,39166,30803,511972,6365826,10540266,216487,17634551,2535090,15099461,261633,24437275,699,Moderate,Intermediate,Child Education,1731276,528082,1203194,3,ETF,21.42,27.23,66.45,52.0,59.95,Moderate
C00452,45,Data Scientist,2,290329,143932,63488,82909,650273,17617916,0,323623,18591812,1746754,16845058,650273,28170759,695,Moderate,Beginner,Retirement,44456191,8802527,35653664,15,Bonds,28.56,21.87,75.0,47.0,62.4,Moderate
C00453,46,Software Engineer,3,104215,56763,30365,17087,716420,1750472,4093086,260459,6820437,3929137,2891300,335145,18532945,761,Moderately Aggressive,Advanced,Retirement,15412985,1225330,14187655,14,Bonds,16.4,29.14,64.85,83.0,73.02,Moderately Aggressive
C00454,31,Accountant,1,58656,30860,0,27796,304705,1070050,3032820,159139,4566714,0,4566714,76563,12083612,741,Moderately Conservative,Intermediate,Child Education,990882,260642,730240,5,Stocks,47.39,0.0,93.5,32.0,65.83,Moderate
C00455,25,Bank Employee,0,95052,49129,28151,17772,135943,375116,0,70198,581257,1250783,-669526,135943,15526664,583,Moderately Aggressive,Intermediate,Wealth Creation,13403584,262581,13141003,15,Equity MF,18.7,29.62,56.0,80.0,66.8,Moderate
C00456,46,Consultant,2,194406,87086,21815,85505,726009,11380981,16317958,176439,28601387,1422933,27178454,219526,45645176,729,Conservative,Advanced,Wealth Creation,10275737,3322567,6953170,7,Gold,43.98,11.22,83.25,28.0,58.39,Moderate
C00457,33,Data Scientist,1,154891,78809,18925,57157,1090059,2210661,0,585764,3886484,398854,3487630,605586,22769561,699,Moderately Aggressive,Beginner,Child Education,880838,91876,788962,1,Hybrid MF,36.9,12.22,78.6,64.0,45.0,Moderately Conservative
C00458,41,Bank Employee,1,85753,45011,17247,23495,136388,2177389,0,106660,2420437,782282,1638155,136388,15077516,726,Moderate,Intermediate,Retirement,16525071,1524172,15000899,19,FD,27.4,20.11,69.6,55.0,63.03,Moderate
C00459,46,Business Owner,2,326655,109706,89548,127401,508707,12944493,0,166305,13619505,2342905,11276600,158958,32903476,763,Moderately Conservative,Beginner,Retirement,47446914,7339828,40107086,14,Debt MF,39.0,27.41,76.85,27.0,54.42,Moderate
C00460,44,Bank Employee,2,149674,52123,16569,80982,260936,5498467,8075791,94526,13929720,1584649,12345071,183623,35621031,753,Aggressive,Advanced,Retirement,15493059,3848926,11644133,16,Gold,54.11,11.07,89.15,98.0,93.13,Aggressive
C00461,54,Data Scientist,0,302603,141473,47502,113628,1194733,15484431,23809674,715984,41204822,6365675,34839147,761308,34293565,793,Moderate,Beginner,Retirement,46363171,10839101,35524070,6,Hybrid MF,37.55,15.7,81.05,47.0,65.73,Moderate
C00462,24,Data Scientist,0,93049,39443,14982,38624,450101,492877,0,333042,1276020,333585,942435,288104,7774749,764,Moderately Conservative,Intermediate,Retirement,10283696,345013,9938683,36,Stocks,41.51,16.1,93.0,35.0,66.9,Moderate
C00463,23,Doctor,0,266823,140044,51795,74984,672811,416545,0,292353,1381709,788811,592898,672811,39793644,731,Moderately Conservative,Intermediate,Child Education,4182156,291581,3890575,3,Equity MF,28.1,19.41,64.6,32.0,49.93,Moderate
C00464,54,Teacher,1,54953,22205,12380,20368,80482,1318574,3918141,57607,5374804,2140209,3234595,53556,6361306,712,Moderately Conservative,Advanced,Buy House,1899704,137668,1762036,7,Debt MF,37.06,22.53,67.05,40.0,54.88,Moderate
C00465,40,Government Employee,2,51886,24082,13297,14507,147978,1736905,2376145,91159,4352187,2261094,2091093,90602,4792813,725,Moderately Aggressive,Beginner,Wealth Creation,2174582,414196,1760386,7,Gold,27.96,25.63,61.15,72.0,66.03,Moderate
C00466,48,Designer,2,56432,27443,6149,22840,238833,2842083,0,142317,3223233,233436,2989797,56384,12356904,720,Moderately Conservative,Beginner,Retirement,11896361,1989458,9906903,12,Debt MF,40.47,10.9,88.55,27.0,60.85,Moderate
C00467,26,Government Employee,1,53540,26667,4856,22017,352827,400724,0,173924,927475,103529,823946,167513,10166889,760,Moderately Conservative,Intermediate,Retirement,9986424,280506,9705918,34,Debt MF,41.12,9.07,99.85,35.0,70.67,Moderately Aggressive
C00468,23,Consultant,0,84661,41305,4707,38649,334090,117106,0,91040,542236,93981,448255,135927,8402927,785,Moderate,Intermediate,Travel,1005104,81974,923130,2,Bonds,45.65,5.56,81.8,55.0,45.0,Moderately Conservative
C00469,23,Software Engineer,0,42536,21627,5820,15089,71984,47007,0,50219,169210,237863,-68653,71984,8626143,788,Moderately Conservative,Intermediate,Retirement,8008855,32904,7975951,37,Equity MF,35.47,13.68,75.0,35.0,57.0,Moderate
C00470,43,Bank Employee,2,195928,92541,19240,84147,704612,6952253,15747251,463205,23867321,2265754,21601567,533075,43400183,723,Moderate,Intermediate,Child Education,2726595,479146,2247449,3,Gold,42.95,9.82,88.9,52.0,72.3,Moderately Aggressive
C00471,30,Doctor,1,95566,39769,16002,39795,107239,1871887,7188481,74527,9242134,1415365,7826769,107239,14013403,676,Moderate,Intermediate,Retirement,17861354,1310320,16551034,30,Equity MF,41.64,16.74,86.25,55.0,72.19,Moderately Aggressive
C00472,64,Accountant,0,239165,143842,32504,62819,1656779,8877705,19478800,408942,30422226,4389430,26032796,570701,38312392,766,Moderately Conservative,Advanced,Retirement,48266516,4941180,43325336,1,Equity MF,26.27,13.59,68.95,43.0,45.0,Moderately Conservative
C00473,36,Business Owner,3,88252,31105,9366,47781,295317,4068524,4592971,229138,9185950,1146499,8039451,118351,13578096,713,Moderately Conservative,Beginner,Buy House,7972280,1434300,6537980,10,FD,54.14,10.61,91.55,24.0,61.15,Moderate
C00474,23,Data Scientist,0,181461,85804,36165,59492,288924,188336,0,116649,593909,838683,-244774,288924,36483113,749,Moderately Conservative,Beginner,Travel,1144761,131835,1012926,1,Bonds,32.79,19.93,63.8,27.0,45.0,Moderately Conservative
C00475,21,Designer,0,189579,78710,37772,73097,1098300,356979,0,779492,2234771,1132918,1101853,292247,32295354,740,Aggressive,Advanced,Wealth Creation,18541294,249885,18291409,15,PPF,38.56,19.92,82.0,100.0,90.1,Aggressive
C00476,39,Freelancer,3,76886,40521,15428,20937,163647,787616,5253174,34531,6238968,2324719,3914249,115784,8903701,680,Conservative,Advanced,Wealth Creation,9683134,551331,9131803,20,Hybrid MF,27.23,20.07,69.9,28.0,51.05,Moderate
C00477,24,Software Engineer,0,117699,65726,33957,18016,221051,323647,0,61331,606029,1181213,-575184,221051,10469753,754,Moderate,Intermediate,Wealth Creation,4633829,226552,4407277,7,Equity MF,15.31,28.85,55.4,60.0,57.47,Moderate
C00478,36,Designer,1,138834,53623,41448,43763,207186,2646297,0,101386,2954869,1350985,1603884,207186,28063949,711,Aggressive,Advanced,Wealth Creation,10779867,1852407,8927460,10,Debt MF,31.52,29.85,72.55,100.0,84.9,Aggressive
C00479,49,Doctor,3,146682,72661,29510,44511,356415,6174516,11507505,95352,18133788,4177697,13956091,205048,21357476,706,Moderate,Beginner,Retirement,25637729,4322161,21315568,11,FD,30.35,20.12,73.6,47.0,61.63,Moderate
C00480,44,Bank Employee,2,140724,52987,26729,61008,364975,12867973,5351580,201485,18786013,2484426,16301587,65034,29235916,701,Moderate,Beginner,Child Education,478887,124741,354146,1,Hybrid MF,43.35,18.99,77.95,44.0,45.0,Moderately Conservative
C00481,43,Sales Executive,3,74823,39226,16944,18653,523033,2060831,4431882,324864,7340610,1478583,5862027,40352,9108078,687,Moderate,Advanced,Child Education,3526869,385993,3140876,10,Equity MF,24.93,22.65,73.5,60.0,67.43,Moderate
C00482,24,Consultant,1,89964,33016,13903,43045,450153,430239,0,150264,1030656,429918,600738,54105,12465475,714,Moderately Conservative,Intermediate,Retirement,12463882,301167,12162715,36,Stocks,47.85,15.45,90.0,35.0,65.25,Moderate
C00483,61,Software Engineer,1,231309,112640,35087,83582,262010,13620171,0,158973,14041154,867396,13173758,262010,23697720,733,Moderately Conservative,Intermediate,Retirement,29201246,2607538,26593708,1,Debt MF,36.13,15.17,65.4,35.0,45.0,Moderately Conservative
C00484,49,Consultant,2,279924,156494,83142,40288,1322653,3592048,11408221,517526,16840448,5500046,11340402,589933,26298246,711,Moderate,Intermediate,Child Education,5679401,1854886,3824515,3,FD,14.39,29.7,59.0,52.0,55.85,Moderate
C00485,30,Accountant,1,111714,45645,7609,58460,307288,2874109,5661073,128823,8971293,818965,8152328,307288,8331929,664,Conservative,Beginner,Travel,2873623,728822,2144801,7,Equity MF,52.33,6.81,93.65,7.0,54.66,Moderate
C00486,24,Business Owner,0,122813,40813,27082,54918,319818,234259,0,102168,656245,1242068,-585823,258378,22759890,750,Moderate,Beginner,Wealth Creation,12274292,163981,12110311,15,Bonds,44.72,22.05,80.0,52.0,67.4,Moderate
C00487,41,Business Owner,2,178582,98440,27449,52693,1304815,6069589,9330241,573049,17277694,2764137,14513557,399064,31051824,766,Moderate,Beginner,Wealth Creation,11087615,1375026,9712589,10,FD,29.51,15.37,80.8,52.0,67.84,Moderate
C00488,29,Software Engineer,0,84229,40368,0,43861,545187,2354483,0,163957,3063627,0,3063627,132719,7668320,817,Aggressive,Intermediate,Child Education,952986,188185,764801,2,FD,52.07,0.0,88.2,87.0,45.0,Moderately Conservative
C00489,56,Bank Employee,0,80663,46095,15995,18573,271324,1179129,0,172655,1623108,393277,1229831,76052,12343383,710,Moderately Conservative,Beginner,Buy House,6836830,825390,6011440,15,Debt MF,23.03,19.83,74.35,24.0,51.69,Moderate
C00490,21,Software Engineer,0,82795,39259,19416,24120,395932,121276,0,161744,678952,463038,215914,196297,8626438,704,Moderately Conservative,Intermediate,Child Education,1211112,84893,1126219,3,ETF,29.13,23.45,64.6,32.0,49.93,Moderate
C00491,35,Government Employee,3,55663,17851,5752,32060,143172,2459531,4322553,83976,7009232,359160,6650072,108398,3695986,693,Moderate,Advanced,Emergency Fund,1175975,418183,757792,7,Bonds,57.6,10.33,88.9,51.0,71.85,Moderately Aggressive
C00492,21,Designer,0,126998,66508,12498,47992,883596,262730,0,457642,1603968,446176,1157792,103506,18914387,797,Moderate,Intermediate,Emergency Fund,7083846,183911,6899935,10,PPF,37.79,9.84,89.2,43.0,68.41,Moderately Aggressive
C00493,49,Sales Executive,3,239708,88764,56906,94038,1131462,13652161,0,658927,15442550,2296570,13145980,523564,23252373,679,Moderate,Beginner,Child Education,2296174,343866,1952308,3,PPF,39.23,23.74,75.0,44.0,61.05,Moderate
C00494,49,Business Owner,3,331539,127911,41278,162350,566320,17643850,16633927,374595,35218692,4427971,30790721,566320,32249790,699,Moderately Aggressive,Intermediate,Wealth Creation,57857215,12118990,45738225,20,ETF,48.97,12.45,88.4,80.0,84.62,Aggressive
C00495,53,Freelancer,0,136111,46552,28665,60894,129247,5673876,7166845,42009,13011977,3252746,9759231,63494,15525552,725,Moderately Conservative,Intermediate,Retirement,15779389,936817,14842572,7,Stocks,44.74,21.06,70.2,35.0,54.36,Moderate
C00496,23,Government Employee,0,78801,41976,18467,18358,304375,83479,0,91450,479304,398135,81169,172858,14830726,749,Moderately Aggressive,Intermediate,Higher Education,994615,58435,936180,3,Bonds,23.3,23.43,60.6,72.0,65.73,Moderate
C00497,26,Software Engineer,0,119463,52979,29536,36948,455409,377349,0,344610,1177368,628062,549306,153047,16013098,671,Moderate,Beginner,Wealth Creation,10500136,264144,10235992,10,Stocks,30.93,24.72,71.05,52.0,62.48,Moderate
C00498,40,Software Engineer,3,71816,31923,9488,30405,398585,1634623,0,132135,2165343,345623,1819720,162100,11456758,729,Moderately Conservative,Advanced,Wealth Creation,9365725,1144236,8221489,15,ETF,42.34,13.21,93.75,48.0,73.16,Moderately Aggressive
C00499,53,Accountant,0,121016,56707,20069,44240,423634,6519051,0,121642,7064327,262344,6801983,423634,18735086,717,Moderate,Intermediate,Child Education,2654879,725811,1929068,5,ETF,36.56,16.58,81.2,52.0,68.06,Moderately Aggressive
C00500,58,Teacher,1,127800,56956,71557,0,191078,10000,9161782,139686,9502546,9269279,233267,155372,14781952,609,Conservative,Advanced,Retirement,15266898,7000,15259898,2,Gold,0.0,55.99,24.85,23.0,24.02,Conservative
C00501,50,Software Engineer,0,79018,39128,49243,0,163470,10000,5351833,97569,5622872,7965099,-2342227,163470,11137124,740,Moderate,Intermediate,Buy House,5239223,7000,5232223,10,Debt MF,0.0,62.32,34.45,52.0,42.35,Moderately Conservative
C00502,32,Accountant,1,92834,43586,22772,26476,254071,1436770,4145206,53193,5889240,1941753,3947487,201790,14568587,766,Moderate,Beginner,Wealth Creation,2428505,364983,2063522,5,PPF,28.52,24.53,65.35,52.0,59.34,Moderate
C00503,64,Sales Executive,0,163853,81724,51718,30411,942459,4812315,11899812,283813,17938399,7022105,10916294,130729,37757651,788,Conservative,Beginner,Wealth Creation,20547098,3368620,17178478,15,Hybrid MF,18.56,31.56,65.15,12.0,41.23,Moderately Conservative
C00504,37,Software Engineer,2,119884,64323,31470,24091,194000,1372400,0,64601,1631001,626796,1004205,194000,27782837,751,Moderate,Advanced,Child Education,4813806,662242,4151564,7,Stocks,20.1,26.25,64.6,60.0,62.53,Moderate
C00505,27,Software Engineer,1,104912,36056,23328,45528,266589,1216579,0,74226,1557394,553492,1003902,181756,19067768,765,Moderately Conservative,Intermediate,Retirement,14864895,851605,14013290,33,Bonds,43.4,22.24,85.7,35.0,62.89,Moderate
C00506,37,Software Engineer,2,139729,63777,35970,39982,800521,5064299,8844973,539867,15249660,5167334,10082326,508216,8727749,760,Moderately Conservative,Intermediate,Retirement,24803896,1976022,22827874,23,FD,28.61,25.74,74.2,35.0,56.56,Moderate
C00507,49,Government Employee,2,151455,55053,8048,88354,422937,20789724,8330808,153473,29696942,764552,28932390,102552,31053953,758,Moderately Conservative,Beginner,Retirement,16152165,2271793,13880372,11,Stocks,58.34,5.31,89.6,27.0,61.43,Moderate
C00508,38,Freelancer,1,80470,28035,32886,19549,190186,1031917,0,151339,1373442,863036,510406,150601,18776521,567,Conservative,Advanced,Retirement,12495729,722341,11773388,22,Stocks,24.29,40.87,66.05,23.0,46.68,Moderately Conservative
C00509,33,Software Engineer,1,145578,67894,15556,62128,550902,2590345,0,359081,3500328,698378,2801950,463737,15387297,763,Moderately Conservative,Beginner,Retirement,23677807,1813241,21864566,27,Debt MF,42.68,10.69,91.8,27.0,62.64,Moderate
C00510,39,Doctor,2,133133,70717,32230,30186,528454,1006388,7605390,185897,9326129,4576766,4749363,429229,29445381,729,Conservative,Intermediate,Wealth Creation,10522126,704471,9817655,15,Bonds,22.67,24.21,73.9,20.0,49.65,Moderate
C00511,48,Government Employee,2,267103,152446,114088,569,1692288,63139,21592346,554745,23902518,8265667,15636851,518906,51889026,635,Conservative,Intermediate,Retirement,37739206,44197,37695009,12,PPF,0.21,42.71,57.55,15.0,38.4,Moderately Conservative
C00512,42,Accountant,3,65500,32359,4928,28213,157418,2568656,3701793,81769,6509636,827131,5682505,157418,12812445,800,Moderately Aggressive,Advanced,Child Education,395716,66251,329465,1,ETF,43.07,7.52,82.25,80.0,45.0,Moderately Conservative
C00513,33,Sales Executive,1,50317,24761,0,25556,149984,2256686,0,88540,2495210,0,2495210,93202,8529192,798,Moderate,Beginner,Child Education,584558,168881,415677,2,Gold,50.79,0.0,83.6,44.0,45.0,Moderately Conservative
C00514,55,Software Engineer,1,167555,78332,0,89223,355471,12348269,0,178336,12882076,0,12882076,225838,28102846,754,Moderately Aggressive,Beginner,Wealth Creation,24139125,8643788,15495337,20,Debt MF,53.25,0.0,91.5,72.0,82.72,Moderately Aggressive
C00515,54,Consultant,0,143326,75358,20636,47332,164865,5482028,8042265,113571,13802729,3437572,10365157,164865,23417540,772,Conservative,Intermediate,Retirement,18497094,1914116,16582978,6,Bonds,33.02,14.4,69.05,15.0,44.73,Moderately Conservative
C00516,44,Software Engineer,1,125954,63198,35109,27647,750187,2678243,0,496844,3925274,1642195,2283079,290728,18296632,802,Moderately Conservative,Intermediate,Emergency Fund,491011,118309,372702,1,ETF,21.95,27.87,61.95,23.0,44.42,Moderately Conservative
C00517,26,Accountant,2,95500,38706,29842,26952,164227,356537,0,106527,627291,660630,-33339,44092,15033582,709,Moderate,Advanced,Retirement,10316404,249575,10066829,34,Bonds,28.22,31.25,60.85,63.0,61.82,Moderate
C00518,39,Government Employee,4,36718,13923,17343,5452,58914,427662,2065649,15530,2567755,2993197,-425442,18239,7158309,654,Conservative,Beginner,Retirement,5278548,299363,4979185,21,Debt MF,14.85,47.23,48.900000000000006,7.0,30.05,Moderately Conservative
C00519,45,Accountant,2,178751,102623,31484,44644,585579,5060690,12327995,316620,18290884,3209196,15081688,585579,28014642,776,Conservative,Intermediate,Retirement,45596364,3542483,42053881,15,Gold,24.98,17.61,76.0,15.0,48.55,Moderate
C00520,60,Software Engineer,0,251381,103818,58299,89264,1058313,19031403,20451019,220286,40761021,5940079,34820942,199817,20812227,752,Moderate,Advanced,Higher Education,4057811,402859,3654952,5,Debt MF,35.51,23.19,76.15,60.0,68.88,Moderately Aggressive
C00521,39,Bank Employee,1,103054,43181,5659,54214,343425,2693842,0,87170,3124437,199280,2925157,229489,10516818,766,Moderate,Intermediate,Wealth Creation,4693006,656085,4036921,7,Equity MF,52.61,5.49,92.3,60.0,77.77,Moderately Aggressive
C00522,29,Accountant,1,88173,36312,24365,27496,353723,1777989,0,197816,2329528,897420,1432108,211233,16476152,780,Moderate,Beginner,Buy House,4181290,1244592,2936698,5,PPF,31.18,27.63,74.8,44.0,60.94,Moderate
C00523,29,Sales Executive,0,92369,35874,0,56495,254858,3322036,0,65843,3642737,0,3642737,250737,13522540,746,Moderate,Advanced,Child Education,5014580,516920,4497660,10,ETF,61.16,0.0,96.6,60.0,80.13,Moderately Aggressive
C00524,23,Teacher,0,116717,51576,11915,53226,218923,178252,0,148595,545770,387034,158736,218923,20376221,662,Moderate,Intermediate,Buy House,5992947,124776,5868171,10,Bonds,45.6,10.21,80.2,52.0,67.51,Moderate
C00525,51,Business Owner,1,260550,103535,25783,131232,1019072,12775353,11936688,349766,26080879,2247928,23832951,389917,46295080,740,Aggressive,Intermediate,Child Education,6923752,539643,6384109,5,Hybrid MF,50.37,9.9,90.5,87.0,88.93,Aggressive
C00526,25,Software Engineer,0,124112,68790,10638,44684,336117,334035,0,261145,931297,349192,582105,336117,15767691,690,Aggressive,Intermediate,Retirement,28177417,233824,27943593,35,Hybrid MF,36.0,8.57,85.0,90.0,87.25,Aggressive
C00527,46,Sales Executive,3,201958,80925,0,121033,413737,19329170,7484135,92746,27319788,0,27319788,413737,34208042,782,Moderately Conservative,Intermediate,Higher Education,3037594,582349,2455245,3,Stocks,59.93,0.0,84.45,32.0,60.85,Moderate
C00528,62,Consultant,0,283780,118429,64827,100524,530570,17697909,22814171,399108,41441758,6129309,35312449,530570,56640624,733,Moderate,Advanced,Buy House,41591415,12388536,29202879,20,FD,35.42,22.84,77.45,60.0,69.6,Moderately Aggressive
C00529,21,Bank Employee,0,70597,28966,0,41631,338130,211279,0,180138,729547,0,729547,191141,11993802,811,Moderately Conservative,Beginner,Buy House,10985170,147895,10837275,20,Gold,58.97,0.0,100.0,24.0,65.8,Moderate
C00530,27,Data Scientist,1,86133,36865,27466,21802,83055,940908,0,62428,1086391,679171,407220,83055,12022329,779,Moderately Aggressive,Intermediate,Retirement,10772706,658635,10114071,33,Bonds,25.31,31.89,63.7,75.0,68.78,Moderately Aggressive
C00531,36,Business Owner,4,125764,62294,26731,36739,156569,3922619,4899016,111382,9089586,4789185,4300401,156569,26830346,758,Moderately Aggressive,Intermediate,Higher Education,2680678,215358,2465320,3,Debt MF,29.21,21.25,53.95,72.0,62.07,Moderate
C00532,56,Accountant,1,101169,42540,0,58629,105464,10984197,5236387,76148,16402196,0,16402196,105464,10058920,761,Moderate,Beginner,Child Education,1243079,212691,1030388,3,PPF,57.95,0.0,77.95,44.0,62.67,Moderate
C00533,36,Government Employee,3,86290,31774,26078,28438,102986,1885763,3811009,51178,5850936,3039760,2811176,102986,11914148,736,Moderate,Intermediate,Higher Education,1984194,376898,1607296,7,Debt MF,32.96,30.22,66.75,52.0,60.11,Moderate
C00534,33,Bank Employee,1,109868,42020,31224,36624,249966,1725042,5457654,112479,7545141,3198478,4346663,196407,18450707,737,Moderately Aggressive,Intermediate,Buy House,6500135,1207529,5292606,7,Hybrid MF,33.33,28.42,70.2,72.0,71.01,Moderately Aggressive
C00535,29,Accountant,1,218132,105855,19687,92590,1341333,5622745,0,599451,7563529,366541,7196988,803426,33990026,744,Moderately Conservative,Advanced,Retirement,29141930,3132827,26009103,31,Debt MF,42.45,9.03,99.4,43.0,74.02,Moderately Aggressive
C00536,25,Doctor,0,128536,45832,38747,43957,464022,980977,0,152152,1597151,627821,969330,179100,12028965,730,Conservative,Beginner,Retirement,13615087,686683,12928404,35,Stocks,34.2,30.14,81.0,7.0,47.7,Moderately Conservative
C00537,56,Bank Employee,1,340541,147086,40198,153257,1666736,21911017,0,679760,24257513,1016844,23240669,1062130,48897143,776,Conservative,Intermediate,Retirement,55478511,8872516,46605995,4,Stocks,45.0,11.8,82.95,15.0,52.37,Moderate
C00538,27,Freelancer,1,87795,30278,41000,16517,381104,472061,0,240052,1093217,1218976,-125759,166055,11810200,675,Moderately Conservative,Beginner,Travel,1513395,330442,1182953,5,Stocks,18.81,46.7,54.1,27.0,41.91,Moderately Conservative
C00539,46,Government Employee,2,77785,38917,12084,26784,486767,2116204,0,147224,2750195,160976,2589219,89471,15378699,695,Moderately Conservative,Intermediate,Emergency Fund,983104,106997,876107,2,Equity MF,34.43,15.54,76.65,23.0,45.0,Moderately Conservative
C00540,32,Bank Employee,2,149264,59304,22897,67063,576907,3161129,9249017,313952,13301005,3885736,9415269,269360,23563748,783,Aggressive,Intermediate,Wealth Creation,7541472,1830106,5711366,10,Gold,44.93,15.34,86.15,95.0,90.13,Aggressive
C00541,31,Sales Executive,0,69917,27642,14441,27834,364009,1651328,0,100185,2115522,256762,1858760,158586,11009005,710,Conservative,Beginner,Wealth Creation,4442477,1145209,3297268,7,FD,39.81,20.65,80.5,12.0,49.68,Moderate
C00542,53,Teacher,0,61542,20866,15903,24773,194394,4418426,3901204,142008,8656032,987363,7668669,80047,13952860,714,Conservative,Intermediate,Retirement,8773709,3092898,5680811,7,Bonds,40.25,25.84,82.2,15.0,51.96,Moderate
C00543,37,Sales Executive,3,67513,29865,13948,23700,337420,1921124,2713463,254971,5226978,1599449,3627529,105821,11701497,737,Moderately Conservative,Intermediate,Wealth Creation,1922798,369638,1553160,5,Hybrid MF,35.1,20.66,73.6,40.0,58.48,Moderate
C00544,49,Data Scientist,3,190163,72455,35243,82465,657972,7541496,10156864,138277,18494609,4322604,14172005,242487,11454958,778,Conservative,Beginner,Wealth Creation,9633310,2816337,6816973,7,Hybrid MF,43.37,18.53,83.8,12.0,51.49,Moderate
C00545,44,Bank Employee,2,215133,104117,30423,80593,656907,4833762,15987006,441420,21919095,3156085,18763010,656907,35904360,810,Moderate,Intermediate,Child Education,5573694,1192288,4381406,7,Gold,37.46,14.14,82.55,52.0,68.8,Moderately Aggressive
C00546,56,Sales Executive,1,246065,128188,139998,0,447268,10000,13766563,192595,14416426,20804682,-6388256,447268,41650231,649,Moderately Conservative,Beginner,Higher Education,984770,7000,977770,1,ETF,0.0,56.89,25.15,24.0,24.63,Conservative
C00547,37,Teacher,3,61219,26308,0,34911,76444,2124704,2674422,15643,4891213,0,4891213,76444,5185194,778,Moderate,Beginner,Wealth Creation,2657446,639941,2017505,7,FD,57.03,0.0,83.6,52.0,69.38,Moderately Aggressive
C00548,29,Sales Executive,0,81188,33454,15220,32514,303313,1360612,0,72615,1736540,319114,1417426,167366,5138964,713,Moderately Conservative,Beginner,Wealth Creation,4259029,716430,3542599,7,Debt MF,40.05,18.75,86.8,32.0,62.14,Moderate
C00549,23,Consultant,0,89738,52037,28674,9027,379543,22884,0,144370,546797,933873,-387076,106667,18046691,737,Conservative,Beginner,Buy House,7803151,16018,7787133,10,ETF,10.06,31.95,58.2,4.0,33.81,Moderately Conservative
C00550,28,Sales Executive,1,90046,38597,26100,25349,414800,804124,0,303880,1522804,912645,610159,268746,11253486,740,Conservative,Beginner,Retirement,17291419,562886,16728533,32,Debt MF,28.15,28.99,72.55,7.0,43.05,Moderately Conservative
C00551,51,Teacher,1,158170,79538,35705,42927,207981,4642958,9487696,134781,14473416,4553102,9920314,125918,14773780,766,Moderate,Beginner,Wealth Creation,4567291,336354,4230937,5,Gold,27.14,22.57,57.5,52.0,55.03,Moderate
C00552,26,Data Scientist,1,266692,137964,0,128728,441380,4106239,0,168837,4716456,0,4716456,441380,39403852,792,Moderate,Intermediate,Buy House,14418741,2874367,11544374,7,Gold,48.27,0.0,90.25,52.0,73.04,Moderately Aggressive
C00553,33,Teacher,2,124436,37425,21186,65825,297451,3852407,0,74479,4224337,933267,3291070,161016,24127541,699,Moderately Conservative,Beginner,Buy House,3314913,587670,2727243,5,Bonds,52.9,17.03,86.2,24.0,58.21,Moderate
C00554,42,Doctor,3,228100,131473,0,96627,817511,8552371,10185606,605727,20161215,0,20161215,287040,49937180,708,Conservative,Intermediate,Emergency Fund,5112013,1248057,3863956,5,Hybrid MF,42.36,0.0,87.85,3.0,49.67,Moderate
C00555,24,Teacher,0,32114,16810,9033,6271,53523,112838,0,23562,189923,161441,28482,53523,3231681,826,Moderate,Intermediate,Wealth Creation,2721364,78986,2642378,10,FD,19.53,28.13,58.2,60.0,59.01,Moderate
C00556,59,Software Engineer,0,279106,137866,0,141240,1284117,19144709,18626605,617635,39673066,0,39673066,965902,33947304,738,Conservative,Beginner,Travel,3162281,891049,2271232,2,Bonds,50.6,0.0,83.7,7.0,45.0,Moderately Conservative
C00557,34,Business Owner,2,117467,61112,0,56355,179123,3054710,6334583,115664,9684080,0,9684080,179123,16144797,785,Moderately Conservative,Intermediate,Retirement,20333119,2138297,18194822,26,PPF,47.98,0.0,89.65,35.0,65.06,Moderate
C00558,36,Sales Executive,2,115760,47315,14837,53608,139566,2559874,8472096,70943,11242479,909034,10333445,139566,15773947,782,Aggressive,Intermediate,Wealth Creation,10701092,1445173,9255919,15,Gold,46.31,12.82,85.35,95.0,89.69,Aggressive
C00559,28,Accountant,2,219582,122606,56251,40725,375447,986408,0,195722,1557577,2412089,-854512,172513,33985323,728,Moderately Conservative,Intermediate,Emergency Fund,8136789,690485,7446304,5,Hybrid MF,18.55,25.62,49.95,23.0,37.82,Moderately Conservative
C00560,65,Data Scientist,0,397610,158767,69028,169815,1418090,29190081,33284685,746091,64638947,8064934,56574013,1219699,35011495,692,Moderately Conservative,Beginner,Child Education,4984312,1151152,3833160,5,Equity MF,42.71,17.36,84.4,24.0,57.22,Moderate
C00561,27,Government Employee,1,88785,33354,11581,43850,313496,565409,0,77731,956636,139203,817433,175383,11114708,759,Moderate,Intermediate,Retirement,9085188,395786,8689402,33,Debt MF,49.39,13.04,95.7,55.0,77.39,Moderately Aggressive
C00562,26,Business Owner,1,61962,21332,8859,31771,143138,921347,0,101349,1165834,183367,982467,124626,4444593,724,Moderate,Advanced,Retirement,7954315,644942,7309373,34,Stocks,51.27,14.3,95.85,63.0,81.07,Moderately Aggressive
C00563,57,Doctor,1,146266,46704,18725,80837,109993,15220685,8671421,66150,24068249,1954186,22114063,109993,32072785,659,Conservative,Advanced,Wealth Creation,4482723,750843,3731880,5,Debt MF,55.27,12.8,76.6,28.0,54.73,Moderate
C00564,44,Doctor,3,66927,28593,3911,34423,105869,3297084,2946095,83054,6432102,529513,5902589,105869,4964441,727,Moderately Conservative,Intermediate,Wealth Creation,1950121,524288,1425833,5,ETF,51.43,5.84,87.55,40.0,66.15,Moderate
C00565,39,Sales Executive,2,147341,56369,26206,64766,302214,8660251,8115700,137220,17215385,4484344,12731041,142305,27229393,757,Moderate,Intermediate,Buy House,12141674,745528,11396146,10,Debt MF,43.96,17.79,84.1,52.0,69.66,Moderately Aggressive
C00566,33,Freelancer,1,102503,42890,26864,32749,197204,1184636,7598505,116683,9097028,2360213,6736815,174002,21929642,745,Moderate,Intermediate,Wealth Creation,6630210,432502,6197708,10,PPF,31.95,26.21,76.0,60.0,68.8,Moderately Aggressive
C00567,34,Software Engineer,0,74605,31348,5272,37985,405791,2466461,5838161,97464,8807877,865143,7942734,117327,9383146,763,Moderately Aggressive,Advanced,Retirement,10535578,1726522,8809056,26,Debt MF,50.91,7.07,98.65,83.0,91.61,Aggressive
C00568,37,Business Owner,2,146461,83938,83466,0,338664,10000,7338061,236006,7922731,11403375,-3480644,338664,25393271,640,Moderate,Intermediate,Child Education,1872679,7000,1865679,2,Hybrid MF,0.0,56.99,28.0,52.0,38.8,Moderately Conservative
C00569,38,Software Engineer,3,191355,100794,51679,38882,295050,3535090,0,147274,3977414,974889,3002525,295050,25514972,759,Moderate,Intermediate,Child Education,803596,60732,742864,1,PPF,20.32,27.01,56.85,52.0,45.0,Moderately Conservative
C00570,42,Designer,2,64110,29757,3806,30547,248066,2900917,0,92784,3241767,181511,3060256,199806,12016553,753,Conservative,Beginner,Higher Education,1382939,199172,1183767,5,Equity MF,47.65,5.94,91.85,4.0,52.32,Moderate
C00571,64,Designer,2,156586,85628,19975,50983,784795,12197282,0,331825,13313902,918879,12395023,508471,30652679,724,Conservative,Beginner,Wealth Creation,14572238,2908115,11664123,10,FD,32.56,12.76,82.35,12.0,50.69,Moderate
C00572,51,Teacher,0,164988,80294,13648,71046,1080136,8053711,0,263012,9396859,603661,8793198,329699,29491459,662,Moderate,Advanced,Wealth Creation,20804017,5637597,15166420,15,Gold,43.06,8.27,96.1,68.0,83.46,Moderately Aggressive
C00573,34,Doctor,1,115899,53355,27961,34583,179888,1925136,8861947,116593,11083564,2353847,8729717,179888,27119287,730,Moderately Conservative,Intermediate,Child Education,1255051,361884,893167,2,Bonds,29.84,24.13,62.45,32.0,45.0,Moderately Conservative
C00574,40,Sales Executive,3,73323,25844,12141,35338,301497,4856975,3779733,170417,9108622,2005047,7103575,185726,5831356,664,Moderate,Intermediate,Retirement,7257447,2550043,4707404,20,PPF,48.19,16.56,90.75,55.0,74.66,Moderately Aggressive
C00575,29,Freelancer,0,126598,63057,26924,36617,331757,1292054,0,73779,1697590,1068216,629374,331757,12136015,764,Aggressive,Beginner,Wealth Creation,16537181,904437,15632744,20,FD,28.92,21.27,68.4,87.0,76.77,Moderately Aggressive
C00576,30,Freelancer,1,140495,59352,22306,58837,494036,2338846,0,188381,3021263,490532,2530731,418490,8514998,699,Aggressive,Beginner,Buy House,26031275,1637192,24394083,20,Debt MF,41.88,15.88,95.25,79.0,87.94,Aggressive
C00577,28,Consultant,0,138422,74301,25459,38662,254922,824619,0,55346,1134887,498945,635942,254922,18735270,666,Conservative,Beginner,Buy House,3437688,577233,2860455,5,ETF,27.93,18.39,69.95,4.0,40.27,Moderately Conservative
C00578,42,Sales Executive,1,70069,29520,19718,20831,326654,1633691,3885776,101375,5947496,2032942,3914554,108735,10194135,780,Moderately Aggressive,Intermediate,Buy House,3362318,643163,2719155,7,Bonds,29.73,28.14,67.85,72.0,69.72,Moderately Aggressive
C00579,48,Consultant,2,351663,155297,103937,92429,1549953,12544403,12930938,409507,27434801,9885611,17549190,755136,25150942,718,Moderately Conservative,Beginner,Wealth Creation,27432721,8778578,18654143,15,PPF,26.28,29.56,72.55,32.0,54.3,Moderate
C00580,22,Government Employee,1,45920,18397,0,27523,198579,136271,0,125682,460532,0,460532,60227,9277503,763,Moderate,Beginner,Wealth Creation,1322298,95389,1226909,5,FD,59.94,0.0,94.4,52.0,75.32,Moderately Aggressive
C00581,25,Doctor,0,111569,52492,0,59077,622184,713698,0,212046,1547928,0,1547928,94182,7766876,836,Moderate,Intermediate,Child Education,966750,356730,610020,2,Equity MF,52.95,0.0,88.8,52.0,45.0,Moderately Conservative
C00582,29,Doctor,1,183666,81727,17593,84346,652000,3077215,0,399831,4129046,775983,3353063,443471,22503145,759,Moderate,Intermediate,Child Education,5655499,1478824,4176675,7,Gold,45.92,9.58,90.8,52.0,73.34,Moderately Aggressive
C00583,32,Business Owner,0,402103,239270,0,162833,1339749,6714505,32550200,583269,41187723,0,41187723,974563,81816427,740,Moderately Aggressive,Beginner,Wealth Creation,14150805,4700153,9450652,7,Bonds,40.5,0.0,89.35,72.0,81.54,Moderately Aggressive
C00584,57,Teacher,0,103002,57452,15762,29788,311741,3465516,5767769,87225,9632251,1254886,8377365,195365,16600990,794,Conservative,Intermediate,Retirement,18586471,2425861,16160610,3,PPF,28.92,15.3,68.8,15.0,44.59,Moderately Conservative
C00585,58,Software Engineer,0,131388,57493,13820,60075,758687,9331759,0,199424,10289870,581920,9707950,221770,14099002,716,Moderately Conservative,Intermediate,Child Education,5552338,740363,4811975,7,Equity MF,45.72,10.52,85.45,32.0,61.4,Moderate
C00586,35,Software Engineer,3,137809,64581,69122,4106,416617,100495,10766289,192322,11475723,6418375,5057348,331001,11793591,634,Conservative,Beginner,Buy House,19060979,70346,18990633,15,Bonds,2.98,50.16,47.5,4.0,27.93,Conservative
C00587,26,Software Engineer,0,126860,63857,16988,46015,309882,1037261,0,133955,1481098,224874,1256224,243864,28608775,714,Conservative,Beginner,Retirement,17460111,726082,16734029,34,Debt MF,36.27,13.39,86.85,7.0,50.92,Moderate
C00588,57,Designer,1,59696,24638,18535,16523,326538,1802973,4204089,211285,6544885,3124949,3419936,25397,3585307,706,Conservative,Intermediate,Wealth Creation,4361289,798048,3563241,10,PPF,27.68,31.05,68.4,20.0,46.62,Moderately Conservative
C00589,22,Accountant,0,85083,31500,15862,37721,344894,174813,0,250192,769899,452917,316982,77845,18358772,735,Moderately Aggressive,Intermediate,Child Education,2016466,122369,1894097,5,Equity MF,44.33,18.64,81.4,72.0,77.17,Moderately Aggressive
C00590,34,Software Engineer,2,248133,88751,54261,105121,1073206,9209103,20804182,494427,31580918,3414957,28165961,314029,20595270,693,Moderate,Beginner,Retirement,22679223,2747618,19931605,26,Stocks,42.36,21.87,90.65,47.0,71.01,Moderately Aggressive
C00591,23,Software Engineer,0,134648,61706,0,72942,175109,467921,0,61064,704094,0,704094,166860,32090726,764,Moderately Aggressive,Intermediate,Child Education,4813641,327544,4486097,7,Bonds,54.17,0.0,85.4,72.0,79.37,Moderately Aggressive
C00592,54,Designer,1,243724,103476,19855,120393,416073,22378072,18703831,277503,41775479,2917212,38858267,416073,39212229,721,Moderate,Beginner,Buy House,32265677,12105269,20160408,20,Hybrid MF,49.4,8.15,91.65,44.0,70.21,Moderately Aggressive
C00593,29,Business Owner,2,113200,44190,25585,43425,604846,1108772,0,161468,1875086,938696,936390,138894,9819617,834,Moderately Conservative,Intermediate,Travel,1869564,406715,1462849,3,Bonds,38.36,22.6,69.0,35.0,53.7,Moderate
C00594,24,Bank Employee,0,112041,39631,14743,57667,199442,238097,0,104751,542290,496251,46039,199442,14551053,809,Moderately Conservative,Intermediate,Child Education,3841347,166667,3674680,10,Bonds,51.47,13.16,77.2,32.0,56.86,Moderate
C00595,22,Freelancer,1,96662,38959,12151,45552,397583,119070,0,296486,813139,439337,373802,215045,15532846,748,Moderate,Beginner,Higher Education,819213,83349,735864,2,Stocks,47.13,12.57,75.8,44.0,45.0,Moderately Conservative
C00596,22,Freelancer,0,102289,44943,18861,38485,265715,191396,0,74037,531148,712942,-181794,265715,20950891,695,Moderately Conservative,Advanced,Retirement,14869663,133977,14735686,38,Equity MF,37.62,18.44,75.0,43.0,60.6,Moderate
C00597,62,Business Owner,0,246317,123470,70770,52077,1516998,9472375,0,1017662,12007035,3350919,8656116,447286,22311070,774,Moderately Conservative,Advanced,Retirement,48624651,6630662,41993989,1,Debt MF,21.14,28.73,62.25,43.0,45.0,Moderately Conservative
C00598,47,Software Engineer,2,289875,100335,43710,145830,277369,24230952,0,113119,24621440,1416443,23204997,277369,31565828,780,Moderate,Intermediate,Wealth Creation,44977083,16536892,28440191,20,PPF,50.31,15.08,83.7,60.0,73.03,Moderately Aggressive
C00599,48,Government Employee,2,183217,81427,47273,54517,1045630,3371621,12426715,631799,17475765,4613795,12861970,481285,23786604,777,Conservative,Beginner,Wealth Creation,7075493,1266526,5808967,7,Gold,29.76,25.8,69.95,12.0,43.87,Moderately Conservative
C00600,35,Freelancer,3,97218,39562,30027,27629,509236,1728966,3530124,317817,6086143,5179539,906604,91330,16979108,772,Moderate,Intermediate,Higher Education,1759570,303481,1456089,5,Stocks,28.42,30.89,62.9,52.0,58.0,Moderate
C00601,40,Accountant,1,160775,76855,0,83920,267849,5115369,0,55097,5438315,0,5438315,267849,24557732,685,Moderate,Advanced,Wealth Creation,14591152,3580758,11010394,15,FD,52.2,0.0,93.75,68.0,82.16,Moderately Aggressive
C00602,33,Software Engineer,1,75214,36458,5553,33203,140585,1212557,6133635,34294,7521071,732908,6788163,140585,11501872,715,Moderate,Advanced,Wealth Creation,2571643,354837,2216806,7,Hybrid MF,44.14,7.38,89.2,68.0,79.66,Moderately Aggressive
C00603,31,Freelancer,0,70696,21217,20319,29160,103205,1335374,5600063,40602,7079244,2808934,4270310,103205,14150613,763,Aggressive,Intermediate,Retirement,8499866,934761,7565105,29,Equity MF,41.25,28.74,81.1,90.0,85.11,Aggressive
C00604,50,Consultant,0,132151,51040,22821,58290,429090,11549686,0,324051,12302827,454602,11848225,161881,9615891,745,Conservative,Intermediate,Emergency Fund,2349097,485382,1863715,7,PPF,44.11,17.27,82.65,3.0,46.81,Moderately Conservative
C00605,26,Accountant,2,156569,60851,13038,82680,693211,1104112,0,297009,2094332,312709,1781623,425367,34047064,759,Moderate,Intermediate,Retirement,18245766,772878,17472888,34,FD,52.81,8.33,99.85,55.0,79.67,Moderately Aggressive
C00606,54,Doctor,0,140180,43236,31518,65426,351271,20474645,5254180,105169,26185265,3385505,22799760,138975,10859708,718,Moderately Conservative,Intermediate,Retirement,14849319,2650291,12199028,6,Stocks,46.67,22.48,78.05,35.0,58.68,Moderate
C00607,37,Bank Employee,2,143767,64423,25022,54322,329547,4678991,8256448,90171,13355157,1613320,11741837,208995,15731404,710,Moderate,Intermediate,Travel,8960884,3275293,5685591,10,Debt MF,37.78,17.4,82.4,55.0,70.07,Moderately Aggressive
C00608,58,Software Engineer,1,266268,161540,36846,67882,1036766,17795768,0,535444,19367978,872525,18495453,753787,21444036,715,Moderately Aggressive,Beginner,Child Education,3211456,613431,2598025,3,FD,25.49,13.84,68.65,64.0,66.56,Moderate
C00609,21,Sales Executive,0,90704,37373,8553,44778,144175,130533,0,91497,366205,153424,212781,144175,9837554,720,Aggressive,Advanced,Wealth Creation,2387424,91373,2296051,5,PPF,49.37,9.43,84.4,100.0,91.42,Aggressive
C00610,35,Designer,2,118530,52224,28489,37817,140649,1186744,5592224,63155,6982772,2443829,4538943,140649,11619004,825,Conservative,Beginner,Retirement,18301249,830720,17470529,25,ETF,31.91,24.04,70.5,7.0,41.93,Moderately Conservative
C00611,22,Sales Executive,0,58332,22411,10528,25393,177081,155328,0,95622,428031,229274,198757,45242,9864080,763,Moderate,Intermediate,Wealth Creation,1599664,108729,1490935,5,Hybrid MF,43.53,18.05,77.4,60.0,69.57,Moderately Aggressive
C00612,56,Government Employee,2,121740,40947,35392,45401,361789,10688927,7984046,109326,19144088,5038734,14105354,170603,18641894,751,Moderate,Beginner,Child Education,5032090,1172210,3859880,10,Bonds,37.29,29.07,76.55,44.0,61.9,Moderate
C00613,43,Accountant,3,276142,106267,85132,84743,430774,13521799,22989960,271943,37214476,5970042,31244434,400065,42279983,767,Moderately Aggressive,Advanced,Child Education,6678531,743738,5934793,5,Equity MF,30.69,30.83,74.7,80.0,77.09,Moderately Aggressive
C00614,52,Freelancer,1,345994,146204,0,199790,2000551,44339638,24768658,794247,71903094,0,71903094,651024,77816536,720,Moderately Conservative,Advanced,Higher Education,3728369,762298,2966071,3,FD,57.74,0.0,87.55,40.0,66.15,Moderate
C00615,31,Accountant,1,127396,62085,0,65311,599756,2743422,0,300028,3643206,0,3643206,299145,26746654,811,Moderately Aggressive,Intermediate,Retirement,17745872,1920395,15825477,29,Hybrid MF,51.27,0.0,99.1,75.0,88.25,Aggressive
C00616,55,Software Engineer,1,255269,108274,74750,72245,873815,7579305,0,267623,8720743,2318775,6401968,717312,25215877,684,Moderate,Intermediate,Wealth Creation,22741108,5305513,17435595,10,Equity MF,28.3,29.28,71.7,60.0,66.44,Moderate
C00617,45,Government Employee,2,205256,96947,107679,630,878468,61567,16041656,679304,17660995,14001873,3659122,125850,48124830,605,Conservative,Intermediate,Retirement,26682366,43096,26639270,15,FD,0.31,52.46,46.0,15.0,32.05,Moderately Conservative
C00618,59,Sales Executive,1,194032,93419,110684,0,1202333,10000,7098661,480025,8791019,7467766,1323253,434688,40191900,661,Conservative,Beginner,Retirement,32445289,7000,32438289,1,ETF,0.0,57.04,28.7,7.0,18.93,Conservative
C00619,42,Software Engineer,1,424585,193354,0,231231,1946500,15272880,0,1447729,18667109,0,18667109,1344422,88497807,768,Moderately Aggressive,Intermediate,Buy House,14021098,5103260,8917838,5,FD,54.46,0.0,91.85,72.0,82.92,Moderately Aggressive
C00620,21,Government Employee,1,49278,27278,13282,8718,124514,37808,0,74981,237303,590261,-352958,30322,10523184,703,Moderate,Intermediate,Buy House,1483336,26465,1456871,5,Stocks,17.69,26.95,50.4,52.0,51.12,Moderate
C00621,53,Government Employee,1,41303,24655,2150,14498,257631,3240829,2204699,196116,5899275,351548,5547727,73935,3645840,755,Moderately Conservative,Intermediate,Retirement,8348727,2268580,6080147,7,Stocks,35.1,5.21,85.2,35.0,62.61,Moderate
C00622,23,Bank Employee,0,76761,34633,13543,28585,280326,220622,0,220733,721681,277553,444128,75487,9331327,764,Conservative,Beginner,Retirement,9524648,154435,9370213,37,Debt MF,37.24,17.64,81.0,7.0,47.7,Moderately Conservative
C00623,28,Business Owner,2,263528,124716,0,138812,1655377,3632282,0,677729,5965388,0,5965388,961310,19756460,681,Moderately Aggressive,Intermediate,Travel,2880007,1040720,1839287,3,Equity MF,52.67,0.0,91.15,75.0,83.88,Moderately Aggressive
C00624,59,Freelancer,1,226868,112309,29400,85159,1163584,26580249,15236701,403232,43383766,4951840,38431926,190531,40407261,817,Moderate,Intermediate,Retirement,33902700,1784617,32118083,1,Bonds,37.54,12.96,74.7,55.0,45.0,Moderately Conservative
C00625,30,Business Owner,2,390017,169498,33901,186618,1719134,12337324,30774957,1236855,46068270,3817561,42250709,621719,88887277,699,Conservative,Intermediate,Higher Education,8729368,2359700,6369668,5,Gold,47.85,8.69,93.65,12.0,56.91,Moderate
C00626,46,Accountant,3,105586,56826,0,48760,659821,6740258,6570161,462508,14432748,0,14432748,177244,22160101,780,Conservative,Intermediate,Wealth Creation,9530769,2614907,6915862,10,Debt MF,46.18,0.0,94.05,20.0,60.73,Moderate
C00627,33,Doctor,1,177239,70720,53381,53138,558064,2803658,6571570,443131,10376423,6774205,3602218,88142,29456407,725,Moderate,Intermediate,Wealth Creation,16689879,1962560,14727319,10,Stocks,29.98,30.12,65.0,60.0,62.75,Moderate
C00628,29,Software Engineer,0,153192,73736,97464,0,794491,10000,0,477211,1281702,1230131,51571,344907,31849818,698,Moderately Aggressive,Beginner,Travel,771816,7000,764816,1,Gold,0.0,63.62,33.2,67.0,45.0,Moderately Conservative
C00629,37,Freelancer,2,65351,32043,3952,29356,98918,997635,3902198,41189,5039940,500532,4539408,98918,6873298,711,Conservative,Beginner,Wealth Creation,7671518,698344,6973174,20,Gold,44.92,6.05,94.2,12.0,57.21,Moderate
C00630,26,Bank Employee,1,47895,18662,14540,14693,48707,281822,0,11208,341737,608943,-267206,48707,3841673,781,Moderately Conservative,Intermediate,Higher Education,1191204,120973,1070231,7,PPF,30.68,30.36,60.25,32.0,47.54,Moderately Conservative
C00631,38,Teacher,4,158801,72511,35125,51165,941361,5643114,0,565246,7149721,1650485,5499236,495057,17269574,784,Moderately Conservative,Intermediate,Wealth Creation,25394527,3950179,21444348,20,FD,32.22,22.12,82.05,40.0,63.13,Moderate
C00632,44,Government Employee,2,52885,23905,9420,19560,62919,981184,2202502,27865,3274470,886266,2388204,28265,11604541,756,Moderate,Advanced,Wealth Creation,6209452,686828,5522624,15,Bonds,36.99,17.81,76.15,68.0,72.48,Moderately Aggressive
C00633,33,Freelancer,2,58381,28322,6684,23375,138394,711390,0,41822,891606,215403,676203,43651,13480981,771,Moderate,Intermediate,Higher Education,1011501,83480,928021,3,ETF,40.04,11.45,79.4,52.0,67.07,Moderate
C00634,21,Doctor,0,125926,71256,14949,39721,562789,298995,0,191206,1052990,422022,630968,119471,15152369,721,Conservative,Intermediate,Child Education,1824581,209296,1615285,2,PPF,31.54,11.87,69.8,12.0,43.79,Moderately Conservative
C00635,51,Accountant,1,193878,80077,54521,59280,508450,6739231,11779122,329307,19356110,4063224,15292886,204297,24881861,668,Moderately Conservative,Intermediate,Retirement,27404244,4717461,22686783,9,FD,30.58,28.12,73.3,35.0,56.07,Moderate
C00636,35,Sales Executive,4,143071,61203,86388,0,392706,10000,10133998,219155,10755859,8245263,2510596,83353,28351968,632,Moderate,Intermediate,Emergency Fund,7667563,7000,7660563,10,Debt MF,0.0,60.38,39.7,43.0,41.19,Moderately Conservative
C00637,38,Government Employee,2,129482,62167,15900,51415,325543,6025448,5717902,241904,12310797,1336828,10973969,325543,7939303,743,Moderately Conservative,Beginner,Wealth Creation,15094424,4217813,10876611,20,Stocks,39.71,12.28,85.05,32.0,61.18,Moderate
C00638,42,Accountant,2,98240,55771,28292,14177,532882,2105454,7044947,262017,9945300,2776285,7169015,110339,7224332,687,Moderate,Beginner,Wealth Creation,4121505,737993,3383512,7,Hybrid MF,14.43,28.8,61.85,52.0,57.42,Moderate
C00639,54,Software Engineer,1,107267,56486,58862,0,625909,10000,0,196491,832400,2234942,-1402542,188184,17694935,610,Moderately Conservative,Beginner,Retirement,25202905,7000,25195905,6,Gold,0.0,54.87,35.05,27.0,31.43,Moderately Conservative
C00640,44,Doctor,4,260317,118684,20777,120856,584623,10902845,12245991,143782,23877241,3540154,20337087,559342,34209182,768,Conservative,Intermediate,Buy House,16369725,5005161,11364564,7,Hybrid MF,46.43,7.98,87.55,12.0,53.55,Moderate
C00641,31,Sales Executive,0,74913,41956,20053,12904,460101,951829,5121057,319460,6852447,2357117,4495330,183348,8791629,754,Moderately Conservative,Intermediate,Buy House,1928421,100808,1827613,5,FD,17.23,26.77,64.5,32.0,49.88,Moderate
C00642,39,Teacher,3,124705,56186,0,68519,592091,3202008,0,234106,4028205,0,4028205,443007,12093415,838,Conservative,Beginner,Retirement,15873938,2241405,13632533,21,Stocks,54.94,0.0,97.9,7.0,57.0,Moderate
C00643,42,Accountant,3,170254,88073,0,82181,266730,4975740,6207141,114206,11563817,0,11563817,266730,28204411,693,Moderately Conservative,Intermediate,Retirement,38166871,2933461,35233410,18,Equity MF,48.27,0.0,93.45,35.0,67.15,Moderate
C00644,43,Government Employee,2,65226,32162,19837,13227,273159,2224263,4105185,152329,6754936,2166152,4588784,220932,6087651,698,Aggressive,Intermediate,Child Education,812460,243180,569280,2,Bonds,20.28,30.41,62.1,87.0,45.0,Moderately Conservative
C00645,28,Freelancer,1,77101,23412,15981,37708,184650,701089,0,44697,930436,310835,619601,78374,9741539,746,Moderate,Intermediate,Retirement,10148403,490762,9657641,32,Bonds,48.91,20.73,81.55,55.0,69.6,Moderately Aggressive
C00646,32,Doctor,1,136144,70313,39846,25985,799527,2148752,0,438756,3387035,634337,2752698,296292,27469530,744,Moderately Aggressive,Beginner,Wealth Creation,6261939,544575,5717364,7,ETF,19.09,29.27,67.35,72.0,69.44,Moderately Aggressive
C00647,49,Business Owner,2,256243,155420,66945,33878,651468,3675208,0,433851,4760527,1592036,3168491,651468,21101312,773,Conservative,Intermediate,Wealth Creation,29148244,2572645,26575599,15,Stocks,13.22,26.13,63.400000000000006,20.0,43.87,Moderately Conservative
C00648,33,Government Employee,1,81773,38965,24671,18137,171696,1108604,0,132384,1412684,926538,486146,160313,7393934,711,Moderate,Intermediate,Buy House,3989992,326267,3663725,7,Stocks,22.18,30.17,62.2,52.0,57.61,Moderate
C00649,22,Designer,0,44954,23183,18670,3101,124819,22888,0,35914,183621,383521,-199900,116133,10697004,623,Conservative,Beginner,Retirement,9981879,16021,9965858,38,Bonds,6.9,41.53,51.0,7.0,31.2,Moderately Conservative
C00650,56,Doctor,2,333988,139504,95788,98696,1266567,18398918,19810693,983419,40459597,11191124,29268473,386399,41145225,784,Conservative,Advanced,Travel,1660293,532789,1127504,1,Hybrid MF,29.55,28.68,59.15,23.0,42.88,Moderately Conservative
C00651,30,Business Owner,2,96669,41055,7759,47855,463704,1512018,0,297440,2273162,97437,2175725,293949,7554185,726,Moderate,Beginner,Child Education,692024,119692,572332,2,Stocks,49.5,8.03,88.05,44.0,45.0,Moderately Conservative
C00652,32,Business Owner,0,188155,82821,16735,88599,776298,4358692,8402669,378653,13916312,2325681,11590631,333681,34300754,724,Moderate,Intermediate,Retirement,20278624,3051084,17227540,28,Hybrid MF,47.09,8.89,95.95,55.0,77.52,Moderately Aggressive
C00653,55,Accountant,0,125044,46009,0,79035,492224,11325860,5481863,287675,17587622,0,17587622,307980,15368583,700,Moderate,Intermediate,Wealth Creation,15920085,3030442,12889643,15,Gold,63.21,0.0,95.5,60.0,79.53,Moderately Aggressive
C00654,54,Government Employee,1,82616,31300,5870,45446,223759,4575345,4103537,59769,8962410,797054,8165356,84409,9085406,760,Aggressive,Advanced,Retirement,8350729,929246,7421483,6,PPF,55.01,7.11,86.05,98.0,91.43,Aggressive
C00655,26,Sales Executive,2,94688,36962,8313,49413,371715,782528,0,276869,1431112,343243,1087869,288949,12639458,752,Moderately Conservative,Beginner,Wealth Creation,12376613,547769,11828844,15,Equity MF,52.19,8.78,96.85,32.0,67.67,Moderate
C00656,39,Freelancer,2,154513,75135,97338,0,333745,10000,7090455,176030,7610230,10407872,-2797642,333745,36994827,573,Moderately Aggressive,Advanced,Wealth Creation,6831756,7000,6824756,5,Hybrid MF,0.0,63.0,33.3,88.0,50.0,Moderate
C00657,65,Freelancer,0,399746,176274,105492,117980,525222,11480091,22186378,119167,34310858,18450443,15860415,525222,44085643,742,Conservative,Intermediate,Buy House,27232045,4137371,23094674,10,Stocks,29.51,26.39,55.2,12.0,35.76,Moderately Conservative
C00658,53,Teacher,1,127535,40893,38789,47853,154613,9167701,9930040,78852,19331206,4120046,15211160,57211,16393485,745,Moderately Conservative,Advanced,Wealth Creation,17077540,3413142,13664398,20,Bonds,37.52,30.41,70.8,48.0,60.54,Moderate
C00659,42,Teacher,1,97962,43555,28228,26179,578910,1462490,0,243497,2284897,1133404,1151493,94338,6740190,730,Moderate,Intermediate,Emergency Fund,908697,54759,853938,2,ETF,26.72,28.82,62.25,43.0,45.0,Moderately Conservative
C00660,22,Government Employee,0,101234,55312,24651,21271,768452,94350,0,598694,1461496,829336,632160,370190,17921500,762,Moderately Conservative,Intermediate,Child Education,1927196,66045,1861151,5,PPF,21.01,24.35,67.4,32.0,51.47,Moderate
C00661,21,Business Owner,0,103227,43148,0,60079,104864,166941,0,64977,336782,0,336782,104864,14593591,749,Moderately Conservative,Beginner,Buy House,3624483,116858,3507625,7,Gold,58.2,0.0,85.4,24.0,57.77,Moderate
C00662,45,Software Engineer,2,147515,68314,35458,43743,707683,8089819,6652028,400426,15849956,4658657,11191299,312242,8966488,729,Moderately Conservative,Intermediate,Higher Education,4302230,425701,3876529,7,Equity MF,29.65,24.04,67.4,32.0,51.47,Moderate
C00663,34,Sales Executive,1,400023,207327,52914,139782,1030707,3927291,0,623139,5581137,2409730,3171407,1030707,65662866,696,Moderate,Intermediate,Buy House,13518778,2749103,10769675,5,Hybrid MF,34.94,13.23,74.05,52.0,64.13,Moderate
C00664,22,Teacher,1,243985,110349,17790,115846,1472237,576172,0,1099334,3147743,580165,2567578,481428,19316130,787,Moderate,Advanced,Child Education,9075417,403320,8672097,7,Debt MF,47.48,7.29,91.4,60.0,77.27,Moderately Aggressive
C00665,28,Doctor,0,131541,66127,21378,44036,847056,1084484,0,304242,2235782,964033,1271749,504127,19355606,786,Moderately Aggressive,Intermediate,Retirement,27333050,759138,26573912,32,Stocks,33.48,16.25,84.55,75.0,80.25,Moderately Aggressive
C00666,34,Business Owner,1,84656,32732,4602,47322,293355,1115939,4590223,168285,6167802,337882,5829920,104522,11445230,836,Conservative,Beginner,Retirement,11428882,781157,10647725,26,Bonds,55.9,5.44,98.65,7.0,57.41,Moderate
C00667,23,Teacher,1,94950,54150,16728,24072,430011,133691,0,191863,755565,504625,250940,193221,18494284,791,Aggressive,Advanced,Emergency Fund,1440773,93583,1347190,3,ETF,25.35,17.62,64.6,86.0,74.23,Moderately Aggressive
C00668,49,Business Owner,1,345050,119247,32757,193046,856909,23994360,17651963,572334,43075566,4602454,38473112,730051,71123755,787,Aggressive,Intermediate,Buy House,51975235,6287403,45687832,20,Equity MF,55.95,9.49,96.4,87.0,92.17,Aggressive
C00669,30,Government Employee,2,52827,17715,0,35112,96246,659450,3817763,28735,4602194,0,4602194,96246,6668877,747,Moderate,Intermediate,Wealth Creation,8969919,461614,8508305,20,ETF,66.47,0.0,95.25,60.0,79.39,Moderately Aggressive
C00670,46,Teacher,3,143820,43787,78141,21892,258947,3269982,5862977,160819,9552725,8139820,1412905,249556,30160463,651,Moderately Conservative,Advanced,Wealth Creation,6160130,799945,5360185,5,Bonds,15.22,54.33,42.25,48.0,44.84,Moderately Conservative
C00671,27,Freelancer,1,60708,28959,8910,22839,91594,237562,0,54573,383729,138519,245210,91594,4952525,719,Moderate,Beginner,Wealth Creation,4264334,166293,4098041,10,Hybrid MF,37.62,14.68,77.9,52.0,66.25,Moderate
C00672,24,Software Engineer,0,78185,41418,17807,18960,127407,205690,0,37358,370455,479325,-108870,127407,15699643,730,Moderate,Intermediate,Buy House,3913924,143983,3769941,10,Stocks,24.25,22.78,63.2,52.0,58.16,Moderate
C00673,62,Business Owner,0,396324,179193,69152,147979,1776475,24547946,0,512815,26837236,2685894,24151342,977131,37157375,745,Moderately Conservative,Beginner,Emergency Fund,4339971,944962,3395009,2,Stocks,37.34,17.45,74.25,15.0,45.0,Moderately Conservative
C00674,30,Accountant,2,45087,20914,5382,18791,191911,429490,3092313,128092,3841806,646440,3195366,74178,6211531,715,Moderately Conservative,Intermediate,Travel,434916,136037,298879,3,FD,41.68,11.94,83.85,35.0,61.87,Moderate
C00675,47,Bank Employee,2,162233,86111,12509,63613,669852,7256064,12948204,378602,21252722,810080,20442642,154620,31737512,658,Moderate,Intermediate,Wealth Creation,19106698,1860130,17246568,15,FD,39.21,7.71,87.7,60.0,75.24,Moderately Aggressive
C00676,37,Business Owner,3,197314,78119,10421,108774,883893,4528960,10058265,665497,16136615,1296260,14840355,458809,14803620,727,Moderate,Beginner,Wealth Creation,6693142,2203926,4489216,7,Hybrid MF,55.13,5.28,92.6,52.0,74.33,Moderately Aggressive
C00677,41,Data Scientist,2,263630,94560,53843,115227,867000,7067228,14477885,484741,22896854,5647737,17249117,342745,22133213,744,Moderately Aggressive,Advanced,Child Education,8084874,431779,7653095,7,FD,43.71,20.42,81.0,80.0,80.55,Moderately Aggressive
C00678,33,Freelancer,1,78179,43687,13406,21086,380429,827470,6083447,118345,7409691,1166905,6242786,245933,11287108,757,Moderate,Intermediate,Wealth Creation,5156059,579229,4576830,10,Hybrid MF,26.97,17.15,82.0,60.0,72.1,Moderately Aggressive
C00679,41,Software Engineer,2,162688,73444,19638,69606,654454,6451634,0,477185,7583273,765589,6817684,349697,23292165,668,Conservative,Beginner,Retirement,28112432,4516143,23596289,19,ETF,42.78,12.07,93.6,7.0,54.63,Moderate
C00680,46,Business Owner,2,122611,54238,30767,37606,248226,5442053,0,73183,5763462,1112910,4650552,144288,18395159,742,Moderately Aggressive,Advanced,Retirement,17291757,3809437,13482320,14,Hybrid MF,30.67,25.09,76.85,83.0,79.62,Moderately Aggressive
C00681,34,Business Owner,0,122537,51604,23297,47636,130660,2499271,6358225,81998,9070154,2826841,6243313,109530,27081138,749,Moderately Aggressive,Beginner,Child Education,1094249,325616,768633,2,FD,38.87,19.01,63.45,64.0,45.0,Moderately Conservative
C00682,29,Consultant,1,93035,38788,28692,25555,498860,754537,0,321421,1574818,1134419,440399,176329,19223279,712,Aggressive,Advanced,Retirement,13583291,528175,13055116,31,ETF,27.47,30.84,72.4,98.0,83.92,Moderately Aggressive
C00683,44,Freelancer,1,116717,35648,26054,55015,276709,2607799,6188780,65374,9138662,3022198,6116464,276709,13283385,774,Conservative,Intermediate,Buy House,14974027,1825459,13148568,15,ETF,47.14,22.32,83.15,12.0,51.13,Moderate
C00684,25,Accountant,0,54102,29125,13657,11320,154993,153485,0,74161,382639,524250,-141611,48254,12481265,739,Moderate,Intermediate,Retirement,9675612,107439,9568173,35,Hybrid MF,20.92,25.24,66.0,55.0,61.05,Moderate
C00685,63,Government Employee,0,175749,73692,31618,70439,883893,23558119,0,435626,24877638,813587,24064051,502552,26052374,779,Moderate,Beginner,Retirement,30777707,3762362,27015345,1,FD,40.08,17.99,79.1,47.0,45.0,Moderately Conservative
C00686,48,Government Employee,1,264581,116495,15799,132287,1079447,7540983,11603088,719038,20942556,2579761,18362795,841627,30356284,727,Conservative,Intermediate,Wealth Creation,21383244,5278688,16104556,10,Debt MF,50.0,5.97,93.75,20.0,60.56,Moderate
C00687,26,Government Employee,1,80279,43971,15188,21120,297850,504259,0,118696,920805,324068,596737,272761,10015401,720,Moderately Aggressive,Advanced,Retirement,13655223,352981,13302242,34,PPF,26.31,18.92,79.85,83.0,81.27,Moderately Aggressive
C00688,29,Designer,0,79860,34970,20809,24081,312622,1279934,0,99222,1691778,370924,1320854,218721,8310508,701,Moderately Conservative,Beginner,Higher Education,356712,128831,227881,1,Bonds,30.15,26.06,72.2,24.0,45.0,Moderately Conservative
C00689,36,Business Owner,3,144843,43116,12469,89258,198721,5942176,9293822,118397,15553116,774478,14778638,116115,19926739,713,Conservative,Beginner,Emergency Fund,3811263,1125219,2686044,10,PPF,61.62,8.61,91.55,0.0,50.35,Moderate
C00690,55,Freelancer,1,176638,100180,31386,45072,320243,5906423,0,189104,6415770,539517,5876253,320243,42046620,766,Moderate,Intermediate,Buy House,18463178,3961722,14501456,20,ETF,25.52,17.77,77.5,52.0,66.03,Moderate
C00691,24,Software Engineer,0,74671,28366,8032,38273,223025,209403,0,164637,597065,351442,245623,112692,10173477,731,Conservative,Beginner,Wealth Creation,2291317,146582,2144735,5,Stocks,51.26,10.76,77.4,12.0,47.97,Moderately Conservative
C00692,59,Government Employee,1,197743,86710,38796,72237,215215,16560716,0,75280,16851211,1780554,15070657,215215,43263324,751,Moderate,Intermediate,Buy House,30944606,11592501,19352105,20,Bonds,36.53,19.62,76.9,52.0,65.7,Moderate
C00693,47,Data Scientist,1,163164,66350,20261,76553,179380,7136546,0,55948,7371874,414915,6956959,179380,12530050,758,Moderately Conservative,Intermediate,Wealth Creation,17492425,2772384,14720041,15,Bonds,46.92,12.42,83.7,40.0,64.03,Moderate
C00694,26,Freelancer,1,48957,24440,5801,18716,127442,200357,0,30394,358193,251656,106537,112319,8119942,768,Moderate,Intermediate,Buy House,5256814,140249,5116565,15,Bonds,38.23,11.85,77.85,52.0,66.22,Moderate
C00695,38,Software Engineer,1,112584,60884,22830,28870,440275,898897,8918339,239826,10497337,3404510,7092827,305467,10691271,757,Conservative,Intermediate,Child Education,649345,33438,615907,1,Bonds,25.64,20.28,62.85,12.0,39.97,Moderately Conservative
C00696,39,Accountant,2,120444,50738,11236,58470,382780,2644719,7137270,195799,10360568,855465,9505103,234448,8299323,740,Moderately Conservative,Advanced,Retirement,19099268,1851303,17247965,21,ETF,48.55,9.33,97.9,43.0,73.2,Moderately Aggressive
C00697,35,Doctor,1,149207,66884,42959,39364,706059,2309525,11569216,489619,15074419,3212604,11861815,242035,26714181,740,Aggressive,Intermediate,Emergency Fund,449075,26016,423059,1,Bonds,26.38,28.79,66.3,78.0,45.0,Moderately Conservative
C00698,60,Bank Employee,1,181977,88448,51287,42242,1094499,4296988,7197106,800669,13389262,4151233,9238029,478534,32012332,782,Conservative,Beginner,Travel,5896531,545402,5351129,7,ETF,23.21,28.18,65.15,7.0,38.98,Moderately Conservative
C00699,24,Designer,0,71269,32285,0,38984,279547,718730,0,111902,1110179,0,1110179,106363,9415910,716,Conservative,Intermediate,Buy House,4246897,503110,3743787,7,Equity MF,54.7,0.0,90.4,12.0,55.12,Moderate
C00700,29,Bank Employee,1,130702,49971,8664,72067,493763,1444142,0,107661,2045566,406409,1639157,279453,19969219,718,Conservative,Beginner,Buy House,7389161,609312,6779849,7,FD,55.14,6.63,90.8,4.0,51.74,Moderate
C00701,59,Teacher,0,129948,69539,38762,21647,727442,5052966,5735176,175389,11690973,6498681,5192292,167072,14995444,758,Moderately Conservative,Beginner,Retirement,18268689,3537076,14731613,1,ETF,16.66,29.83,51.7,27.0,40.59,Moderately Conservative
C00702,60,Doctor,1,178857,59883,27472,91502,392908,15402969,8808203,121027,24725107,3483249,21241858,392908,15651610,737,Moderate,Beginner,Wealth Creation,32570883,3343055,29227828,20,Equity MF,51.16,15.36,90.75,52.0,73.31,Moderately Aggressive
C00703,34,Teacher,0,99356,45727,15251,38378,608342,2594038,3626741,479981,7309102,1817280,5491822,346128,15785894,768,Moderate,Intermediate,Child Education,753184,115826,637358,2,Equity MF,38.63,15.35,75.45,52.0,45.0,Moderately Conservative
C00704,27,Software Engineer,0,87013,46938,0,40075,132611,1048341,0,85184,1266136,0,1266136,132611,8923419,750,Moderate,Intermediate,Wealth Creation,9050206,733838,8316368,15,PPF,46.06,0.0,90.7,60.0,76.89,Moderately Aggressive
C00705,37,Designer,2,212894,81028,58430,73436,710363,5448690,17459804,338918,23957775,7475853,16481922,507033,15395192,815,Moderately Aggressive,Advanced,Child Education,2320125,887759,1432366,3,PPF,34.49,27.45,70.8,80.0,74.94,Moderately Aggressive
C00706,22,Government Employee,0,65633,23767,20860,21006,321892,105712,0,96161,523765,628104,-104339,106064,6004787,775,Aggressive,Intermediate,Retirement,5866021,73998,5792023,38,Bonds,32.01,31.78,75.0,90.0,81.75,Moderately Aggressive
C00707,57,Accountant,1,218108,107534,41096,69478,636207,15753700,0,181706,16571613,700376,15871237,636207,30038018,741,Conservative,Advanced,Retirement,28633550,5471196,23162354,3,Equity MF,31.85,18.84,73.8,23.0,50.94,Moderate
C00708,65,Doctor,0,428840,221099,26665,181076,1547225,46566039,28522685,971582,77607531,4063871,73543660,1203963,44039716,684,Aggressive,Advanced,Child Education,3281181,737687,2543494,2,Stocks,42.22,6.22,82.8,95.0,45.0,Moderately Conservative
C00709,49,Software Engineer,2,149719,84917,41074,23728,1122692,3286277,8540941,715525,13665435,7282199,6383236,550598,24628607,669,Moderately Conservative,Beginner,Child Education,7916840,468701,7448139,10,ETF,15.85,27.43,61.6,24.0,44.68,Moderately Conservative
C00710,28,Consultant,0,83636,34511,18604,30521,269569,1207924,0,158160,1635653,759922,875731,224478,7894245,747,Moderately Conservative,Intermediate,Wealth Creation,8274279,677951,7596328,20,Bonds,36.49,22.24,80.55,40.0,62.3,Moderate
C00711,23,Accountant,0,94503,49064,22550,22889,321804,126062,0,76680,524546,898715,-374169,155406,6334520,729,Moderate,Intermediate,Retirement,17285504,88243,17197261,37,Gold,24.22,23.86,66.0,55.0,61.05,Moderate
C00712,42,Business Owner,3,145002,58100,23527,63375,740296,7107915,9467872,590418,17906501,3093002,14813499,377713,28772901,745,Moderately Conservative,Intermediate,Retirement,21867538,2951906,18915632,18,FD,43.71,16.23,90.45,35.0,65.5,Moderate
C00713,36,Teacher,1,87792,47752,0,40040,140690,2295277,0,107264,2543231,0,2543231,140690,13039772,741,Moderately Aggressive,Intermediate,Wealth Creation,5264570,1606693,3657877,7,PPF,45.61,0.0,83.75,80.0,82.06,Moderately Aggressive
C00714,29,Teacher,1,46378,19531,13925,12922,190662,396512,0,59698,646872,278789,368083,129269,10241503,726,Moderate,Intermediate,Retirement,6492240,277558,6214682,31,Debt MF,27.86,30.03,75.4,55.0,66.22,Moderate
C00715,41,Business Owner,1,137349,51592,21672,64085,354138,3572389,0,100257,4026784,526020,3500764,166905,10087226,800,Conservative,Beginner,Wealth Creation,9220717,908777,8311940,7,Stocks,46.66,15.78,84.0,12.0,51.6,Moderate
C00716,27,Doctor,1,138734,46441,19792,72501,179205,1953260,0,143282,2275747,702442,1573305,167507,16608453,662,Aggressive,Advanced,Emergency Fund,1118473,270756,847717,2,Bonds,52.26,14.27,74.5,86.0,45.0,Moderately Conservative
C00717,29,Data Scientist,1,205015,97102,51099,56814,901562,1974172,0,680763,3556497,1628406,1928091,634410,20209453,752,Conservative,Beginner,Emergency Fund,1195358,177705,1017653,1,Gold,27.71,24.92,64.2,0.0,35.31,Moderately Conservative
C00718,27,Consultant,1,64143,32967,19340,11836,340571,185354,0,220380,746305,467406,278899,114049,5218549,798,Conservative,Beginner,Wealth Creation,6871932,129747,6742185,15,Stocks,18.45,30.15,67.7,12.0,42.64,Moderately Conservative
C00719,63,Designer,0,109240,62013,0,47227,762847,3274177,5185065,558857,9780946,0,9780946,206539,10325793,791,Moderate,Intermediate,Retirement,16911407,1817591,15093816,1,PPF,43.23,0.0,83.1,55.0,45.0,Moderately Conservative
C00720,23,Business Owner,0,164585,82769,48061,33755,850281,154126,0,197084,1201491,712359,489132,94799,20861171,712,Moderately Aggressive,Intermediate,Wealth Creation,28392770,107888,28284882,20,Bonds,20.51,29.2,69.0,80.0,73.95,Moderately Aggressive
C00721,51,Sales Executive,0,106132,47602,8177,50353,385232,9154965,4802891,107683,14450771,888537,13562234,123315,11034783,699,Moderately Conservative,Advanced,Buy House,4840581,933434,3907147,5,FD,47.44,7.7,86.5,40.0,65.58,Moderate
C00722,53,Teacher,1,49234,22531,0,26703,145682,6026298,2654687,97243,8923910,0,8923910,99728,10796083,806,Conservative,Intermediate,Wealth Creation,3090015,883325,2206690,7,Debt MF,54.24,0.0,86.2,20.0,56.41,Moderate
C00723,46,Freelancer,2,265695,115328,49370,100997,798353,14112687,10376941,191207,25479188,3215436,22263752,445629,50299552,767,Conservative,Beginner,Buy House,15041412,3208555,11832857,7,ETF,38.01,18.58,78.25,4.0,44.84,Moderately Conservative
C00724,32,Freelancer,2,38412,14069,0,24343,28709,1040325,1427622,19943,2516599,0,2516599,28709,3740615,732,Moderate,Intermediate,Wealth Creation,6270289,591111,5679178,20,Debt MF,63.37,0.0,89.95,60.0,76.47,Moderately Aggressive
C00725,22,Bank Employee,0,25000,14033,6050,4917,97704,18620,0,50993,167317,171340,-4023,97704,4633625,692,Moderately Conservative,Advanced,Child Education,1384450,13034,1371416,7,Stocks,19.67,24.2,59.4,40.0,50.67,Moderate
C00726,22,Sales Executive,1,40158,20170,5169,14819,130267,53845,0,33894,218006,203817,14189,71752,8769205,783,Moderately Aggressive,Advanced,Wealth Creation,1675353,37691,1637662,7,Stocks,36.9,12.87,69.4,88.0,77.77,Moderately Aggressive
C00727,47,Consultant,2,450000,182948,77198,189854,733688,21063814,29080960,425102,51303564,11539625,39763939,560647,77431225,763,Moderate,Beginner,Wealth Creation,17248943,2357543,14891400,5,Stocks,42.19,17.16,80.1,52.0,67.45,Moderate
C00728,51,Freelancer,0,122130,66850,17938,37342,533522,6224944,0,270091,7028557,517094,6511463,381515,13070615,667,Moderate,Beginner,Higher Education,805998,266282,539716,1,FD,30.58,14.69,75.9,44.0,45.0,Moderately Conservative
C00729,62,Business Owner,0,167293,63173,18172,85948,456910,24429511,12121828,251234,37259483,1209330,36050153,100489,16155178,785,Moderate,Beginner,Retirement,27827597,8366291,19461306,1,PPF,51.38,10.86,75.25,47.0,45.0,Moderately Conservative
C00730,49,Consultant,2,124994,57785,0,67209,416514,6025729,5333308,174865,11950416,0,11950416,257379,8916541,813,Moderate,Advanced,Child Education,6397912,1506092,4891820,10,Bonds,53.77,0.0,89.6,60.0,76.28,Moderately Aggressive
C00731,64,Government Employee,1,137267,67574,30161,39532,391773,8740073,5801204,92980,15026030,2126865,12899165,271919,16163972,751,Conservative,Intermediate,Emergency Fund,1373436,193349,1180087,3,ETF,28.8,21.97,63.75,3.0,36.41,Moderately Conservative
C00732,23,Business Owner,0,29801,13352,0,16449,91587,120299,0,66972,278858,0,278858,50939,6190228,720,Moderate,Advanced,Wealth Creation,1276802,84209,1192593,7,FD,55.2,0.0,90.4,68.0,80.32,Moderately Aggressive
C00733,59,Government Employee,0,436667,221653,112562,102452,1614878,13433211,28250794,1097102,44395985,14798060,29597925,1015225,92090415,731,Conservative,Advanced,Wealth Creation,36586938,2934689,33652249,15,Debt MF,23.46,25.78,66.9,28.0,49.4,Moderate
C00734,49,Business Owner,2,112074,51454,51652,8968,375871,899666,8605739,148960,10030236,5203856,4826380,374015,15314585,646,Moderate,Intermediate,Wealth Creation,9614162,629766,8984396,15,ETF,8.0,46.09,54.400000000000006,60.0,56.92,Moderate
C00735,22,Software Engineer,0,106842,52924,23740,30178,586670,128059,0,350190,1064919,619993,444926,78765,10298037,761,Moderate,Intermediate,Emergency Fund,2216561,89641,2126920,3,Debt MF,28.25,22.22,64.6,43.0,54.88,Moderate
C00736,62,Designer,0,165858,67669,33584,64605,748994,9070598,10798482,375981,20994055,2260134,18733921,199425,39790476,717,Conservative,Beginner,Retirement,19945357,6349418,13595939,1,Bonds,38.95,20.25,70.25,7.0,41.79,Moderately Conservative
C00737,30,Freelancer,1,113053,61131,0,51922,207215,2217892,7940204,112474,10477785,0,10477785,107136,18206281,780,Moderate,Intermediate,Emergency Fund,5056123,313560,4742563,7,Debt MF,45.93,0.0,84.65,43.0,65.91,Moderate
C00738,27,Doctor,1,162579,61830,76807,23942,542397,677042,0,416946,1636385,1115509,520876,327854,10994157,689,Aggressive,Intermediate,Wealth Creation,15956083,473929,15482154,20,Gold,14.73,47.24,62.7,95.0,77.24,Moderately Aggressive
C00739,44,Sales Executive,2,161472,66229,39962,55281,225209,8159984,11831623,173236,20390052,4790616,15599436,225209,36071137,751,Conservative,Beginner,Emergency Fund,4838927,1285183,3553744,7,Hybrid MF,34.24,24.75,71.55,0.0,39.35,Moderately Conservative
C00740,61,Data Scientist,1,179016,68577,51363,59076,836406,18661205,0,208761,19706372,1790183,17916189,172516,14480865,776,Moderately Conservative,Advanced,Buy House,14032172,1977945,12054227,10,ETF,33.0,28.69,78.8,40.0,61.34,Moderate
C00741,26,Teacher,1,47936,18164,8276,21496,135786,689126,0,107714,932626,120771,811855,23937,4166891,755,Conservative,Intermediate,Wealth Creation,3553815,482388,3071427,10,Gold,44.84,17.26,89.05,20.0,57.98,Moderate
C00742,35,Designer,2,79866,38247,41555,64,266217,10000,0,91890,368107,1972130,-1604023,266217,12392105,627,Moderately Aggressive,Intermediate,Higher Education,1410493,7000,1403493,3,FD,0.08,52.03,40.1,72.0,50.0,Moderate
C00743,57,Sales Executive,1,133216,47762,28781,56673,96938,7895497,10537067,42607,18572109,3982332,14589777,96938,27749567,722,Conservative,Beginner,Retirement,19759760,5526847,14232913,3,PPF,42.54,21.6,66.8,7.0,39.89,Moderately Conservative
C00744,30,Software Engineer,0,77617,36233,11990,29394,238388,1895758,4433977,135712,6703835,820529,5883306,238388,12670900,763,Moderate,Intermediate,Child Education,4848003,1238351,3609652,10,Debt MF,37.87,15.45,87.45,52.0,71.5,Moderately Aggressive
C00745,31,Sales Executive,0,124571,51611,28233,44727,396027,1759476,9306298,260162,11721963,4197035,7524928,322505,10700592,691,Moderate,Beginner,Emergency Fund,1603225,591657,1011568,3,Hybrid MF,35.9,22.66,71.7,35.0,55.19,Moderate
C00746,31,Doctor,1,213136,102627,0,110509,1088591,4740931,13173141,761920,19764583,0,19764583,335059,22474013,788,Moderately Conservative,Beginner,Higher Education,12896234,3318651,9577583,10,Gold,51.85,0.0,96.3,24.0,63.77,Moderate
C00747,24,Data Scientist,0,37341,18452,8007,10882,181088,90996,0,75103,347187,327073,20114,63503,7336196,701,Conservative,Beginner,Buy House,2412920,63697,2349223,7,Stocks,29.14,21.44,64.4,4.0,37.22,Moderately Conservative
C00748,49,Software Engineer,2,157887,66775,12767,78345,455076,8417526,12811501,304430,21988533,968419,21020114,455076,36114961,710,Moderately Conservative,Beginner,Retirement,17590504,3441857,14148647,11,Debt MF,49.62,8.09,93.6,27.0,63.63,Moderate
C00749,52,Teacher,0,299234,143295,44139,111800,683480,24152305,23986824,155725,48978334,4463042,44515292,166172,32618099,717,Moderately Aggressive,Advanced,Wealth Creation,37418151,6442898,30975253,15,Hybrid MF,37.36,14.75,77.95,88.0,82.47,Moderately Aggressive
C00750,62,Government Employee,0,204252,97324,37860,69068,437902,18410795,0,321709,19170406,892424,18277982,373922,41976321,806,Moderately Conservative,Intermediate,Buy House,16015272,5585101,10430171,10,ETF,33.82,18.54,78.65,32.0,57.66,Moderate
C00751,37,Designer,1,55814,30735,10409,14670,137063,1060556,0,44994,1242613,222954,1019659,82185,12235687,846,Aggressive,Intermediate,Wealth Creation,3142740,742389,2400351,7,Bonds,26.28,18.65,71.6,95.0,82.13,Moderately Aggressive
C00752,44,Software Engineer,2,102371,34458,12264,55649,268514,5792762,4254709,85959,10401944,812411,9589533,140161,21005966,704,Moderately Aggressive,Intermediate,Buy House,4991140,453848,4537292,7,ETF,54.36,11.98,83.55,72.0,78.35,Moderately Aggressive
C00753,33,Business Owner,0,146730,58586,42992,45152,785746,1949144,12139238,194955,15069083,4571919,10497164,325140,32047328,766,Moderate,Beginner,Wealth Creation,17453797,1364400,16089397,15,Stocks,30.77,29.3,79.8,52.0,67.29,Moderate
C00754,34,Business Owner,2,134381,67547,42162,24672,894365,2104375,8591843,404217,11994800,3571704,8423096,267873,24121412,754,Moderate,Beginner,Retirement,28825568,1473062,27352506,26,Bonds,18.36,31.37,69.65,47.0,59.46,Moderate
C00755,39,Accountant,1,185640,95349,21608,68683,1019074,3394302,0,640782,5054158,545074,4509084,194922,30921027,806,Moderately Conservative,Beginner,Higher Education,5109281,355805,4753476,5,Stocks,37.0,11.64,83.3,24.0,56.62,Moderate
C00756,43,Sales Executive,2,101706,55878,0,45828,381308,5550734,0,112266,6044308,0,6044308,354551,7389911,679,Moderately Aggressive,Intermediate,Child Education,2067828,681832,1385996,5,FD,45.06,0.0,91.7,72.0,82.84,Moderately Aggressive
C00757,37,Government Employee,3,45540,18217,4149,23174,121997,912972,0,50533,1085502,189605,895897,121997,10182165,697,Moderately Aggressive,Beginner,Buy House,1673362,245179,1428183,7,Hybrid MF,50.89,9.11,89.6,64.0,78.08,Moderately Aggressive
C00758,27,Bank Employee,2,75266,26779,19160,29327,138454,467696,0,73853,680003,834152,-154149,138454,5301000,702,Moderately Conservative,Advanced,Wealth Creation,7517445,327387,7190058,20,ETF,38.96,25.46,70.7,48.0,60.49,Moderate
C00759,49,Sales Executive,2,165703,83747,51785,30171,291030,1918890,10168609,228495,12607024,6769945,5837079,291030,30026066,738,Conservative,Beginner,Child Education,3296981,339210,2957771,3,Equity MF,18.21,31.25,52.0,4.0,30.4,Moderately Conservative
C00760,33,Software Engineer,1,103358,31354,20394,51610,419142,2894097,0,257914,3571153,522413,3048740,92996,18542137,669,Moderate,Advanced,Buy House,3766980,979861,2787119,7,FD,49.93,19.73,89.2,60.0,76.06,Moderately Aggressive
C00761,25,Teacher,1,154323,50601,29187,74535,475168,752227,0,178285,1405680,1013056,392624,52238,26046449,742,Aggressive,Intermediate,Buy House,6586279,526558,6059721,7,FD,48.3,18.91,77.4,87.0,81.72,Moderately Aggressive
C00762,21,Government Employee,0,27335,11335,6421,9579,137789,29442,0,29231,196462,202529,-6067,83273,2532583,792,Conservative,Intermediate,Retirement,3384559,20609,3363950,39,Equity MF,35.04,23.49,75.0,15.0,48.0,Moderately Conservative
C00763,57,Accountant,0,99615,42156,6333,51126,582078,5793475,3626885,159034,10161472,826222,9335250,129920,22216456,791,Moderate,Intermediate,Wealth Creation,9748751,2212303,7536448,20,PPF,51.32,6.36,95.2,60.0,79.36,Moderately Aggressive
C00764,51,Software Engineer,2,135095,53027,0,82068,534430,16729815,5737927,333757,23335929,0,23335929,355047,11165249,726,Moderate,Intermediate,Retirement,21798729,4529997,17268732,9,Bonds,60.75,0.0,93.3,55.0,76.06,Moderately Aggressive
C00765,41,Software Engineer,2,186970,77621,115239,0,731760,10000,0,270100,1011860,3825889,-2814029,617390,40871079,555,Moderately Conservative,Intermediate,Travel,730181,7000,723181,1,PPF,0.0,61.64,31.4,35.0,33.02,Moderately Conservative
C00766,32,Bank Employee,1,70669,36947,0,33722,481200,2151667,4125213,350948,7109028,0,7109028,215039,7777831,730,Moderate,Intermediate,Retirement,9665561,1506166,8159395,28,Stocks,47.72,0.0,98.95,55.0,79.17,Moderately Aggressive
C00767,58,Business Owner,1,132799,71992,17384,43423,510470,6993245,10334717,123106,17961538,1811464,16150074,510470,8322477,732,Moderate,Advanced,Retirement,27432534,3060910,24371624,2,Debt MF,32.7,13.09,74.85,63.0,45.0,Moderately Conservative
C00768,60,Business Owner,0,228461,80128,59823,88510,577197,12836144,0,459242,13872583,2304584,11567999,89501,34115349,693,Conservative,Intermediate,Buy House,27908792,3708911,24199881,15,Hybrid MF,38.74,26.19,77.75,12.0,48.16,Moderate
C00769,31,Consultant,2,102313,41241,5641,55431,260387,1048877,6831059,179459,8319782,847928,7471854,260387,18401420,683,Moderate,Intermediate,Wealth Creation,14639372,734213,13905159,20,Bonds,54.18,5.51,99.1,60.0,81.5,Moderately Aggressive
C00770,53,Software Engineer,0,112969,57484,35252,20233,736615,3710468,0,348401,4795484,1411500,3383984,119330,8706506,697,Moderately Conservative,Advanced,Wealth Creation,14016362,2597327,11419035,15,Debt MF,17.91,31.21,66.8,48.0,58.34,Moderate
C00771,48,Teacher,1,64725,22704,12368,29653,146145,2640948,3402984,81137,6271214,2012907,4258307,82361,12152270,796,Moderately Conservative,Advanced,Wealth Creation,6049214,460739,5588475,10,PPF,45.81,19.11,79.75,48.0,65.46,Moderate
C00772,22,Doctor,0,180242,82843,54942,42457,874658,174718,0,291833,1341209,2333069,-991860,557340,23664500,702,Moderately Conservative,Intermediate,Wealth Creation,12002640,122302,11880338,7,PPF,23.56,30.48,64.4,40.0,53.42,Moderate
C00773,51,Accountant,1,364103,185676,20170,158257,2417520,8548716,23937304,1745058,36648598,2596251,34052347,749774,85705673,691,Moderately Conservative,Beginner,Wealth Creation,59643923,3234727,56409196,20,Equity MF,43.46,5.54,96.1,32.0,67.26,Moderate
C00774,48,Accountant,4,193442,71671,60605,61166,683338,6961697,0,384313,8029348,1292459,6736889,491410,17289767,704,Conservative,Beginner,Higher Education,1094222,131325,962897,2,PPF,31.62,31.33,72.35,4.0,41.59,Moderately Conservative
C00775,37,Consultant,1,390105,169009,0,221096,1683969,10285024,24066157,1258961,37294111,0,37294111,187450,68531336,737,Conservative,Beginner,Wealth Creation,50623445,7199516,43423929,15,PPF,56.68,0.0,94.2,12.0,57.21,Moderate
C00776,44,Teacher,2,190443,90553,58287,41603,659621,2523836,0,201614,3385071,2739407,645664,480551,17060133,777,Conservative,Beginner,Child Education,688410,156941,531469,1,Bonds,21.85,30.61,58.95,4.0,34.22,Moderately Conservative
C00777,36,Government Employee,1,33157,12897,0,20260,60883,866863,1538156,26149,2492051,0,2492051,60883,4277861,749,Moderate,Beginner,Retirement,4682791,606804,4075987,24,Stocks,61.1,0.0,94.35,47.0,73.04,Moderately Aggressive
C00778,41,Software Engineer,1,160888,77810,0,83078,441695,4360945,5882342,168102,10853084,0,10853084,441695,18646166,743,Moderate,Intermediate,Retirement,33736691,3052661,30684030,19,Debt MF,51.64,0.0,93.6,55.0,76.23,Moderately Aggressive
C00779,25,Sales Executive,0,46554,25047,0,21507,278380,367827,0,71969,718176,0,718176,117037,5000483,676,Moderately Conservative,Intermediate,Higher Education,3408122,257478,3150644,10,Stocks,46.2,0.0,97.2,32.0,67.86,Moderate
C00780,30,Government Employee,2,45163,24861,3410,16892,288186,949655,3121179,59491,4418511,329451,4089060,94266,9499786,734,Moderately Aggressive,Intermediate,Wealth Creation,2957569,664758,2292811,7,FD,37.4,7.55,88.65,80.0,84.76,Aggressive
C00781,26,Doctor,0,120445,47614,10064,62767,627734,1368845,0,274045,2270624,374001,1896623,76896,22674661,710,Moderately Conservative,Advanced,Buy House,9194890,958191,8236699,10,Bonds,52.11,8.36,97.05,40.0,71.38,Moderately Aggressive
C00782,21,Sales Executive,0,55393,20939,13892,20562,65814,71161,0,50944,187919,321920,-134001,65814,5213921,801,Moderately Aggressive,Advanced,Wealth Creation,3752563,49812,3702751,10,Debt MF,37.12,25.08,68.2,88.0,77.11,Moderately Aggressive
C00783,54,Bank Employee,1,145115,62835,31269,51011,300707,7211388,0,122370,7634465,527274,7107191,201332,18074746,792,Moderately Aggressive,Advanced,Child Education,5975898,1369677,4606221,7,FD,35.15,21.55,73.05,80.0,76.18,Moderately Aggressive
C00784,59,Accountant,0,215339,71981,0,143358,308973,29080069,13806782,117864,43313688,0,43313688,308973,45072320,798,Moderate,Advanced,Child Education,4219578,1595755,2623823,5,FD,66.57,0.0,85.3,60.0,73.91,Moderately Aggressive
C00785,27,Business Owner,0,89183,46261,15426,27496,396704,673232,0,239877,1309813,348634,961179,217481,18837474,781,Moderately Conservative,Beginner,Wealth Creation,3525375,471262,3054113,5,Gold,30.83,17.3,82.1,32.0,59.55,Moderate
C00786,25,Designer,0,95875,54834,0,41041,166265,543582,0,44187,754034,0,754034,166265,14779345,794,Aggressive,Advanced,Wealth Creation,12929922,380507,12549415,15,Stocks,42.81,0.0,96.0,100.0,97.8,Aggressive
C00787,28,Consultant,1,123935,67056,30515,26364,246473,510703,0,158976,916152,528252,387900,171705,16907147,708,Moderately Aggressive,Beginner,Wealth Creation,14408461,357492,14050969,20,Debt MF,21.27,24.62,68.55,72.0,70.1,Moderately Aggressive
C00788,34,Consultant,2,49337,20564,8800,19973,214181,664257,2487639,159094,3525171,623553,2901618,145773,6305610,672,Aggressive,Advanced,Child Education,644818,62415,582403,5,Debt MF,40.48,17.84,86.05,95.0,90.08,Aggressive
C00789,44,Freelancer,3,174903,104173,0,70730,1119489,6095244,6850440,659583,14724756,0,14724756,807762,27868248,777,Moderately Conservative,Intermediate,Retirement,34826408,4154178,30672230,16,ETF,40.44,0.0,97.15,35.0,69.18,Moderately Aggressive
C00790,23,Government Employee,1,70559,35908,21662,12989,370517,62481,0,279688,712686,399958,312728,263359,8204548,752,Conservative,Beginner,Child Education,712558,43736,668822,2,Equity MF,18.41,30.7,56.8,4.0,33.04,Moderately Conservative
C00791,53,Accountant,1,106247,40531,27296,38420,384821,3171934,7104844,219437,10881036,4252777,6628259,289031,16130301,760,Moderately Aggressive,Intermediate,Buy House,5371419,1368564,4002855,7,PPF,36.16,25.69,71.2,72.0,71.56,Moderately Aggressive
C00792,65,Sales Executive,0,307575,140342,37340,129893,1680436,28415902,0,1340289,31436627,771698,30664929,1024938,23687208,746,Moderately Aggressive,Intermediate,Wealth Creation,17393418,1438200,15955218,10,Hybrid MF,42.23,12.14,87.2,80.0,83.96,Moderately Aggressive
C00793,32,Freelancer,0,147470,53083,38391,55996,741803,2242534,0,571272,3555609,1638412,1917197,221827,31965955,736,Conservative,Beginner,Child Education,2962574,249777,2712797,5,Debt MF,37.97,26.03,74.35,4.0,42.69,Moderately Conservative
C00794,58,Sales Executive,1,207274,78664,31924,96686,1029938,21231730,10815052,529575,33606295,5248272,28358023,83443,38944192,642,Moderately Conservative,Beginner,Wealth Creation,7074030,1534725,5539305,7,Gold,46.65,15.4,85.45,32.0,61.4,Moderate
C00795,23,Doctor,0,257503,127320,63721,66462,415664,321515,0,99804,836983,784566,52417,268411,56261236,746,Moderately Conservative,Beginner,Travel,7738394,225060,7513334,7,Equity MF,25.81,24.75,55.4,27.0,42.62,Moderately Conservative
C00796,25,Freelancer,0,48213,17390,6574,24249,56592,539733,0,23502,619827,209453,410374,51542,11453585,788,Moderately Aggressive,Advanced,Higher Education,963305,273609,689696,5,Stocks,50.3,13.64,80.4,80.0,80.22,Moderately Aggressive
C00797,40,Accountant,3,103756,40623,46174,16959,195164,1690610,0,73807,1959581,2099490,-139909,195164,11540707,625,Moderately Conservative,Intermediate,Wealth Creation,4694169,1183427,3510742,7,Hybrid MF,16.35,44.5,48.15,40.0,44.48,Moderately Conservative
C00798,22,Data Scientist,1,185879,79125,29040,77714,202832,615260,0,65729,883821,647602,236219,202832,26200055,764,Moderate,Intermediate,Buy House,28650751,430682,28220069,20,ETF,41.81,15.62,78.0,52.0,66.3,Moderate
C00799,30,Bank Employee,0,104974,41969,21406,41599,431882,1423130,6001287,320144,8176443,3484764,4691679,162125,6718321,679,Moderately Conservative,Intermediate,Child Education,449062,140499,308563,1,FD,39.63,20.39,69.05,32.0,45.0,Moderately Conservative
C00800,27,Accountant,0,101174,46228,21343,33603,645806,1454080,0,285825,2385711,636011,1749700,161664,24019054,734,Conservative,Intermediate,Retirement,14406873,1017855,13389018,33,PPF,33.21,21.1,83.7,15.0,52.79,Moderate
C00801,53,Business Owner,1,63470,35085,8155,20230,118024,4774497,3716773,35417,8644711,507529,8137182,118024,10522646,773,Moderate,Intermediate,Wealth Creation,8048643,1351178,6697465,15,PPF,31.87,12.85,82.8,60.0,72.54,Moderately Aggressive
C00802,44,Bank Employee,3,209422,70595,37403,101424,152121,6215326,0,102098,6469545,866792,5602753,152121,21392233,787,Moderate,Advanced,Wealth Creation,9429104,641334,8787770,5,Hybrid MF,48.43,17.86,78.55,68.0,73.8,Moderately Aggressive
C00803,30,Sales Executive,1,96027,42466,25327,28234,137929,1143664,7764761,67927,9114281,1857149,7257132,128546,20832317,763,Moderately Aggressive,Advanced,Higher Education,638597,36824,601773,2,Gold,29.4,26.37,63.05,80.0,45.0,Moderately Conservative
C00804,28,Freelancer,2,56459,22996,8025,25438,221959,1265885,0,100962,1588806,382978,1205828,142178,11276555,716,Moderately Conservative,Beginner,Retirement,8680993,886119,7794874,32,Equity MF,45.06,14.21,92.55,27.0,63.05,Moderate
C00805,56,Doctor,2,250567,144250,56697,49620,709423,5802390,0,391435,6903248,1197859,5705389,709423,17503781,749,Moderately Aggressive,Intermediate,Retirement,57340407,4061672,53278735,4,Bonds,19.8,22.63,56.95,75.0,65.07,Moderate
C00806,25,Bank Employee,0,86492,46177,49470,0,208679,10000,0,52915,271594,1923541,-1651947,208679,6873830,633,Conservative,Advanced,Child Education,4905483,7000,4898483,10,Hybrid MF,0.0,57.2,38.2,20.0,30.01,Moderately Conservative
C00807,46,Sales Executive,3,172347,70104,0,102243,341346,12078542,0,266176,12686064,0,12686064,293187,34731243,797,Moderate,Advanced,Buy House,32593471,8454979,24138492,20,Equity MF,59.32,0.0,92.85,60.0,78.07,Moderately Aggressive
C00808,44,Designer,2,102393,36914,15958,49521,385011,5522894,5722102,157401,11787408,1408232,10379176,155296,18795069,799,Moderate,Intermediate,Child Education,1739429,563601,1175828,7,Debt MF,48.36,15.59,87.55,52.0,71.55,Moderately Aggressive
C00809,55,Consultant,0,264465,151370,62489,50606,1757804,4035533,21729422,651576,28174335,9460724,18713611,760397,49228499,741,Moderate,Intermediate,Wealth Creation,7762012,2668056,5093956,5,Gold,19.14,23.63,60.9,60.0,60.5,Moderate
C00810,37,Designer,2,105723,44192,0,61531,606518,6574407,7719825,413463,15314213,0,15314213,158260,18876538,746,Moderately Conservative,Intermediate,Wealth Creation,14584368,3720151,10864217,15,Hybrid MF,58.2,0.0,98.2,40.0,72.01,Moderately Aggressive
C00811,27,Business Owner,2,271102,113165,71308,86629,1476588,2052931,0,564579,4094098,3064298,1029800,270439,16435375,717,Moderately Conservative,Advanced,Retirement,47628511,1437051,46191460,33,Gold,31.95,26.3,77.7,43.0,62.09,Moderate
C00812,62,Software Engineer,0,206869,74951,66129,65789,991363,7671758,16164812,665904,25493837,10772315,14721522,494811,21164970,718,Conservative,Intermediate,Retirement,31487356,5370230,26117126,1,FD,31.8,31.97,64.25,15.0,42.09,Moderately Conservative
C00813,43,Sales Executive,3,123118,50689,33246,39183,571670,4157519,4574017,306119,9609325,2637256,6972069,117089,17056153,735,Aggressive,Intermediate,Wealth Creation,7982612,1250905,6731707,10,Debt MF,31.83,27.0,78.5,95.0,85.93,Aggressive
C00814,57,Teacher,0,97336,46142,0,51194,245175,9937148,7758553,109403,18050279,0,18050279,219780,10539417,698,Conservative,Beginner,Wealth Creation,3682930,814342,2868588,7,FD,52.6,0.0,85.6,12.0,52.48,Moderate
C00815,39,Doctor,3,120361,56575,71591,0,344477,10000,0,103989,458466,3257871,-2799405,246110,14596131,655,Moderately Conservative,Intermediate,Emergency Fund,5444359,7000,5437359,7,ETF,0.0,59.48,33.3,23.0,28.66,Conservative
C00816,28,Doctor,0,80821,33587,33981,13253,404055,269096,0,96453,769604,886172,-116568,99084,13258460,599,Moderately Aggressive,Intermediate,Retirement,10336704,188367,10148337,32,Hybrid MF,16.4,42.04,59.55,75.0,66.5,Moderate
C00817,37,Consultant,1,189446,82674,10178,96594,575107,7626625,12818704,130463,21150899,1484901,19665998,522940,17033622,700,Moderate,Beginner,Wealth Creation,33053290,4852146,28201144,20,Stocks,50.99,5.37,98.2,52.0,77.41,Moderately Aggressive
C00818,60,Government Employee,1,147549,50763,0,96786,335850,15553876,0,238284,16128010,0,16128010,259485,13135199,791,Moderate,Beginner,Child Education,489736,45829,443907,1,Stocks,65.6,0.0,79.55,44.0,45.0,Moderately Conservative
C00819,61,Sales Executive,1,74667,39511,13460,21696,477376,6770257,0,340334,7587967,349155,7238812,71224,15802655,807,Conservative,Intermediate,Wealth Creation,6131737,744003,5387734,10,Gold,29.06,18.03,77.8,20.0,51.79,Moderate
C00820,55,Business Owner,1,450000,179263,75046,195691,622560,35359914,0,212393,36194867,2851898,33342969,622560,79849110,722,Conservative,Beginner,Retirement,66982239,16843301,50138938,5,Equity MF,43.49,16.68,81.9,7.0,48.2,Moderate
C00821,41,Freelancer,2,91166,44338,10978,35850,163818,1627878,6627476,43250,8462422,1867311,6595111,163818,20382550,776,Conservative,Intermediate,Wealth Creation,7000789,1139514,5861275,10,Debt MF,39.32,12.04,78.8,20.0,52.34,Moderate
C00822,37,Data Scientist,1,178278,98072,22798,57408,367716,2704941,0,237286,3309943,941171,2368772,233686,11840134,637,Moderate,Advanced,Wealth Creation,7171408,1880789,5290619,7,FD,32.2,12.79,76.6,68.0,72.73,Moderately Aggressive
C00823,49,Software Engineer,3,178283,68892,0,109391,305958,7598121,0,229302,8133381,0,8133381,264818,14811325,734,Conservative,Beginner,Child Education,421736,131904,289832,1,Hybrid MF,61.36,0.0,81.2,4.0,45.0,Moderately Conservative
C00824,38,Consultant,2,351425,154772,111606,85047,1597742,8014386,0,1224632,10836760,3986281,6850479,670574,41190373,727,Moderate,Intermediate,Retirement,56247069,5610070,50636999,22,ETF,24.2,31.76,74.05,55.0,65.48,Moderate
C00825,63,Teacher,1,214393,115214,23338,75841,545012,24918510,0,227507,25691029,604209,25086820,545012,16351161,746,Moderately Conservative,Beginner,Wealth Creation,13762268,5331602,8430666,10,ETF,35.37,10.89,78.5,32.0,57.58,Moderate
C00826,21,Bank Employee,1,127225,44339,14213,68673,449279,230020,0,273256,952555,372201,580354,291264,8477058,755,Moderately Conservative,Intermediate,Buy House,15343810,161014,15182796,15,Debt MF,53.98,11.17,90.0,32.0,63.9,Moderate
C00827,57,Government Employee,0,177695,84842,0,92853,1068080,10363048,12077280,714649,24223057,0,24223057,193405,20411178,771,Moderate,Intermediate,Retirement,28908572,7254133,21654439,3,Equity MF,52.25,0.0,86.8,55.0,72.49,Moderately Aggressive
C00828,32,Bank Employee,0,81664,45687,0,35977,483924,2248988,0,148516,2881428,0,2881428,233447,18734218,706,Aggressive,Intermediate,Buy House,7511391,404213,7107178,10,ETF,44.05,0.0,96.15,87.0,92.03,Aggressive
C00829,57,Doctor,0,242161,113769,40327,88065,912118,23011962,0,193630,24117710,1398886,22718824,461446,34433651,767,Conservative,Advanced,Buy House,42978021,9461936,33516085,20,Gold,36.37,16.65,86.2,20.0,56.41,Moderate
C00830,43,Business Owner,3,330839,188404,100111,42324,907320,6006519,18905173,330818,26149830,11095765,15054065,907320,26437311,726,Moderately Conservative,Beginner,Buy House,23938754,1528691,22410063,10,Debt MF,12.79,30.26,61.5,24.0,44.62,Moderately Conservative
C00831,59,Bank Employee,1,286127,153286,59756,73085,1233070,10689380,0,246991,12169441,1803494,10365947,405693,62228081,757,Conservative,Beginner,Retirement,39846784,2958612,36888172,1,Stocks,25.54,20.88,61.7,7.0,37.09,Moderately Conservative
C00832,38,Freelancer,2,67847,28303,9917,29627,309962,1447186,2828539,146590,4732277,1251927,3480350,70138,4396058,709,Moderate,Beginner,Retirement,11145531,866630,10278901,22,Debt MF,43.67,14.62,91.05,47.0,71.23,Moderately Aggressive
C00833,27,Business Owner,0,274710,128683,29736,116291,1618351,2579791,0,660418,4858560,1395322,3463238,832001,30456094,659,Moderate,Intermediate,Retirement,40448219,1805853,38642366,33,PPF,42.33,10.82,89.7,55.0,74.09,Moderately Aggressive
C00834,33,Business Owner,2,241863,85986,47417,108460,970758,5767482,13461784,657165,20857189,3099154,17758035,333201,28368047,726,Moderate,Intermediate,Retirement,31238140,4037237,27200903,27,ETF,44.84,19.6,94.8,55.0,76.89,Moderately Aggressive
C00835,24,Doctor,0,70304,37997,44698,0,309632,10000,0,228186,547818,2113225,-1565407,76907,7961335,675,Moderate,Beginner,Child Education,2985205,7000,2978205,10,FD,0.0,63.58,38.2,44.0,40.81,Moderately Conservative
C00836,21,Sales Executive,0,34146,13464,9885,10797,91282,33338,0,60494,185114,444753,-259639,91282,6951671,753,Moderately Aggressive,Advanced,Emergency Fund,414352,23336,391016,3,PPF,31.62,28.95,66.6,71.0,68.58,Moderately Aggressive
C00837,44,Data Scientist,3,179359,94604,20791,63964,725344,8870331,10098775,438249,20132699,2329555,17803144,309314,34769599,716,Moderately Aggressive,Intermediate,Emergency Fund,2780169,147827,2632342,3,Debt MF,35.66,11.59,75.75,63.0,70.01,Moderately Aggressive
C00838,52,Business Owner,0,148179,57903,19037,71239,669272,7923198,6006788,323761,14923019,2204381,12718638,322763,21455155,741,Moderately Aggressive,Advanced,Wealth Creation,4091875,1553119,2538756,5,PPF,48.08,12.85,86.35,88.0,87.09,Aggressive
C00839,43,Designer,2,67299,30862,16731,19706,132307,1219977,5562156,95398,7009838,2261299,4748539,132307,14789924,766,Conservative,Beginner,Retirement,8077850,853983,7223867,17,Debt MF,29.28,24.86,69.3,7.0,41.27,Moderately Conservative
C00840,32,Bank Employee,0,74092,37501,7429,29162,91701,1280131,0,53225,1425057,185715,1239342,91701,12067576,754,Moderate,Intermediate,Wealth Creation,3014606,896091,2118515,5,Bonds,39.36,10.03,75.35,60.0,68.44,Moderately Aggressive
C00841,65,Government Employee,1,243050,119088,20326,103636,660782,29817443,16729368,249112,47456705,1241498,46215207,647065,19538409,747,Conservative,Intermediate,Higher Education,1306666,316305,990361,1,FD,42.64,8.36,78.8,12.0,45.0,Moderately Conservative
C00842,37,Government Employee,3,55064,22982,4759,27323,123411,2356050,2287464,64381,4831306,577665,4253641,66660,11501963,766,Moderate,Beginner,Retirement,7535699,1428092,6107607,23,Debt MF,49.62,8.64,94.2,47.0,72.96,Moderately Aggressive
C00843,42,Business Owner,3,217004,92950,28940,95114,405626,10482715,10389564,310846,21588751,4865041,16723710,254903,46797043,777,Conservative,Beginner,Wealth Creation,9439850,769806,8670044,7,Stocks,43.83,13.34,80.85,12.0,49.87,Moderate
C00844,27,Bank Employee,2,115893,51446,14861,49586,621886,1016404,0,213336,1851626,471266,1380360,353945,15989985,749,Moderate,Beginner,Retirement,15073586,711482,14362104,33,Gold,42.79,12.82,92.7,47.0,72.14,Moderately Aggressive
C00845,34,Bank Employee,0,82770,36645,15670,30455,114913,1814110,0,52569,1981592,717675,1263917,114913,12812694,771,Moderate,Beginner,Child Education,353354,42592,310762,1,Bonds,36.79,18.93,68.45,44.0,45.0,Moderately Conservative
C00846,45,Government Employee,1,67647,25164,0,42483,117756,2462285,3767609,28862,6376512,0,6376512,117756,13650470,793,Moderate,Intermediate,Wealth Creation,7808283,1723599,6084684,20,FD,62.8,0.0,93.0,60.0,78.15,Moderately Aggressive
C00847,55,Sales Executive,0,313383,88871,27528,196984,1143465,28224203,13128764,584237,43080669,3460883,39619786,296909,54364079,747,Conservative,Beginner,Wealth Creation,25179745,4706628,20473117,10,ETF,62.86,8.78,92.7,12.0,56.39,Moderate
C00848,34,Bank Employee,1,96612,49279,14657,32676,149575,1798287,7351341,75989,9375192,2165248,7209944,55835,13874321,795,Moderately Conservative,Advanced,Wealth Creation,4863478,834140,4029338,7,Hybrid MF,33.82,15.17,72.05,48.0,61.23,Moderate
C00849,26,Bank Employee,2,39301,18216,22500,0,185408,10000,0,125598,321006,658126,-337120,86607,6219359,625,Moderately Conservative,Beginner,Wealth Creation,2059518,7000,2052518,10,Stocks,0.0,57.25,42.05,32.0,37.53,Moderately Conservative
C00850,44,Designer,3,89086,37623,26083,25380,252776,2046781,0,182315,2481872,852308,1629564,96030,11813182,758,Conservative,Advanced,Buy House,12220781,1432746,10788035,20,FD,28.49,29.28,69.15,20.0,47.03,Moderately Conservative
C00851,56,Sales Executive,0,92790,34819,20256,37715,139706,9476746,0,50711,9667163,783241,8883922,139706,19450067,715,Moderately Conservative,Beginner,Buy House,4561177,1181985,3379192,7,FD,40.65,21.83,77.75,24.0,53.56,Moderate
C00852,35,Doctor,1,149893,51686,23644,74563,322064,3989964,5980239,187649,10479916,2772241,7707675,322064,16799224,727,Moderate,Intermediate,Child Education,2758672,216018,2542654,7,Bonds,49.74,15.77,85.9,52.0,70.65,Moderately Aggressive
C00853,49,Software Engineer,3,155157,59956,46381,48820,255099,4594087,11551149,118307,16518642,6674391,9844251,133247,27249343,714,Moderately Aggressive,Intermediate,Child Education,5907135,2090199,3816936,7,Bonds,31.46,29.89,67.8,72.0,69.69,Moderately Aggressive
C00854,41,Teacher,1,79725,42755,7338,29632,334049,1239004,4637829,244011,6454893,701111,5753782,210549,15453094,740,Moderately Aggressive,Intermediate,Travel,5429532,522617,4906915,10,Bonds,37.17,9.2,89.8,75.0,83.14,Moderately Aggressive
C00855,23,Doctor,0,171422,94248,14277,62897,1261281,273011,0,905640,2439932,303121,2136811,470905,36323185,737,Moderate,Advanced,Retirement,24469941,191107,24278834,37,ETF,36.69,8.33,95.0,63.0,80.6,Moderately Aggressive
C00856,31,Data Scientist,1,140188,50495,12319,77374,663841,2528284,0,354023,3546148,277682,3268466,269957,18760932,725,Conservative,Beginner,Buy House,6115671,1718754,4396917,5,PPF,55.19,8.79,93.5,4.0,53.23,Moderate
C00857,44,Teacher,2,163367,71398,88788,3181,811195,578236,8692034,275743,10357208,8693218,1663990,361043,20528874,624,Conservative,Intermediate,Retirement,19870557,404765,19465792,16,Stocks,1.95,54.35,47.150000000000006,15.0,32.68,Moderately Conservative
C00858,32,Doctor,0,179734,94848,27931,56955,283601,3342987,10641344,121886,14389818,3392902,10996916,283601,42783144,726,Conservative,Beginner,Retirement,35691074,2340090,33350984,28,Hybrid MF,31.69,15.54,77.95,7.0,46.02,Moderately Conservative
C00859,45,Software Engineer,3,219683,98588,42747,78348,1257090,13922596,13054793,612154,28846633,7175017,21671616,99924,42391885,767,Conservative,Intermediate,Higher Education,1207583,88859,1118724,1,Bonds,35.66,19.46,73.8,12.0,45.0,Moderately Conservative
C00860,26,Bank Employee,0,128936,55126,35709,38101,266609,837702,0,165693,1270004,1377566,-107562,266609,30867927,731,Moderate,Advanced,Retirement,13977475,586391,13391084,34,ETF,29.55,27.7,65.85,63.0,64.57,Moderate
C00861,63,Bank Employee,2,180003,108766,114657,0,1492481,10000,12509371,1030894,15042746,10255317,4787429,695696,36862190,662,Conservative,Beginner,Wealth Creation,18407661,7000,18400661,20,Stocks,0.0,63.7,42.3,12.0,28.66,Conservative
C00862,33,Designer,0,239106,130960,122245,0,310292,10000,19264771,115391,19700454,11425065,8275389,310292,29707648,660,Conservative,Intermediate,Buy House,8211493,7000,8204493,5,Hybrid MF,0.0,51.13,32.2,12.0,23.11,Conservative
C00863,27,Government Employee,1,67893,34701,0,33192,475113,648366,0,255073,1378552,0,1378552,123842,4616046,769,Moderately Aggressive,Intermediate,Retirement,13851828,453856,13397972,33,PPF,48.89,0.0,99.7,75.0,88.59,Aggressive
C00864,31,Data Scientist,1,250065,77487,79566,93012,1017702,6252286,20200146,246777,27716911,7924027,19792884,424598,38721259,754,Moderately Aggressive,Intermediate,Child Education,7010221,2701797,4308424,10,Bonds,37.2,31.82,77.3,72.0,74.91,Moderately Aggressive
C00865,58,Teacher,1,224121,111814,25192,87115,724353,18891255,0,313485,19929093,1131145,18797948,379994,40391595,723,Conservative,Advanced,Retirement,40499574,13223878,27275696,2,Gold,38.87,11.24,70.85,23.0,45.0,Moderately Conservative
C00866,30,Teacher,1,60908,26519,0,34389,134906,1210930,5115612,68486,6529934,0,6529934,128889,8196781,770,Moderately Conservative,Beginner,Retirement,9715063,505616,9209447,30,Hybrid MF,56.46,0.0,95.25,27.0,64.54,Moderate
C00867,23,Doctor,0,47493,20785,2630,24078,199184,91180,0,95069,385433,118223,267210,50623,6791393,739,Moderately Aggressive,Intermediate,Child Education,1885161,63825,1821336,10,Equity MF,50.7,5.54,91.2,72.0,82.56,Moderately Aggressive
C00868,32,Government Employee,1,76632,41582,11415,23635,353763,1333198,3279953,166891,5133805,714934,4418871,171123,18231737,745,Moderate,Intermediate,Child Education,2530772,850304,1680468,7,Gold,30.84,14.9,84.35,52.0,69.79,Moderately Aggressive
C00869,47,Consultant,3,163474,61235,48767,53472,211722,8235698,0,143967,8591387,1319015,7272372,211722,17711380,703,Moderate,Intermediate,Child Education,4890551,510473,4380078,7,Hybrid MF,32.71,29.83,74.1,52.0,64.16,Moderate
C00870,44,Sales Executive,2,95383,41432,23667,30284,251127,3511589,0,59493,3822209,1112276,2709933,69463,14508981,777,Moderate,Intermediate,Wealth Creation,15672837,2458112,13214725,20,Gold,31.75,24.81,74.15,60.0,67.78,Moderate
C00871,63,Teacher,0,149795,75807,12440,61548,431609,5858295,6227772,197602,12715278,1039790,11675488,431609,11158913,730,Moderate,Advanced,Buy House,8107710,2578721,5528989,10,Stocks,41.09,8.3,87.5,60.0,75.12,Moderately Aggressive
C00872,60,Data Scientist,1,172033,54269,53255,64509,561626,14547381,6854978,351124,22315109,6412652,15902457,271671,24950047,785,Aggressive,Intermediate,Buy House,20465372,5942655,14522717,20,FD,37.5,30.96,75.75,87.0,80.81,Moderately Aggressive
C00873,56,Accountant,2,90266,45805,12981,31480,398180,5642420,6871534,252090,13164224,1143519,12020705,358415,16217501,792,Moderately Conservative,Intermediate,Wealth Creation,9290483,1793522,7496961,15,Debt MF,34.87,14.38,86.35,40.0,65.49,Moderate
C00874,48,Doctor,3,135006,54219,18875,61912,485663,6786229,6295259,210869,13778020,2301203,11476817,246552,26436100,778,Conservative,Beginner,Higher Education,684894,218358,466536,2,FD,45.86,13.98,78.35,4.0,44.89,Moderately Conservative
C00875,33,Software Engineer,0,167012,95317,47329,24366,1024834,1098223,7818855,628005,10569917,4822111,5747806,365596,31338447,753,Moderate,Advanced,Wealth Creation,13908444,768756,13139688,10,ETF,14.59,28.34,67.0,68.0,67.45,Moderate
C00876,42,Freelancer,2,103639,41775,0,61864,206970,7291943,0,141610,7640523,0,7640523,149931,16800767,712,Moderately Aggressive,Intermediate,Wealth Creation,7240177,2132629,5107548,10,Hybrid MF,59.69,0.0,90.65,80.0,85.86,Aggressive
C00877,23,Accountant,0,43107,19451,0,23656,99381,112109,0,38206,249696,0,249696,70531,8214474,757,Moderately Conservative,Intermediate,Buy House,2502521,78476,2424045,10,Gold,54.88,0.0,93.2,32.0,65.66,Moderate
C00878,43,Freelancer,2,105216,36874,30210,38132,223536,1912529,6538837,118911,8793813,2636407,6157406,220627,20193535,846,Moderately Conservative,Beginner,Retirement,14260767,1338770,12921997,17,Bonds,36.24,28.71,78.3,27.0,55.22,Moderate
C00879,51,Bank Employee,0,123268,49825,17023,56420,274585,2853128,0,202862,3330575,592510,2738065,274585,17872087,709,Moderate,Beginner,Wealth Creation,8467534,1506262,6961272,10,Equity MF,45.77,13.81,82.3,52.0,68.67,Moderately Aggressive
C00880,36,Teacher,2,124690,56890,33772,34028,466229,1792067,0,239348,2497644,1077032,1420612,407601,28141673,736,Aggressive,Advanced,Wealth Creation,7263031,1254446,6008585,10,Hybrid MF,27.29,27.08,71.55,100.0,84.35,Aggressive
C00881,58,Teacher,0,129880,47931,36636,45313,130213,5253416,0,84146,5467775,1594828,3872947,87810,25570126,801,Moderately Aggressive,Intermediate,Wealth Creation,8311024,1974573,6336451,10,ETF,34.89,28.21,64.25,80.0,71.34,Moderately Aggressive
C00882,35,Government Employee,2,50321,27451,12018,10852,198848,428361,0,87042,714251,201682,512569,51905,5938769,714,Moderate,Intermediate,Wealth Creation,3307984,299852,3008132,7,ETF,21.57,23.88,67.9,60.0,64.34,Moderate
C00883,28,Doctor,2,97640,44020,12075,41545,244019,1086224,0,104503,1434746,269512,1165234,244019,6419406,793,Conservative,Intermediate,Emergency Fund,891876,268559,623317,2,FD,42.55,12.37,77.35,3.0,43.89,Moderately Conservative
C00884,39,Software Engineer,1,108553,52135,0,56418,494892,1968160,9035714,359927,11858693,0,11858693,267787,23981072,823,Moderate,Beginner,Retirement,14702185,1377712,13324473,21,FD,51.97,0.0,97.9,47.0,75.0,Moderately Aggressive
C00885,29,Teacher,1,77142,44211,42578,0,484964,10000,0,257657,752621,513549,239072,241151,15027155,603,Conservative,Beginner,Retirement,13006170,7000,12999170,31,Hybrid MF,0.0,55.19,47.400000000000006,7.0,29.22,Conservative
C00886,60,Accountant,1,176185,95174,53009,28002,798151,2584725,7407363,182604,10972843,9328890,1643953,581576,33374793,733,Conservative,Beginner,Higher Education,2428345,967978,1460367,3,Bonds,15.89,30.09,51.35,4.0,30.04,Moderately Conservative
C00887,35,Designer,2,163586,82387,43556,37643,723175,2495120,12822334,558182,16598811,2817045,13781766,116476,12493512,770,Moderately Aggressive,Intermediate,Wealth Creation,5766171,1570672,4195499,5,Stocks,23.01,26.63,67.9,80.0,73.34,Moderately Aggressive
C00888,61,Freelancer,2,167104,91841,10543,64720,1110749,16223338,11691032,508285,29533404,748167,28785237,710537,23029293,821,Moderately Conservative,Intermediate,Buy House,14794613,4080991,10713622,10,Debt MF,38.73,6.31,86.8,32.0,62.14,Moderate
C00889,57,Consultant,1,408256,203721,0,204535,575059,36738565,18408056,316781,56038461,0,56038461,483869,83610525,761,Conservative,Beginner,Retirement,77505272,22433288,55071984,3,Hybrid MF,50.1,0.0,77.8,7.0,45.94,Moderately Conservative
C00890,30,Software Engineer,0,73839,30015,16563,27261,228702,928768,4028533,118178,5304181,2043266,3260915,190059,9199129,735,Moderately Conservative,Intermediate,Buy House,6747991,650137,6097854,15,Hybrid MF,36.92,22.43,80.25,32.0,58.54,Moderate
C00891,38,Freelancer,3,92570,52502,14697,25371,226293,2505373,4061277,173000,6965943,1901350,5064593,226293,13660561,736,Moderately Conservative,Advanced,Buy House,4398039,733754,3664285,7,ETF,27.41,15.88,71.45,40.0,57.3,Moderate
C00892,41,Accountant,2,87661,51073,20185,16403,698271,2149762,0,140111,2988144,627521,2360623,127811,6745920,742,Moderate,Intermediate,Child Education,4309619,792572,3517047,10,Stocks,18.71,23.03,68.8,52.0,61.24,Moderate
C00893,32,Freelancer,0,102751,48428,24628,29695,486455,632705,4665092,323713,6107965,3394532,2713433,255837,18519333,730,Moderate,Beginner,Retirement,12083390,442893,11640497,28,Hybrid MF,28.9,23.97,71.95,47.0,60.72,Moderate
C00894,24,Software Engineer,1,143719,85861,40888,16970,991361,198903,0,390067,1580331,1605459,-25128,562654,26611537,723,Moderate,Beginner,Buy House,23377612,139232,23238380,20,Debt MF,11.81,28.45,65.0,44.0,55.55,Moderate
C00895,60,Business Owner,1,193170,94919,0,98251,1084901,16011669,7210061,420740,24727371,0,24727371,568912,16722818,767,Moderate,Beginner,Wealth Creation,14543645,858878,13684767,10,Stocks,50.86,0.0,91.95,52.0,73.97,Moderately Aggressive
C00896,27,Teacher,1,104428,52798,27852,23778,727060,710069,0,457796,1894925,529954,1364971,336958,7755649,665,Conservative,Intermediate,Wealth Creation,6332854,497048,5835806,7,Gold,22.77,26.67,73.1,20.0,49.2,Moderate
C00897,52,Freelancer,0,156045,63731,19663,72651,484578,6687413,8629359,171829,15973179,1252101,14721078,119791,13267905,688,Moderate,Beginner,Child Education,4360790,672779,3688011,10,Debt MF,46.56,12.6,85.15,44.0,66.63,Moderate
C00898,53,Accountant,0,240920,90770,52951,97199,758406,11077748,0,417235,12253389,791340,11462049,499385,44257706,805,Moderately Conservative,Intermediate,Emergency Fund,6117618,391615,5726003,7,Gold,40.34,21.98,82.2,23.0,55.56,Moderate
C00899,21,Freelancer,0,140170,64334,28214,47622,622563,102935,0,361760,1087258,1159878,-72620,223452,10206225,820,Moderate,Intermediate,Retirement,27118401,72054,27046347,39,FD,33.97,20.13,75.0,55.0,66.0,Moderate
C00900,24,Software Engineer,0,122683,70401,22156,30126,850261,570099,0,581406,2001766,548827,1452939,470582,27741672,781,Moderately Aggressive,Advanced,Buy House,10464996,399069,10065927,15,Equity MF,24.56,18.06,83.0,80.0,81.65,Moderately Aggressive
C00901,56,Accountant,1,87169,52293,19036,15840,601428,3022330,7265384,469613,11358755,2089735,9269020,303103,9428742,774,Moderately Conservative,Beginner,Child Education,1941271,718871,1222400,3,ETF,18.17,21.84,60.95,24.0,44.32,Moderately Conservative
C00902,61,Freelancer,0,190778,77910,55607,57261,652470,4298359,0,440647,5391476,1952391,3439085,511252,32308127,758,Conservative,Beginner,Retirement,19726897,3008851,16718046,1,Bonds,30.01,29.15,64.4,7.0,38.57,Moderately Conservative
C00903,33,Teacher,1,36135,14312,15360,6463,92371,274995,1359464,27198,1754028,1133774,620254,57509,3547850,707,Conservative,Beginner,Retirement,5938911,192496,5746415,27,Stocks,17.89,42.51,57.8,7.0,34.94,Moderately Conservative
C00904,56,Sales Executive,2,199193,73636,57658,67899,793330,14126116,10126371,205270,25251087,3830328,21420759,373032,41015020,771,Conservative,Beginner,Buy House,21902693,5414372,16488321,20,Stocks,34.09,28.95,82.35,4.0,47.09,Moderately Conservative
C00905,63,Accountant,1,159706,75852,16386,67468,398054,20341837,0,204498,20944389,579985,20364404,398054,20690975,751,Moderately Conservative,Intermediate,Wealth Creation,7338793,2585897,4752896,7,PPF,42.25,10.26,80.7,40.0,62.39,Moderate
C00906,21,Teacher,0,31902,12791,10203,8908,65493,43600,0,25438,134531,288585,-154054,65493,6383756,733,Moderate,Advanced,Wealth Creation,3868507,30519,3837988,15,Debt MF,27.92,31.98,66.0,68.0,66.9,Moderate
C00907,46,Freelancer,3,142008,56813,34866,50329,656493,6291414,8923108,235698,16106713,3700397,12406316,63738,18305158,764,Moderate,Advanced,Buy House,20143105,3860274,16282831,20,ETF,35.44,24.55,80.85,60.0,71.47,Moderately Aggressive
C00908,61,Software Engineer,1,244586,103356,0,141230,853012,36897830,0,317921,38068763,0,38068763,277572,20321348,759,Conservative,Intermediate,Child Education,6165718,818207,5347511,7,Hybrid MF,57.74,0.0,85.0,12.0,52.15,Moderate
C00909,60,Government Employee,0,127841,56364,34288,37189,474074,8446416,6124673,296940,15342103,5230166,10111937,220014,12571398,748,Moderate,Intermediate,Buy House,5176864,1766960,3409904,7,Gold,29.09,26.82,65.15,52.0,59.23,Moderate
C00910,26,Designer,1,192134,96872,52899,42363,1141726,570350,0,545855,2257931,1154145,1103786,707283,14598600,729,Moderate,Beginner,Buy House,32817226,399245,32417981,20,Debt MF,22.05,27.53,72.85,44.0,59.87,Moderate
C00911,29,Accountant,2,90836,33942,16202,40692,211914,847235,0,111438,1170587,370473,800114,190946,10669297,729,Moderate,Intermediate,Wealth Creation,4465807,593064,3872743,10,PPF,44.8,17.84,82.6,60.0,72.43,Moderately Aggressive
C00912,57,Bank Employee,1,179247,64158,39229,75860,400190,8220239,6480836,147572,15248837,6656376,8592461,400190,27492394,746,Conservative,Intermediate,Retirement,16587571,4744353,11843218,3,ETF,42.32,21.89,72.8,15.0,46.79,Moderately Conservative
C00913,34,Bank Employee,0,81610,40814,15698,25098,82741,1019669,5540452,27913,6670775,1203535,5467240,82741,10097906,730,Moderate,Beginner,Wealth Creation,7167204,713768,6453436,15,Hybrid MF,30.75,19.24,77.65,52.0,66.11,Moderate
C00914,36,Freelancer,1,46859,22214,11206,13439,49701,758355,2688924,25347,3522327,1633580,1888747,49701,5956079,772,Aggressive,Advanced,Wealth Creation,4821849,530848,4291001,20,Bonds,28.68,23.91,65.35,100.0,80.94,Moderately Aggressive
C00915,38,Freelancer,3,91114,35872,16943,38299,175096,3255708,0,63018,3493822,437186,3056636,103228,18924446,765,Moderately Conservative,Beginner,Wealth Creation,13409788,2278995,11130793,20,Stocks,42.03,18.6,90.05,32.0,63.93,Moderate
C00916,32,Data Scientist,0,154112,85930,37726,30456,819235,827861,0,354668,2001764,1375503,626261,223166,16441755,680,Conservative,Beginner,Wealth Creation,11820212,579502,11240710,15,PPF,19.76,24.48,66.95,12.0,42.22,Moderately Conservative
C00917,38,Sales Executive,2,67395,38204,10532,18659,498298,1988106,5388770,156309,8031483,693119,7338364,125783,12862601,748,Moderately Aggressive,Advanced,Wealth Creation,8679524,1391674,7287850,15,Equity MF,27.69,15.63,84.05,88.0,85.83,Aggressive
C00918,42,Accountant,3,149089,65425,13020,70644,596680,9228859,0,154170,9979709,526338,9453371,232432,27606833,741,Moderate,Beginner,Wealth Creation,7702262,2267549,5434713,7,Hybrid MF,47.38,8.73,91.85,52.0,73.92,Moderately Aggressive
C00919,44,Consultant,3,232416,81582,49614,101220,180484,7219061,8977876,79506,16456927,4982507,11474420,180484,36354445,711,Moderately Aggressive,Beginner,Travel,8408131,740712,7667419,10,Gold,43.55,21.35,71.35,67.0,69.39,Moderately Aggressive
C00920,23,Teacher,0,196041,111210,37115,47716,480227,230465,0,154455,865147,1525206,-660059,398442,46543813,682,Moderately Conservative,Intermediate,Travel,6860930,161325,6699605,5,Bonds,24.34,18.93,64.4,35.0,51.17,Moderate
C00921,50,Designer,0,73552,28727,12738,32087,229264,4039338,5667974,68713,10005289,2141319,7863970,149739,4833599,758,Conservative,Beginner,Buy House,3845598,1042313,2803285,7,Gold,43.62,17.32,83.65,4.0,47.81,Moderately Conservative
C00922,65,Consultant,0,266372,120108,54117,92147,950556,16778140,0,236416,17965112,2328903,15636209,350330,47901390,757,Conservative,Beginner,Buy House,12474295,2198901,10275394,5,Debt MF,34.59,20.32,71.4,4.0,41.07,Moderately Conservative
C00923,57,Software Engineer,1,143909,70396,13167,60346,592279,5568166,0,455649,6616094,413281,6202813,528671,27418787,750,Conservative,Intermediate,Retirement,31042843,3897716,27145127,3,Bonds,41.93,9.15,86.8,15.0,54.49,Moderate
C00924,60,Data Scientist,0,212121,93791,20735,97595,533848,10168827,0,168029,10870704,790276,10080428,416300,50896055,706,Conservative,Intermediate,Wealth Creation,6562348,2609858,3952490,5,Equity MF,46.01,9.78,85.15,20.0,55.83,Moderate
C00925,28,Doctor,1,102126,45194,0,56932,279917,1494462,0,210460,1984839,0,1984839,108669,19466445,739,Conservative,Intermediate,Retirement,16987401,1046123,15941278,32,FD,55.75,0.0,95.55,15.0,59.3,Moderate
C00926,31,Teacher,2,80550,34194,20876,25480,272498,1726016,3372479,124013,5495006,3616468,1878538,154051,14043622,701,Aggressive,Intermediate,Child Education,549563,99946,449617,2,Debt MF,31.63,25.92,65.9,87.0,45.0,Moderately Conservative
C00927,40,Business Owner,2,175468,99811,11111,64546,831560,5111619,11202086,518803,17664068,710889,16953179,496241,15911914,753,Conservative,Beginner,Retirement,42205879,3578133,38627746,20,Hybrid MF,36.79,6.33,92.75,7.0,54.16,Moderate
C00928,44,Business Owner,2,105262,42636,13292,49334,436373,3134341,4939743,89637,8600094,2358138,6241956,289759,13784121,745,Moderate,Intermediate,Buy House,4672057,265559,4406498,5,ETF,46.87,12.63,84.55,52.0,69.9,Moderately Aggressive
C00929,24,Business Owner,0,130502,70186,15195,45121,764285,459723,0,233765,1457773,694665,763108,455991,27956999,724,Moderately Conservative,Beginner,Wealth Creation,13576258,321806,13254452,20,ETF,34.57,11.64,85.0,32.0,61.15,Moderate
C00930,45,Data Scientist,3,154828,75827,30239,48762,772814,4401875,11045365,230526,16450580,3063477,13387103,429586,35421112,741,Moderately Conservative,Beginner,Retirement,30265955,3081312,27184643,15,ETF,31.49,19.53,85.0,27.0,58.9,Moderate
C00931,48,Teacher,2,75170,22816,11514,40840,275729,2946367,0,190382,3412478,456570,2955908,85072,17202129,774,Moderately Conservative,Intermediate,Wealth Creation,6284042,1225640,5058402,15,PPF,54.33,15.32,92.55,40.0,68.9,Moderately Aggressive
C00932,34,Accountant,1,217230,100613,30924,85693,1359560,6966458,0,1064113,9390131,560991,8829140,644853,28941648,753,Conservative,Beginner,Retirement,32895833,4876520,28019313,26,FD,39.45,14.24,89.65,7.0,52.46,Moderate
C00933,34,Freelancer,0,34842,17266,10165,7411,228052,152527,1346944,93353,1820876,1367156,453720,65890,2250785,633,Moderately Conservative,Intermediate,Wealth Creation,4011703,106768,3904935,15,PPF,21.27,29.17,71.65,40.0,57.41,Moderate
C00934,32,Accountant,1,55900,24458,8912,22530,123249,717076,0,90944,931269,159069,772200,123249,10811478,727,Moderate,Intermediate,Child Education,2624084,501953,2122131,10,Hybrid MF,40.3,15.94,85.15,52.0,70.23,Moderately Aggressive
C00935,52,Software Engineer,1,110007,42463,0,67544,243477,7949075,4432845,62191,12687588,0,12687588,243477,10837421,760,Moderate,Intermediate,Retirement,14158594,3842466,10316128,8,Equity MF,61.4,0.0,89.15,55.0,73.78,Moderately Aggressive
C00936,32,Teacher,0,109696,56542,7250,45904,224601,2140827,7884649,96506,10346583,1022529,9324054,77396,24761318,718,Moderately Aggressive,Beginner,Buy House,7822462,1042187,6780275,10,Equity MF,41.85,6.61,87.15,64.0,76.73,Moderately Aggressive
C00937,33,Business Owner,1,157519,71629,38981,46909,883471,1919641,10513990,355968,13673070,2542629,11130441,365685,20596109,685,Moderate,Beginner,Wealth Creation,6651315,1343748,5307567,5,Stocks,29.78,24.75,72.2,52.0,63.11,Moderate
C00938,29,Software Engineer,2,85748,32112,6008,47628,187270,1131568,0,93913,1412751,133308,1279443,132002,10821394,766,Conservative,Intermediate,Wealth Creation,5720645,792097,4928548,7,ETF,55.54,7.01,89.8,20.0,58.39,Moderate
C00939,61,Freelancer,0,318688,126962,31697,160029,1191192,32108434,21632757,278739,55211122,2009027,53202095,262415,56616813,751,Moderate,Beginner,Wealth Creation,39996559,5002350,34994209,15,Stocks,50.21,9.95,90.6,52.0,73.23,Moderately Aggressive
C00940,22,Data Scientist,0,100160,33295,7655,59210,391502,252565,0,85082,729149,244341,484808,191889,19363441,706,Moderate,Intermediate,Retirement,11292860,176795,11116065,38,ETF,59.12,7.64,94.0,55.0,76.45,Moderately Aggressive
C00941,32,Sales Executive,0,83114,32947,42595,7572,200232,457952,0,156749,814933,1291293,-476360,156982,8664724,625,Moderately Conservative,Intermediate,Retirement,8623749,320566,8303183,28,ETF,9.11,51.25,44.95,35.0,40.47,Moderately Conservative
C00942,30,Data Scientist,1,120014,62063,68597,0,713202,10000,4599452,443569,5766223,12164411,-6398188,256109,12809130,618,Conservative,Beginner,Retirement,15559511,7000,15552511,30,Hybrid MF,0.0,57.16,44.25,7.0,27.49,Conservative
C00943,56,Sales Executive,2,103389,35231,26248,41910,88794,10414437,5665924,46395,16215550,3503955,12711595,72101,13971448,691,Moderately Conservative,Beginner,Wealth Creation,9401740,1148042,8253698,10,Gold,40.54,25.39,72.55,32.0,54.3,Moderate
C00944,35,Business Owner,3,75405,28195,0,47210,224122,4222496,4718646,79460,9244724,0,9244724,88990,13377060,772,Conservative,Advanced,Wealth Creation,4882296,1287355,3594941,10,ETF,62.61,0.0,91.7,28.0,63.04,Moderate
C00945,41,Software Engineer,3,96682,39811,60020,0,256504,10000,0,144141,410645,1498997,-1088352,163497,20185043,610,Moderate,Advanced,Retirement,13313389,7000,13306389,19,Bonds,0.0,62.08,38.6,63.0,49.58,Moderate
C00946,48,Bank Employee,3,111671,64495,31561,15615,361963,1168384,0,88021,1618368,761718,856650,361963,24749706,723,Moderately Conservative,Advanced,Retirement,25049955,817868,24232087,12,FD,13.98,28.26,63.55,43.0,54.3,Moderate
C00947,32,Freelancer,0,129270,62573,30165,36532,685215,1044048,8867740,542948,11139951,1819001,9320950,285946,29252580,733,Moderately Conservative,Intermediate,Retirement,24911939,730833,24181106,28,Bonds,28.26,23.33,80.95,35.0,60.27,Moderate
C00948,29,Teacher,1,74193,30882,20623,22688,411449,523059,0,209249,1143757,816513,327244,160619,4761331,736,Moderately Aggressive,Intermediate,Child Education,1437997,366141,1071856,5,Stocks,30.58,27.8,71.8,72.0,71.89,Moderately Aggressive
C00949,56,Teacher,0,60136,26123,6764,27249,358646,5527836,0,112394,5998876,268521,5730355,89679,9350946,801,Conservative,Intermediate,Buy House,9606489,1475533,8130956,20,Hybrid MF,45.31,11.25,91.35,12.0,55.64,Moderate
C00950,31,Software Engineer,1,252454,131876,15277,105301,774158,2574007,0,160034,3508199,535917,2972282,253094,52555575,739,Conservative,Beginner,Buy House,44526333,1801804,42724529,20,Hybrid MF,41.71,6.05,95.1,4.0,54.1,Moderate
C00951,23,Software Engineer,0,214985,115279,0,99706,1281192,422343,0,899153,2602688,0,2602688,377505,26553819,773,Moderate,Intermediate,Wealth Creation,20141764,295640,19846124,15,Stocks,46.38,0.0,100.0,60.0,82.0,Moderately Aggressive
C00952,46,Designer,4,101639,39512,0,62127,299956,7240350,6601532,163106,14304944,0,14304944,198490,10778924,786,Moderate,Intermediate,Buy House,11604394,773345,10831049,15,FD,61.13,0.0,96.85,52.0,76.67,Moderately Aggressive
C00953,49,Government Employee,2,122947,61384,25555,36008,195621,3039161,0,41076,3275858,1119449,2156409,195621,8375936,760,Moderate,Beginner,Child Education,5226182,1828583,3397599,7,Hybrid MF,29.29,20.79,62.8,44.0,54.34,Moderate
C00954,43,Teacher,3,50978,22436,9904,18638,163926,2495661,2033661,108078,4801326,1059603,3741723,134051,8376831,728,Conservative,Beginner,Retirement,7426633,1746962,5679671,17,Equity MF,36.56,19.43,85.3,7.0,50.06,Moderate
C00955,27,Designer,2,87869,47688,9576,30605,647358,1195304,0,214122,2056784,132809,1923975,300418,11443925,760,Moderate,Intermediate,Wealth Creation,3692977,836712,2856265,7,ETF,34.83,10.9,85.1,60.0,73.81,Moderately Aggressive
C00956,34,Freelancer,1,124076,42369,12300,69407,196353,1985489,10297111,80961,12559914,1417752,11142162,196353,21927901,763,Moderately Conservative,Advanced,Buy House,5735292,1389842,4345450,5,Stocks,55.94,9.91,89.05,40.0,66.98,Moderate
C00957,35,Accountant,2,52983,21648,7482,23853,291824,1064393,3207638,155642,4719497,599657,4119840,86387,9337421,701,Conservative,Beginner,Retirement,6680423,745075,5935348,25,ETF,45.02,14.12,94.5,7.0,55.12,Moderate
C00958,38,Accountant,2,59237,33911,14805,10521,91232,324965,2733284,33952,3183433,2039323,1144110,91232,9497283,692,Moderately Aggressive,Beginner,Wealth Creation,5714080,227475,5486605,15,Hybrid MF,17.76,24.99,57.05,72.0,63.78,Moderate
C00959,54,Doctor,0,174267,96491,0,77776,469220,13387308,0,173049,14029577,0,14029577,160804,18405563,749,Moderately Conservative,Intermediate,Travel,2157596,253321,1904275,3,Bonds,44.63,0.0,83.25,35.0,61.54,Moderate
C00960,51,Software Engineer,2,138826,71122,16879,50825,390593,9573011,5572001,121693,15657298,1396572,14260726,390593,18489592,768,Moderately Conservative,Beginner,Buy House,5796077,404990,5391087,5,FD,36.61,12.16,77.5,24.0,53.42,Moderate
C00961,49,Business Owner,2,279345,142315,69181,67849,1743983,6245939,22410270,609171,31009363,6139849,24869514,653560,54515671,823,Conservative,Intermediate,Buy House,51871119,4372157,47498962,20,Bonds,24.29,24.77,75.4,12.0,46.87,Moderately Conservative
C00962,29,Business Owner,1,84270,39738,21729,22803,354115,587552,0,211384,1153051,352497,800554,135533,9986564,799,Moderately Aggressive,Intermediate,Child Education,2620949,141089,2479860,5,Bonds,27.06,25.78,69.8,72.0,70.79,Moderately Aggressive
C00963,58,Software Engineer,2,261335,149492,0,111843,1765403,20350962,14463729,397491,36977585,0,36977585,854271,61259727,718,Moderately Conservative,Intermediate,Travel,9308753,3291447,6017306,5,ETF,42.8,0.0,89.45,35.0,64.95,Moderate
C00964,32,Freelancer,1,122866,53919,52051,16896,184246,669773,8680098,142201,9676318,7829877,1846441,121648,28061836,614,Moderately Conservative,Intermediate,Retirement,19492002,468841,19023161,28,Bonds,13.75,42.36,52.95,35.0,44.87,Moderately Conservative
C00965,53,Bank Employee,0,47377,21796,10942,14639,158271,2720827,2277086,43182,5199366,702924,4496442,63856,11272207,775,Conservative,Beginner,Buy House,4782868,558242,4224626,15,Stocks,30.9,23.1,78.8,4.0,45.14,Moderately Conservative
C00966,42,Government Employee,2,55023,19656,14602,20765,203066,1470226,0,84667,1757959,580649,1177310,70575,7231911,728,Moderate,Beginner,Wealth Creation,2551487,933952,1617535,5,Equity MF,37.74,26.54,72.85,52.0,63.47,Moderate
C00967,27,Business Owner,0,96558,41515,7967,47076,264284,524356,0,121172,909812,239959,669853,261742,12608583,779,Moderately Conservative,Advanced,Wealth Creation,5002824,367049,4635775,10,Stocks,48.75,8.25,93.9,48.0,73.25,Moderately Aggressive
C00968,36,Doctor,1,111402,61147,0,50255,677481,2498943,5109820,249507,8535751,0,8535751,244895,10236420,815,Moderate,Intermediate,Wealth Creation,4379018,1051022,3327996,5,ETF,45.11,0.0,92.75,60.0,78.01,Moderately Aggressive
C00969,37,Teacher,2,69047,43765,15439,9843,101639,1069665,3795313,26738,4993355,1105917,3887438,101639,9436421,714,Conservative,Beginner,Wealth Creation,4094047,748765,3345282,10,ETF,14.26,22.36,60.4,12.0,38.62,Moderately Conservative
C00970,52,Teacher,2,171327,78920,11439,80968,364933,14966275,13763966,210203,29305377,1246734,28058643,185854,30554659,746,Conservative,Intermediate,Retirement,34838936,5644466,29194470,8,FD,47.26,6.68,89.15,15.0,55.78,Moderate
C00971,48,Sales Executive,2,60012,30422,15229,14361,166843,1215283,3189134,60471,4631731,2133570,2498161,40584,7190210,778,Moderately Conservative,Beginner,Higher Education,1715195,443007,1272188,7,Bonds,23.93,25.38,62.95,24.0,45.42,Moderately Conservative
C00972,29,Data Scientist,1,83589,46686,0,36903,579418,1561566,0,248510,2389494,0,2389494,88427,17297980,754,Moderately Conservative,Intermediate,Retirement,14459565,1093096,13366469,31,Stocks,44.15,0.0,99.4,35.0,70.42,Moderately Aggressive
C00973,42,Freelancer,4,145203,63249,34713,47241,238643,2531616,7513069,87111,10370439,4549038,5821401,74614,15147666,791,Conservative,Intermediate,Emergency Fund,794263,304282,489981,2,FD,32.53,23.91,58.25,3.0,33.39,Moderately Conservative
C00974,38,Sales Executive,3,66224,30172,13594,22458,259517,1841601,4650338,153671,6905127,1212068,5693059,38847,6983091,826,Moderately Aggressive,Advanced,Child Education,1201027,170960,1030067,3,PPF,33.91,20.53,69.65,80.0,74.31,Moderately Aggressive
C00975,35,Designer,2,75265,29211,4507,41547,384044,2394466,4659260,162626,7600396,578106,7022290,122885,11149328,746,Moderate,Beginner,Buy House,10303937,898544,9405393,15,Gold,55.2,5.99,98.5,44.0,73.98,Moderately Aggressive
C00976,58,Doctor,1,450000,240458,78320,131222,2500000,41952734,28860654,714050,74027438,7496361,66531077,1290047,85824282,741,Moderately Conservative,Intermediate,Wealth Creation,26861814,7076342,19785472,10,Stocks,29.16,17.4,78.25,40.0,61.04,Moderate
C00977,55,Bank Employee,0,112087,39413,8889,63785,182036,4275511,0,71258,4528805,163300,4365505,182036,22603386,773,Moderately Aggressive,Beginner,Child Education,1106241,369191,737050,2,Hybrid MF,56.91,7.93,80.3,64.0,45.0,Moderately Conservative
C00978,54,Doctor,0,309179,131577,0,177602,1652248,31862870,15645120,1199801,50360039,0,50360039,636107,50787841,715,Conservative,Intermediate,Child Education,1338770,127079,1211691,1,Hybrid MF,57.44,0.0,84.45,12.0,45.0,Moderately Conservative
C00979,21,Software Engineer,1,164708,75222,33497,55989,745817,236184,0,464647,1446648,1598769,-152121,278839,23677892,753,Conservative,Beginner,Emergency Fund,6039844,165328,5874516,10,PPF,33.99,20.34,72.2,0.0,39.71,Moderately Conservative
C00980,43,Government Employee,3,176913,87951,34115,54847,1073993,7170574,0,604312,8848879,1167406,7681473,311379,37393250,687,Conservative,Beginner,Emergency Fund,6659338,1755238,4904100,10,Debt MF,31.0,19.28,85.5,0.0,47.03,Moderately Conservative
C00981,26,Teacher,1,89472,43374,0,46098,151279,729210,0,63783,944272,0,944272,151279,5744817,766,Moderately Conservative,Beginner,Retirement,15565440,510446,15054994,34,ETF,51.52,0.0,95.85,27.0,64.87,Moderate
C00982,49,Freelancer,1,131731,56173,69375,6183,584185,1412632,6394026,309322,8700165,9319752,-619587,164052,27508633,634,Moderate,Advanced,Wealth Creation,23216096,988842,22227254,20,Equity MF,4.69,52.66,46.400000000000006,68.0,50.0,Moderate
C00983,23,Freelancer,0,96282,37404,5865,53013,137039,298108,0,66281,501428,259440,241988,43279,15468326,684,Aggressive,Beginner,Retirement,10275911,208675,10067236,37,Bonds,55.06,6.09,82.0,82.0,82.0,Moderately Aggressive
C00984,54,Data Scientist,0,325630,168641,86433,70556,1968837,3617673,0,486818,6073328,1818906,4254422,1020850,35973278,774,Conservative,Beginner,Child Education,24200757,2532371,21668386,10,Hybrid MF,21.67,26.54,68.85,4.0,39.67,Moderately Conservative
C00985,58,Data Scientist,0,219788,106657,57322,55809,437249,9415502,15663729,99628,25616108,9202932,16413176,437249,24953727,738,Moderately Conservative,Beginner,Retirement,32216670,3013585,29203085,2,FD,25.39,26.08,55.85,27.0,42.87,Moderately Conservative
C00986,38,Government Employee,2,61790,21455,16507,23828,196998,1346753,0,56853,1600604,688410,912194,35594,9486311,681,Moderately Conservative,Beginner,Wealth Creation,3921660,420482,3501178,7,Stocks,38.56,26.71,69.45,32.0,52.6,Moderate
C00987,58,Designer,0,133929,60573,11430,61926,614479,13685152,9218061,211182,23728874,1503065,22225809,295574,15710020,762,Moderate,Intermediate,Wealth Creation,18241805,4584272,13657533,15,Gold,46.24,8.53,95.05,60.0,79.28,Moderately Aggressive
C00988,55,Sales Executive,1,226679,110460,24055,92164,667897,8398121,0,292963,9358981,522438,8836543,398519,42309484,749,Moderate,Beginner,Travel,5513958,1935027,3578931,5,Debt MF,40.66,10.61,81.9,47.0,66.2,Moderate
C00989,26,Business Owner,0,86495,45228,0,41267,468737,416087,0,152773,1037597,0,1037597,118996,17815751,766,Conservative,Intermediate,Child Education,640038,158714,481324,1,Debt MF,47.71,0.0,88.65,12.0,45.0,Moderately Conservative
C00990,25,Accountant,0,71967,36251,17324,18392,492204,280342,0,357908,1130454,221488,908966,109384,4948309,766,Moderately Aggressive,Intermediate,Wealth Creation,5330934,196239,5134695,15,Bonds,25.56,24.07,79.0,80.0,79.45,Moderately Aggressive
C00991,56,Freelancer,0,178985,89079,50733,39173,1151966,2841718,7580047,854013,12427744,7608952,4818792,665338,32750895,658,Moderately Conservative,Beginner,Retirement,33216572,1989202,31227370,4,Debt MF,21.89,28.34,59.95,27.0,45.12,Moderately Conservative
C00992,34,Accountant,0,129519,55676,23374,50469,558992,5228129,5868152,227210,11882483,1930432,9952051,408954,12827600,751,Aggressive,Intermediate,Wealth Creation,20808689,3659690,17148999,20,FD,38.97,18.05,89.65,95.0,92.06,Aggressive
C00993,62,Teacher,0,139812,64926,37286,37600,390864,10832881,5504854,196557,16925156,4198375,12726781,127714,20734063,735,Moderate,Advanced,Child Education,1591326,90650,1500676,2,Gold,26.89,26.67,58.25,60.0,45.0,Moderately Conservative
C00994,60,Bank Employee,0,416227,220188,36496,159543,2475814,36173741,0,909872,39559427,534832,39024595,449788,96560987,730,Conservative,Intermediate,Child Education,3659397,475785,3183612,2,FD,38.33,8.77,78.55,12.0,45.0,Moderately Conservative
C00995,58,Freelancer,1,410796,172565,123981,114250,2125156,23701769,0,1484437,27311362,3302552,24008810,364518,49341588,743,Moderately Aggressive,Intermediate,Wealth Creation,31625216,11938643,19686573,10,Debt MF,27.81,30.18,74.25,80.0,76.84,Moderately Aggressive
C00996,45,Bank Employee,2,93577,44682,18718,30177,333173,1993622,6219586,258006,8804387,2587956,6216431,321088,14984924,758,Conservative,Intermediate,Wealth Creation,6269117,1395535,4873582,10,Equity MF,32.25,20.0,75.2,20.0,50.36,Moderate
C00997,40,Designer,4,92717,40883,17745,34089,346515,2693443,4243262,257199,7540419,2671406,4869013,235765,21416374,703,Conservative,Beginner,Wealth Creation,14531248,1885410,12645838,20,Equity MF,36.77,19.14,82.75,12.0,50.91,Moderate
C00998,24,Bank Employee,0,83093,28390,9090,45613,195355,358568,0,131364,685287,174607,510680,92309,5904364,707,Moderate,Intermediate,Wealth Creation,14949804,250997,14698807,20,Gold,54.89,10.94,89.0,60.0,75.95,Moderately Aggressive
C00999,25,Bank Employee,0,156079,50759,13736,91584,575258,2075463,0,219098,2869819,417363,2452456,355441,33658830,739,Conservative,Beginner,Buy House,9911060,1452824,8458236,10,Equity MF,58.68,8.8,97.2,4.0,55.26,Moderate
C01000,61,Accountant,0,146984,57019,8953,81012,350904,15250078,10570391,196833,26368206,928480,25439726,125500,24520063,733,Moderately Aggressive,Intermediate,Retirement,21395955,7389796,14006159,1,Bonds,55.12,6.09,79.4,75.0,45.0,Moderately Conservative
C01001,40,Teacher,2,153267,58114,43443,51710,162711,1393504,0,40330,1596545,547982,1048563,118083,17646099,799,Moderately Conservative,Intermediate,Wealth Creation,27282905,975452,26307453,20,Hybrid MF,33.74,28.34,69.75,40.0,56.36,Moderate
C01002,24,Freelancer,1,100000,43387,8837,47776,263096,736022,0,98491,1097609,265132,832477,263096,8821992,764,Aggressive,Advanced,Wealth Creation,11828246,515215,11313031,20,Debt MF,47.78,8.84,97.0,100.0,98.35,Aggressive
C01003,49,Software Engineer,2,206313,99131,20815,86367,832515,6970903,14436548,533340,22773306,1660250,21113056,619867,37359955,738,Moderate,Beginner,Wealth Creation,17024843,1115787,15909056,15,Stocks,41.86,10.09,92.4,52.0,74.22,Moderately Aggressive
C01004,25,Data Scientist,0,153924,77530,0,76394,185985,769434,0,45551,1000970,0,1000970,185985,32592842,794,Aggressive,Intermediate,Child Education,3197207,220512,2976695,3,Debt MF,49.63,0.0,82.6,87.0,84.58,Aggressive
C01005,47,Freelancer,2,102452,40800,16302,45350,339422,8066857,6140530,254880,14801689,2071106,12730583,113661,6722137,678,Conservative,Beginner,Buy House,4385196,263597,4121599,5,ETF,44.26,15.91,83.1,4.0,47.5,Moderately Conservative
C01006,52,Sales Executive,0,56531,29446,4210,22875,288609,1862964,0,67943,2219516,101282,2118234,203971,11270722,744,Moderate,Intermediate,Emergency Fund,4199707,674927,3524780,10,Hybrid MF,40.46,7.45,93.15,43.0,70.58,Moderately Aggressive
C01007,26,Government Employee,0,138755,74408,9861,54486,855587,1252129,0,528830,2636546,409675,2226871,165551,24608032,765,Moderately Aggressive,Intermediate,Wealth Creation,13132673,876490,12256183,10,PPF,39.27,7.11,92.05,80.0,86.63,Aggressive
C01008,60,Software Engineer,2,229499,102350,108443,18706,566654,3108816,9751015,292118,13718603,15375139,-1656536,426710,18875961,667,Conservative,Intermediate,Buy House,9123488,923340,8200148,7,Hybrid MF,8.15,47.25,40.15,12.0,27.48,Conservative
C01009,32,Software Engineer,1,170247,91888,41793,36566,465976,1845655,10754286,154130,13220047,5453862,7766185,314362,29806280,797,Conservative,Beginner,Buy House,26035777,1291958,24743819,20,Stocks,21.48,24.55,70.95,4.0,40.82,Moderately Conservative
C01010,35,Accountant,2,121995,56665,29804,35526,469063,1355080,6418012,251059,8493214,3784987,4708227,338250,23064974,761,Moderate,Beginner,Child Education,1090803,349873,740930,2,ETF,29.12,24.43,63.3,44.0,45.0,Moderately Conservative
C01011,38,Freelancer,2,64395,36211,3603,24581,476568,2764493,4326237,258242,7825540,245136,7580404,76443,15035402,678,Moderate,Beginner,Retirement,14324783,1935145,12389638,22,Hybrid MF,38.17,5.6,93.05,47.0,72.33,Moderately Aggressive
C01012,56,Data Scientist,0,325667,130090,36051,159526,630622,15682493,0,161507,16474622,1150651,15323971,630622,35741480,742,Moderate,Intermediate,Child Education,8361203,1323935,7037268,5,Hybrid MF,48.98,11.07,81.75,52.0,68.36,Moderately Aggressive
C01013,35,Government Employee,2,225470,103345,0,122125,596140,13546890,9102715,327609,23573354,0,23573354,596140,19909495,767,Conservative,Beginner,Retirement,42862445,9482823,33379622,25,Debt MF,54.16,0.0,94.5,7.0,55.12,Moderate
C01014,33,Accountant,1,69020,31487,4790,32743,330829,1050757,3712507,104865,5198958,824711,4374247,159620,7710815,734,Moderate,Intermediate,Retirement,13494560,735529,12759031,27,Gold,47.44,6.94,98.8,55.0,79.09,Moderately Aggressive
C01015,23,Accountant,0,165418,90108,36664,38646,544023,135870,0,221627,901520,1478395,-576875,244756,30231418,791,Conservative,Advanced,Retirement,24265688,95109,24170579,37,FD,23.36,22.16,66.0,23.0,46.65,Moderately Conservative
C01016,50,Business Owner,1,130668,44204,16515,69949,566429,15737888,10971518,341722,27617557,2002943,25614614,339658,27065063,784,Conservative,Intermediate,Child Education,1007966,398953,609013,3,Debt MF,53.53,12.64,83.85,12.0,51.52,Moderate
C01017,42,Bank Employee,2,84803,45727,11319,27757,216448,2664259,0,134219,3014926,148052,2866874,216448,13207996,750,Moderately Aggressive,Intermediate,Retirement,11740541,1438741,10301800,18,Gold,32.73,13.35,84.45,75.0,80.2,Moderately Aggressive
C01018,25,Bank Employee,1,51450,23475,8288,19687,109543,291571,0,67624,468738,207085,261653,76242,3098510,738,Aggressive,Beginner,Buy House,9026399,204099,8822300,20,FD,38.26,16.11,81.0,79.0,80.1,Moderately Aggressive
C01019,33,Doctor,2,89964,35863,5872,48229,396791,2692937,7120606,126520,10336854,421548,9915306,209242,18722660,727,Moderately Conservative,Advanced,Buy House,10185591,1352781,8832810,20,Bonds,53.61,6.53,98.8,40.0,72.34,Moderately Aggressive
C01020,34,Business Owner,0,106124,36224,26235,43665,96600,2260595,7903925,55029,10316149,2068026,8248123,96600,18349423,733,Moderately Aggressive,Advanced,Child Education,1897357,156535,1740822,7,Debt MF,41.15,24.72,73.05,80.0,76.18,Moderately Aggressive
C01021,28,Teacher,2,86252,36608,12558,37086,138321,1484540,0,29444,1652305,218857,1433448,138321,16226850,695,Moderately Aggressive,Intermediate,Retirement,16215921,1039177,15176744,32,Stocks,43.0,14.56,91.55,75.0,84.1,Aggressive
C01022,52,Government Employee,1,145666,72747,43833,29086,598446,2280122,0,429156,3307724,1218394,2089330,581820,22218636,737,Moderately Aggressive,Beginner,Buy House,9850586,1596085,8254501,10,PPF,19.97,30.09,64.15,64.0,64.08,Moderate
C01023,59,Doctor,0,130314,49666,19922,60726,691378,19676260,0,293924,20661562,286032,20375530,306254,30758548,760,Conservative,Beginner,Wealth Creation,18652569,6112051,12540518,15,Hybrid MF,46.6,15.29,90.9,12.0,55.4,Moderate
C01024,33,Sales Executive,1,119510,51838,33416,34256,713222,1271039,6473749,540748,8998758,3149305,5849453,222671,11198336,772,Moderately Aggressive,Intermediate,Emergency Fund,3539243,267337,3271906,5,Equity MF,28.66,27.96,69.2,63.0,66.41,Moderate
C01025,50,Business Owner,0,378288,204577,0,173711,1691938,19864523,27722409,641781,49920651,0,49920651,1035746,41185727,792,Moderate,Intermediate,Wealth Creation,18065509,4103081,13962428,5,Bonds,45.92,0.0,90.65,60.0,76.86,Moderately Aggressive
C01026,53,Sales Executive,0,80166,49333,11191,19642,658274,4449661,0,291894,5399829,517884,4881945,281002,9285485,773,Moderately Aggressive,Intermediate,Buy House,4887729,776967,4110762,7,Equity MF,24.5,13.96,76.2,72.0,74.31,Moderately Aggressive
C01027,41,Doctor,2,130789,60043,18726,52020,411006,6280509,5859282,172357,12723154,2628042,10095112,353145,29601515,720,Moderate,Advanced,Retirement,20014295,4396356,15617939,19,Hybrid MF,39.77,14.32,85.6,63.0,75.43,Moderately Aggressive
C01028,32,Teacher,2,59245,26935,3124,29186,179719,1856072,3500190,137778,5673759,196117,5477642,161204,7925273,730,Moderate,Intermediate,Buy House,6637258,1299250,5338008,20,Gold,49.26,5.27,98.95,52.0,77.82,Moderately Aggressive
C01029,28,Teacher,0,151072,64275,12556,74241,303066,2810545,0,68413,3182024,195264,2986760,298684,25079390,754,Moderate,Intermediate,Wealth Creation,16305326,1967381,14337945,15,Debt MF,49.14,8.31,95.55,60.0,79.55,Moderately Aggressive
C01030,39,Software Engineer,2,197879,85173,0,112706,1029320,14666344,9104672,736598,25536934,0,25536934,157895,17426763,781,Moderately Aggressive,Intermediate,Wealth Creation,7583279,1798744,5784535,7,Equity MF,56.96,0.0,92.3,80.0,86.77,Aggressive
C01031,34,Government Employee,0,50613,28737,7957,13919,379573,705671,0,172969,1258213,337549,920664,172298,5616675,775,Moderate,Intermediate,Retirement,7233227,493969,6739258,26,Debt MF,27.5,15.72,81.65,55.0,69.66,Moderately Aggressive
C01032,26,Government Employee,2,31122,13268,13272,4582,185017,155530,0,65466,406013,614782,-208769,33115,5964769,570,Conservative,Beginner,Buy House,2772032,108871,2663161,15,Bonds,14.72,42.65,59.85,4.0,34.72,Moderately Conservative
C01033,38,Bank Employee,2,145749,57592,0,88157,213579,7546221,0,72829,7832629,0,7832629,213579,30824996,764,Conservative,Beginner,Wealth Creation,13313154,1260890,12052264,10,FD,60.49,0.0,91.25,12.0,55.59,Moderate
C01034,27,Accountant,1,94371,53237,0,41134,295347,1038345,0,160754,1494446,0,1494446,268437,20138543,727,Moderately Aggressive,Intermediate,Retirement,15677892,726841,14951051,33,Hybrid MF,43.59,0.0,95.7,75.0,86.39,Aggressive
C01035,29,Software Engineer,0,119501,52808,7975,58718,297324,1404856,0,167310,1869490,264670,1604820,285949,10587654,680,Moderate,Beginner,Wealth Creation,15665221,983399,14681822,15,Hybrid MF,49.14,6.67,95.4,52.0,75.87,Moderately Aggressive
C01036,42,Accountant,1,128699,38111,35117,55471,194103,9751808,5505780,107732,15559423,6306794,9252629,194103,14176002,747,Moderately Conservative,Intermediate,Wealth Creation,16250400,3566401,12683999,20,FD,43.1,27.29,79.45,40.0,61.7,Moderate
C01037,60,Sales Executive,1,172784,73129,39349,60306,454160,6635560,13147677,224230,20461627,5018759,15442868,263670,14619870,761,Conservative,Intermediate,Wealth Creation,7833734,1840112,5993622,5,Gold,34.9,22.77,69.15,20.0,47.03,Moderately Conservative
C01038,44,Consultant,2,300915,137692,75642,87581,1723113,4618642,22440224,1003182,29785161,7339948,22445213,354941,69929215,785,Moderate,Beginner,Wealth Creation,36065445,3233049,32832396,20,Debt MF,29.1,25.14,76.15,52.0,65.28,Moderate
C01039,49,Data Scientist,2,230835,116600,23172,91063,1056159,7438864,0,404640,8899663,613716,8285947,134034,39201726,724,Moderate,Intermediate,Higher Education,1661608,193232,1468376,1,Stocks,39.45,10.04,72.2,52.0,45.0,Moderately Conservative
C01040,30,Freelancer,2,70307,27757,8911,33639,286151,817307,4508426,191436,5803320,936981,4866339,111838,8794877,770,Conservative,Beginner,Retirement,8599977,572114,8027863,30,Gold,47.85,12.67,95.25,7.0,55.54,Moderate
C01041,31,Data Scientist,2,146609,72356,34619,39634,439366,945004,5310686,320045,7015101,3306767,3708334,116103,11092104,658,Conservative,Intermediate,Travel,2101598,519443,1582155,3,Gold,27.03,23.61,62.7,15.0,41.24,Moderately Conservative
C01042,30,Business Owner,1,159887,64202,0,95685,662581,4429918,8036344,192157,13321000,0,13321000,195061,26288068,739,Aggressive,Advanced,Retirement,18063053,1355283,16707770,30,PPF,59.85,0.0,99.25,98.0,98.69,Aggressive
C01043,22,Software Engineer,0,155139,78828,28771,47540,468657,209315,0,156675,834647,1068522,-233875,210386,35505765,763,Moderately Conservative,Beginner,Retirement,30988196,146520,30841676,38,Stocks,30.64,18.55,75.0,27.0,53.4,Moderate
C01044,25,Sales Executive,0,127900,55843,9386,62671,713733,351852,0,325210,1390795,441041,949754,379025,10158784,724,Moderately Aggressive,Intermediate,Child Education,549641,61325,488316,1,Equity MF,49.0,7.34,82.8,72.0,45.0,Moderately Conservative
C01045,37,Freelancer,2,157562,64428,19989,73145,215675,5589053,0,72227,5876955,664269,5212686,133627,12366459,686,Conservative,Intermediate,Buy House,4635243,426402,4208841,5,Gold,46.42,12.69,79.6,12.0,49.18,Moderate
C01046,27,Doctor,0,115878,61366,21398,33114,502755,714231,0,335025,1552011,803830,748181,149679,9370120,759,Moderately Conservative,Intermediate,Wealth Creation,11069730,499961,10569769,15,Debt MF,28.58,18.47,72.7,40.0,57.99,Moderate
C01047,31,Data Scientist,1,127556,51958,38965,36633,143458,949488,0,79185,1172131,1560006,-387875,143458,26554934,817,Moderate,Intermediate,Wealth Creation,22422262,664641,21757621,20,ETF,28.72,30.55,60.1,60.0,60.06,Moderate
C01048,48,Software Engineer,2,106888,58927,14346,33615,310067,3817681,4936624,216901,9281273,1572577,7708696,310067,10882462,765,Moderate,Intermediate,Travel,4090440,1126943,2963497,7,Gold,31.45,13.42,74.95,55.0,65.97,Moderate
C01049,31,Bank Employee,1,138082,53225,10410,74447,652481,3721600,10022073,355159,14751313,664333,14086980,255502,28316375,756,Conservative,Beginner,Emergency Fund,3908572,1340448,2568124,10,ETF,53.92,7.54,96.3,0.0,52.97,Moderate
C01050,35,Bank Employee,2,180989,69190,30221,81578,226982,3178797,0,147504,3553283,778622,2774661,226982,13490542,777,Moderately Conservative,Intermediate,Emergency Fund,6635827,2225157,4410670,10,FD,45.07,16.7,84.7,23.0,56.94,Moderate
C01051,39,Bank Employee,1,181941,96470,15094,70377,1214851,4388058,0,825093,6428002,454871,5973131,305065,24194310,749,Moderately Aggressive,Advanced,Wealth Creation,21272129,3071640,18200489,20,Bonds,38.68,8.3,92.9,88.0,90.7,Aggressive
C01052,30,Data Scientist,1,97155,42889,22225,32041,342899,992092,4270799,133020,5738810,1899916,3838894,80662,12432400,688,Moderately Conservative,Intermediate,Wealth Creation,13093372,694464,12398908,15,Gold,32.98,22.88,76.25,40.0,59.94,Moderate
C01053,47,Sales Executive,3,132458,55004,31061,46393,478299,2404306,0,270741,3153346,1460790,1692556,415152,8170951,727,Moderately Conservative,Beginner,Child Education,722439,147989,574450,1,FD,35.02,23.45,66.5,24.0,45.0,Moderately Conservative
C01054,29,Software Engineer,2,148166,65447,33143,49576,336149,1266347,0,148855,1751351,1575157,176194,265053,28860023,709,Moderately Conservative,Beginner,Retirement,19836908,886442,18950466,31,ETF,33.46,22.37,70.4,27.0,50.87,Moderate
C01055,34,Doctor,1,132318,41245,18516,72557,220843,2463586,5057944,165326,7907699,1330207,6577492,121875,10542005,731,Moderate,Beginner,Child Education,2300485,413344,1887141,7,Gold,54.84,13.99,82.05,44.0,64.93,Moderate
C01056,33,Data Scientist,1,172674,59185,23513,89976,348770,6031439,0,96757,6476966,373632,6103334,176309,28749265,700,Moderate,Intermediate,Buy House,5783145,1431113,4352032,5,Equity MF,52.11,13.62,85.2,52.0,70.26,Moderately Aggressive
C01057,58,Data Scientist,2,157149,71503,21275,64371,471149,14073535,10014370,196275,24755329,2969320,21786009,354078,35565330,753,Moderate,Beginner,Wealth Creation,11339780,3155290,8184490,10,FD,40.96,13.54,84.25,52.0,69.74,Moderately Aggressive
C01058,22,Business Owner,0,83116,42858,24703,15555,206613,75183,0,112392,394188,594574,-200386,145959,10944536,761,Conservative,Beginner,Child Education,987536,52628,934908,2,Bonds,18.71,29.72,49.8,4.0,29.19,Conservative
C01059,22,Teacher,0,100988,43949,17308,39731,486660,195412,0,356292,1038364,574705,463659,252926,11408228,658,Moderately Aggressive,Intermediate,Child Education,2016767,136788,1879979,5,FD,39.34,17.14,76.4,72.0,74.42,Moderately Aggressive
C01060,48,Software Engineer,2,187034,108724,53779,24531,1426473,5407607,0,1028136,7862216,1949721,5912495,238819,17339255,749,Conservative,Beginner,Higher Education,9990058,1842252,8147806,7,FD,13.12,28.75,64.95,4.0,37.52,Moderately Conservative
C01061,37,Business Owner,2,153484,56944,28363,68177,751731,2696867,8616707,427264,12492569,1729690,10762879,343671,24645045,828,Moderately Conservative,Intermediate,Retirement,14966561,1887806,13078755,23,Hybrid MF,44.42,18.48,94.2,35.0,67.56,Moderate
C01062,48,Sales Executive,2,264337,125217,17056,122064,709533,15041696,18657205,441599,34850033,2456395,32393638,709533,32463159,772,Moderate,Intermediate,Buy House,24822274,2533287,22288987,10,Debt MF,46.18,6.45,89.75,52.0,72.76,Moderately Aggressive
C01063,51,Freelancer,1,142601,58447,84730,0,816813,10000,6740326,451420,8018559,14864451,-6845892,100823,11676618,680,Moderately Aggressive,Intermediate,Buy House,15452638,7000,15445638,20,FD,0.0,59.42,41.1,72.0,50.0,Moderate
C01064,27,Software Engineer,0,123365,38036,0,85329,450078,1988543,0,211314,2649935,0,2649935,207111,11634179,755,Moderate,Intermediate,Buy House,20831460,1391980,19439480,20,Bonds,69.17,0.0,99.7,52.0,78.24,Moderately Aggressive
C01065,28,Government Employee,1,96676,45808,21893,28975,426011,899510,0,136126,1461647,586018,875629,216392,19374962,664,Conservative,Intermediate,Retirement,16734815,629657,16105158,32,Bonds,29.97,22.65,75.55,15.0,48.3,Moderate
C01066,56,Bank Employee,0,240784,85571,48064,107149,653843,16676329,12766161,391729,30488062,7116033,23372029,366609,42401944,705,Conservative,Beginner,Emergency Fund,907119,237966,669153,1,Debt MF,44.5,19.96,73.15,0.0,40.23,Moderately Conservative
C01067,37,Consultant,3,159065,89542,45601,23922,1052194,1753909,8153941,823075,11783119,7533710,4249409,246192,18520520,714,Moderately Aggressive,Intermediate,Wealth Creation,25796172,1227736,24568436,20,ETF,15.04,28.67,66.2,80.0,72.41,Moderately Aggressive
C01068,32,Bank Employee,2,86185,37334,16169,32682,219764,1114205,0,137719,1471688,379837,1091851,165444,6352490,754,Moderately Aggressive,Advanced,Wealth Creation,3142622,779943,2362679,7,PPF,37.92,18.76,77.35,88.0,82.14,Moderately Aggressive
C01069,64,Data Scientist,2,298409,156597,82520,59292,1661125,16112181,24019594,852852,42645752,11320602,31325150,1118898,39908548,688,Moderately Conservative,Intermediate,Retirement,49331891,3307845,46024046,1,Hybrid MF,19.87,27.65,56.95,35.0,45.0,Moderately Conservative
C01070,37,Bank Employee,1,96603,34204,12325,50074,431836,4880869,4619417,144754,10076876,789768,9287108,235961,10401326,743,Moderate,Intermediate,Child Education,1201871,245959,955912,5,Gold,51.83,12.76,88.6,52.0,72.13,Moderately Aggressive
C01071,22,Sales Executive,0,78252,40653,6062,31537,173984,187877,0,90035,451896,148659,303237,173984,17382011,720,Moderate,Beginner,Wealth Creation,2419829,131513,2288316,5,Gold,40.3,7.75,84.4,52.0,69.82,Moderately Aggressive
C01072,50,Teacher,0,202604,86052,52121,64431,1054860,11700863,0,472066,13227789,1564327,11663462,114360,22391054,678,Aggressive,Intermediate,Buy House,33324189,2164457,31159732,20,Stocks,31.8,25.73,83.25,87.0,84.94,Aggressive
C01073,29,Doctor,0,263282,102709,62029,98544,1349747,2965696,0,294975,4610418,1817703,2792715,674643,46462738,695,Moderate,Advanced,Emergency Fund,822251,48041,774210,1,FD,37.43,23.56,69.2,51.0,45.0,Moderately Conservative
C01074,22,Software Engineer,0,102864,51599,26379,24886,520646,101102,0,296771,918519,570057,348462,148069,22151623,732,Moderate,Beginner,Wealth Creation,4081915,70771,4011144,5,Debt MF,24.19,25.64,67.4,52.0,60.47,Moderate
C01075,22,Freelancer,0,48690,28330,8911,11449,244566,37345,0,142145,424056,380815,43241,72764,7372537,751,Moderate,Intermediate,Buy House,4802452,26141,4776311,15,Stocks,23.51,18.3,70.0,52.0,61.9,Moderate
C01076,21,Sales Executive,0,59876,33431,11409,15036,210359,76326,0,78191,364876,426730,-61854,117486,5648040,790,Moderately Aggressive,Intermediate,Emergency Fund,1926438,53428,1873010,7,Hybrid MF,25.11,19.05,64.4,63.0,63.77,Moderate
C01077,34,Government Employee,0,116446,39653,70834,5959,528437,342735,6707584,219743,7798499,5666791,2131708,273385,15142099,640,Moderately Aggressive,Intermediate,Wealth Creation,21007544,239914,20767630,20,FD,5.12,60.83,51.650000000000006,80.0,50.0,Moderate
C01078,26,Software Engineer,2,307417,146416,41949,119052,386107,3544604,0,265759,4196470,1291086,2905384,386107,44623341,787,Conservative,Beginner,Retirement,65798508,2481222,63317286,34,ETF,38.73,13.65,75.85,7.0,44.87,Moderately Conservative
C01079,36,Software Engineer,2,147649,79151,0,68498,784700,5089319,9150222,410237,15434478,0,15434478,563493,10201518,780,Moderate,Intermediate,Wealth Creation,7003774,876851,6126923,5,ETF,46.39,0.0,92.75,60.0,78.01,Moderately Aggressive
C01080,61,Doctor,2,161598,84261,41604,35733,1103175,7492130,5933171,501988,15030464,5445024,9585440,248176,17241613,678,Moderate,Intermediate,Buy House,6575034,1152978,5422056,5,Gold,22.11,25.75,65.0,52.0,59.15,Moderate
C01081,26,Sales Executive,1,57353,24228,9986,23139,220157,598884,0,130728,949769,214849,734920,34336,3461677,673,Moderate,Advanced,Higher Education,3049586,419218,2630368,10,FD,40.34,17.41,86.05,60.0,74.33,Moderately Aggressive
C01082,43,Teacher,3,125705,68830,12024,44851,257861,5815410,0,126612,6199883,300561,5899322,257861,26745087,687,Moderately Aggressive,Advanced,Buy House,11345817,4070786,7275031,10,FD,35.68,9.57,85.5,80.0,83.03,Moderately Aggressive
C01083,41,Government Employee,2,131715,46314,23187,62214,400835,11343779,0,240346,11984960,569870,11415090,144973,23157577,776,Moderately Conservative,Intermediate,Child Education,1071440,389880,681560,2,Stocks,47.23,17.6,78.4,32.0,45.0,Moderately Conservative
C01084,29,Bank Employee,1,84773,43120,4589,37064,348982,946432,0,150068,1445482,77049,1368433,126817,8750028,775,Moderately Aggressive,Beginner,Retirement,18511967,662502,17849465,31,Equity MF,43.72,5.41,95.4,67.0,82.62,Moderately Aggressive
C01085,33,Accountant,0,83711,27836,17491,38384,220313,1596568,5399886,58158,7274925,1345786,5929139,198269,9548246,784,Moderately Conservative,Beginner,Retirement,10438531,1117597,9320934,27,Hybrid MF,45.85,20.89,87.8,27.0,60.44,Moderate
C01086,25,Teacher,0,113580,66746,28854,17980,708182,241205,0,503393,1452780,691948,760832,499997,17901463,850,Moderately Conservative,Intermediate,Buy House,5039122,168843,4870279,7,Hybrid MF,15.83,25.4,65.4,32.0,50.37,Moderate
C01087,46,Accountant,1,203937,89081,121799,0,607007,10000,0,443215,1060222,1928703,-868481,605075,22303325,649,Moderately Conservative,Intermediate,Retirement,27237883,7000,27230883,14,PPF,0.0,59.72,41.85,35.0,38.77,Moderately Conservative
C01088,29,Sales Executive,2,175421,65267,26705,83449,218274,3715105,0,151403,4084782,1110469,2974313,195144,18853251,714,Moderately Conservative,Intermediate,Travel,425809,81453,344356,1,ETF,47.57,15.22,77.2,35.0,45.0,Moderately Conservative
C01089,45,Accountant,4,193521,59613,0,133908,579614,14499890,12980797,208171,28268472,0,28268472,347702,35923427,725,Conservative,Beginner,Buy House,13936867,2903102,11033765,10,Equity MF,69.2,0.0,94.2,4.0,53.61,Moderate
C01090,51,Software Engineer,1,175664,74031,23591,78042,587248,11184345,0,356159,12127752,899731,11228021,415867,34564236,739,Conservative,Beginner,Wealth Creation,14456058,3588942,10867116,10,Stocks,44.43,13.43,89.3,12.0,54.52,Moderate
C01091,21,Business Owner,0,149461,50421,27124,71916,416606,383544,0,250270,1050420,861046,189374,334130,13727109,793,Moderately Aggressive,Beginner,Higher Education,3227503,268480,2959023,10,Equity MF,48.12,18.15,84.2,64.0,75.11,Moderately Aggressive
C01092,28,Teacher,0,133782,54557,54530,24695,485380,1300757,0,222767,2008904,1001318,1007586,235284,18539238,660,Moderately Conservative,Intermediate,Child Education,1991812,512221,1479591,3,FD,18.46,40.76,57.15,32.0,45.83,Moderately Conservative
C01093,42,Government Employee,2,248690,102116,0,146574,666672,12358125,10880455,415102,24320354,0,24320354,510825,27012828,705,Aggressive,Advanced,Retirement,29102248,8260750,20841498,18,Debt MF,58.94,0.0,93.45,98.0,95.5,Aggressive
C01094,49,Government Employee,2,163218,71720,23740,67758,302113,9401320,7739954,219269,17662656,3358295,14304361,212260,16906403,690,Conservative,Beginner,Retirement,27762542,5389051,22373491,11,Hybrid MF,41.51,14.54,82.6,7.0,48.58,Moderate
C01095,31,Consultant,0,60737,23977,10532,26228,124816,752986,3631344,29255,4538401,743432,3794969,68122,7657384,700,Conservative,Intermediate,Wealth Creation,3112557,510879,2601678,10,Gold,43.18,17.34,88.3,20.0,57.57,Moderate
C01096,23,Government Employee,0,45712,23227,7762,14723,201004,110582,0,134963,446549,309478,137071,81042,2811799,767,Moderate,Intermediate,Travel,1169071,77407,1091664,7,Equity MF,32.21,16.98,76.4,55.0,66.77,Moderate
C01097,26,Teacher,1,94763,35172,11923,47668,451018,1069365,0,265816,1786199,476412,1309787,99018,19796186,732,Moderately Conservative,Intermediate,Wealth Creation,9852289,748555,9103734,15,FD,50.3,12.58,92.85,40.0,69.07,Moderately Aggressive
C01098,57,Bank Employee,2,136444,75650,0,60794,212870,6927564,0,44161,7184595,0,7184595,212870,27155664,819,Moderately Aggressive,Beginner,Wealth Creation,21672820,4549522,17123298,20,ETF,44.56,0.0,86.2,72.0,79.81,Moderately Aggressive
C01099,34,Teacher,1,48155,23914,0,24241,256199,1599820,0,113030,1969049,0,1969049,191227,5341826,742,Conservative,Beginner,Retirement,10312819,1119874,9192945,26,Gold,50.34,0.0,98.65,7.0,57.41,Moderate
C01100,44,Software Engineer,1,166411,73230,0,93181,519398,8981396,13955655,214592,23671041,0,23671041,271327,13642226,754,Moderately Conservative,Intermediate,Wealth Creation,7415295,2288486,5126809,5,Stocks,55.99,0.0,87.55,40.0,66.15,Moderate
C01101,25,Freelancer,0,76634,26129,0,50505,350842,670428,0,74263,1095533,0,1095533,99473,8148618,753,Moderate,Intermediate,Retirement,7215089,469299,6745790,35,Debt MF,65.9,0.0,100.0,55.0,79.75,Moderately Aggressive
C01102,32,Software Engineer,0,170349,95401,51714,23234,482925,844131,0,277774,1604830,1878639,-273809,269818,26072490,756,Moderately Conservative,Intermediate,Child Education,10555940,590891,9965049,10,PPF,13.64,30.36,57.150000000000006,32.0,45.83,Moderately Conservative
C01103,46,Software Engineer,1,143306,68276,38924,36106,814123,4578825,0,323882,5716830,1350881,4365949,310486,20503895,744,Moderate,Advanced,Retirement,26824430,3205177,23619253,14,Bonds,25.2,27.16,75.85,63.0,70.07,Moderately Aggressive
C01104,44,Software Engineer,1,134716,64585,73592,0,572221,10000,0,137465,719686,1688406,-968720,359560,15732342,589,Moderately Aggressive,Intermediate,Wealth Creation,10007767,7000,10000767,15,Bonds,0.0,54.63,42.150000000000006,80.0,50.0,Moderate
C01105,38,Consultant,3,323456,134333,29758,159365,1036497,7411366,19141445,812440,28401748,2825739,25576009,956009,25248806,750,Conservative,Intermediate,Buy House,13011600,2331017,10680583,7,Equity MF,49.27,9.2,92.45,12.0,56.25,Moderate
C01106,29,Teacher,1,118227,61193,24929,32105,776001,1715506,0,592943,3084450,1025596,2058854,442100,8150316,736,Moderately Conservative,Advanced,Wealth Creation,21178102,1200854,19977248,20,ETF,27.16,21.09,75.4,48.0,63.07,Moderate
C01107,31,Teacher,1,122729,55962,12548,54219,645103,3061987,5754888,308975,9770953,766144,9004809,264110,28411802,742,Moderately Conservative,Beginner,Buy House,10900574,2143390,8757184,10,Debt MF,44.18,10.22,92.3,24.0,61.56,Moderate
C01108,31,Designer,2,32874,16673,2494,13707,68346,531149,1812505,16121,2428121,256054,2172067,68346,5613066,714,Moderately Aggressive,Intermediate,Wealth Creation,5195478,371804,4823674,20,Gold,41.7,7.59,95.1,80.0,88.31,Aggressive
C01109,39,Government Employee,3,98888,43890,0,54998,534391,3841909,0,371387,4747687,0,4747687,132356,13146599,787,Moderately Conservative,Intermediate,Retirement,18110051,995276,17114775,21,Debt MF,55.62,0.0,97.9,35.0,69.59,Moderately Aggressive
C01110,34,Freelancer,0,70371,22374,20370,27627,79082,885025,2806854,27894,3798855,1371743,2427112,79082,10432150,770,Moderate,Beginner,Retirement,9878841,619517,9259324,26,FD,39.26,28.95,75.65,47.0,62.76,Moderate
C01111,58,Designer,0,183293,68926,37568,76799,520628,17022802,10524409,308990,28376829,4206161,24170668,205572,20478287,713,Moderately Conservative,Beginner,Retirement,20019565,3695298,16324267,2,FD,41.9,20.5,71.85,27.0,45.0,Moderately Conservative
C01112,24,Consultant,0,87778,42304,10269,35205,513741,271716,0,357871,1143328,261665,881663,160272,7907472,724,Moderately Aggressive,Advanced,Emergency Fund,415260,141395,273865,1,Debt MF,40.11,11.7,81.8,71.0,45.0,Moderately Conservative
C01113,26,Doctor,0,89570,43076,0,46494,104624,1019859,0,37057,1161540,0,1161540,104624,12905001,712,Moderate,Advanced,Child Education,522055,74630,447425,2,FD,51.91,0.0,79.65,60.0,45.0,Moderately Conservative
C01114,59,Freelancer,2,125901,58275,9004,58622,437540,13150899,9913087,234191,23735717,1537822,22197895,266551,14184745,707,Moderate,Intermediate,Retirement,16733312,4695283,12038029,1,ETF,46.56,7.15,83.7,55.0,45.0,Moderately Conservative
C01115,51,Government Employee,0,156286,68079,42310,45897,479632,11087922,9156587,302706,21026847,3624198,17402649,444316,21458669,729,Aggressive,Beginner,Wealth Creation,14539967,1840321,12699646,15,Equity MF,29.37,27.07,75.1,87.0,80.45,Moderately Aggressive
C01116,54,Doctor,2,276435,116113,61030,99292,1527861,24534842,11337079,1092062,38491844,4282212,34209632,289659,28057710,800,Moderate,Intermediate,Buy House,11706681,4418214,7288467,5,Stocks,35.92,22.08,77.05,52.0,65.78,Moderate
C01117,22,Software Engineer,0,136965,67665,28372,40928,781312,333580,0,184510,1299402,450511,848891,439407,13105198,753,Conservative,Beginner,Higher Education,4247241,233505,4013736,5,Stocks,29.88,20.71,70.4,4.0,40.52,Moderately Conservative
C01118,30,Freelancer,1,57437,26248,9687,21502,162249,667489,0,104017,933755,317500,616255,56162,4990333,787,Moderate,Intermediate,Child Education,179558,33139,146419,1,ETF,37.44,16.87,69.05,52.0,45.0,Moderately Conservative
C01119,60,Sales Executive,0,110639,55106,67770,0,422690,10000,0,256170,688860,853583,-164723,102334,9876334,640,Moderate,Intermediate,Retirement,17171375,7000,17164375,1,Gold,0.0,61.25,24.55,55.0,38.25,Moderately Conservative
C01120,36,Accountant,2,77711,33077,8331,36303,271351,1178757,6328189,77612,7855909,501821,7354088,50877,11135014,680,Conservative,Intermediate,Buy House,4208123,457481,3750642,7,Bonds,46.72,10.72,84.75,12.0,52.01,Moderate
C01121,51,Sales Executive,0,171153,78834,38251,54068,469205,13095109,8237950,350492,22152756,2718353,19434403,469205,24394905,684,Moderate,Advanced,Buy House,8606942,2651873,5955069,7,Debt MF,31.59,22.35,73.5,60.0,67.43,Moderate
C01122,52,Doctor,0,128555,60438,70432,0,672710,10000,0,158361,841071,2199515,-1358444,391685,9889955,682,Moderately Conservative,Beginner,Child Education,6669362,7000,6662362,10,Hybrid MF,0.0,54.79,38.15,24.0,31.78,Moderately Conservative
C01123,43,Government Employee,3,176220,69980,32421,73819,296071,10998677,0,135872,11430620,957132,10473488,110157,11910881,755,Moderately Aggressive,Intermediate,Emergency Fund,2009257,187210,1822047,3,Equity MF,41.89,18.4,75.9,63.0,70.09,Moderately Aggressive
C01124,59,Business Owner,0,375180,217979,70625,86576,1292443,22046496,26115293,751615,50205847,5230397,44975450,1168035,59701073,750,Conservative,Advanced,Emergency Fund,1946829,124431,1822398,1,Debt MF,23.08,18.82,65.7,11.0,41.09,Moderately Conservative
C01125,29,Sales Executive,2,65062,33970,13708,17384,135929,585033,0,95433,816395,299584,516811,78300,4785006,731,Moderately Conservative,Intermediate,Child Education,1915735,304212,1611523,7,Stocks,26.72,21.07,65.8,32.0,50.59,Moderate
C01126,41,Software Engineer,2,202725,107344,129732,0,618774,10000,0,362082,990856,1643219,-652363,618774,24408157,668,Moderately Aggressive,Intermediate,Wealth Creation,28298133,7000,28291133,15,Hybrid MF,0.0,63.99,38.6,80.0,50.0,Moderate
C01127,23,Freelancer,0,175272,105365,27378,42529,1173531,313388,0,391018,1877937,747720,1130217,676277,36403600,761,Moderate,Beginner,Buy House,7210543,219371,6991172,7,Debt MF,24.26,15.62,74.4,44.0,60.72,Moderate
C01128,49,Sales Executive,3,222784,103405,24793,94586,1379467,9181467,17043929,366601,27971464,1604728,26366736,355249,32082468,680,Moderately Conservative,Intermediate,Retirement,25265430,4135954,21129476,11,PPF,42.46,11.13,89.6,35.0,65.03,Moderate
C01129,34,Freelancer,2,126257,48720,6836,70701,579567,4919901,0,117413,5616881,283500,5333381,162906,22357710,684,Moderately Aggressive,Intermediate,Retirement,13570652,874483,12696169,26,Stocks,56.0,5.41,98.65,75.0,88.01,Aggressive
C01130,43,Business Owner,1,161751,79683,41011,41057,184801,3732638,13071505,74889,17063833,5555547,11508286,86423,30409648,752,Conservative,Intermediate,Child Education,653189,260311,392878,1,Equity MF,25.38,25.35,53.1,12.0,34.61,Moderately Conservative
C01131,25,Government Employee,0,41996,22854,5504,13638,185051,298216,0,142406,625673,195609,430064,176089,3323815,761,Moderately Conservative,Advanced,Retirement,8811093,208751,8602342,35,PPF,32.47,13.11,85.0,43.0,66.1,Moderate
C01132,37,Software Engineer,3,88852,37628,20116,31108,256238,1975604,5165570,156845,7554257,2310394,5243863,48824,9454627,703,Moderate,Intermediate,Retirement,9415320,1382922,8032398,23,FD,35.01,22.64,75.2,55.0,66.11,Moderate
C01133,62,Software Engineer,0,121019,63512,17266,40241,580231,3958107,0,215111,4753449,338263,4415186,88742,23378838,698,Moderate,Intermediate,Wealth Creation,15682546,2770674,12911872,20,Stocks,33.25,14.27,81.45,60.0,71.8,Moderately Aggressive
C01134,35,Software Engineer,3,101448,57422,20714,23312,253006,1187247,0,134131,1574384,710642,863742,253006,18798832,742,Moderately Conservative,Beginner,Retirement,15904877,831072,15073805,25,Hybrid MF,22.98,20.42,70.5,27.0,50.93,Moderate
C01135,27,Business Owner,0,130278,56757,23981,49540,762956,1626037,0,211756,2600749,323411,2277338,327052,8970390,790,Moderate,Beginner,Wealth Creation,9501193,1138225,8362968,10,FD,38.03,18.41,87.9,52.0,71.75,Moderately Aggressive
C01136,33,Business Owner,1,234586,98465,68660,67461,434294,1713866,17973247,105061,20226468,8556574,11669894,434294,49411681,764,Moderately Aggressive,Intermediate,Wealth Creation,20096475,1199706,18896769,10,Stocks,28.76,29.27,68.0,80.0,73.4,Moderately Aggressive
C01137,47,Government Employee,4,93513,45659,25130,22724,600567,4530295,0,277876,5408738,763354,4645384,343693,11977712,669,Conservative,Beginner,Child Education,908791,243039,665752,3,PPF,24.3,26.87,70.3,4.0,40.46,Moderately Conservative
C01138,28,Consultant,0,198198,84985,0,113213,813857,3713096,0,586624,5113577,0,5113577,617530,14134211,749,Moderately Aggressive,Advanced,Child Education,1160795,221624,939171,1,Debt MF,57.12,0.0,88.35,80.0,45.0,Moderately Conservative
C01139,44,Teacher,2,39112,16390,4038,18684,66946,1605462,2447204,20979,4140591,411090,3729501,66946,4353188,780,Conservative,Beginner,Travel,260440,63167,197273,2,Bonds,47.77,10.32,77.95,7.0,45.0,Moderately Conservative
C01140,34,Data Scientist,1,177884,70046,36403,71435,299255,4450658,0,188125,4938038,1067167,3870871,299255,29094099,671,Moderately Aggressive,Beginner,Buy House,6991190,2152887,4838303,5,ETF,40.16,20.46,78.05,64.0,71.73,Moderately Aggressive
C01141,25,Sales Executive,0,55752,21364,0,34388,210318,308777,0,114279,633374,0,633374,66552,11807951,724,Conservative,Beginner,Wealth Creation,3268939,216143,3052796,10,Bonds,61.68,0.0,97.2,12.0,58.86,Moderate
C01142,42,Government Employee,1,68165,40797,10116,17252,381005,2188914,3408422,284078,6262419,1121443,5140976,315136,6709519,742,Aggressive,Advanced,Child Education,4317092,1244740,3072352,10,ETF,25.31,14.84,77.65,95.0,85.46,Aggressive
C01143,23,Freelancer,1,97990,43500,0,54490,228868,251490,0,48283,528641,0,528641,59215,6161184,749,Moderately Aggressive,Intermediate,Buy House,3626833,176043,3450790,7,Gold,55.61,0.0,90.4,72.0,82.12,Moderately Aggressive
C01144,43,Software Engineer,1,223081,92780,46971,83330,1088511,9721364,0,376393,11186268,1317266,9869002,315164,41793404,779,Moderately Conservative,Advanced,Wealth Creation,9132902,1642854,7490048,7,FD,37.35,21.06,78.7,48.0,64.89,Moderate
C01145,24,Freelancer,0,126665,61437,8804,56424,697447,448232,0,327405,1473084,341199,1131885,70250,8260402,708,Conservative,Intermediate,Child Education,1709323,313762,1395561,3,Equity MF,44.55,6.95,88.6,12.0,54.13,Moderate
C01146,50,Freelancer,0,225807,105087,28628,92092,888425,18704340,0,245969,19838734,470701,19368033,763934,46857667,676,Moderately Conservative,Intermediate,Wealth Creation,7856721,2934358,4922363,7,Gold,40.78,12.68,86.65,40.0,65.66,Moderate
C01147,53,Government Employee,0,310039,136330,0,173709,1355346,25609153,0,361069,27325568,0,27325568,980979,34274832,758,Moderately Conservative,Beginner,Buy House,27502464,4186449,23316015,15,Debt MF,56.03,0.0,95.8,24.0,63.49,Moderate
C01148,35,Accountant,2,69319,29705,14972,24642,156483,1972675,0,103357,2232515,532067,1700448,46087,4791044,764,Conservative,Intermediate,Wealth Creation,1832040,337209,1494831,5,Bonds,35.55,21.6,72.9,20.0,49.1,Moderate
C01149,32,Software Engineer,2,227275,129899,62781,34595,991935,1840943,0,635853,3468731,2200133,1268598,807698,16744876,706,Moderately Conservative,Beginner,Wealth Creation,21310030,1288660,20021370,15,FD,15.22,27.62,66.95,32.0,51.22,Moderate
C01150,44,Software Engineer,3,157554,76759,0,80795,1030808,6773866,10437307,778996,19020977,0,19020977,183545,35591005,795,Moderately Aggressive,Intermediate,Travel,4676632,1382918,3293714,5,FD,51.28,0.0,91.55,75.0,84.1,Aggressive
C01151,62,Government Employee,1,195474,81791,25613,88070,470122,29575480,0,282109,30327711,412134,29915577,232487,29863550,705,Conservative,Advanced,Wealth Creation,26525522,1719536,24805986,15,Gold,45.05,13.1,86.45,28.0,60.15,Moderate
C01152,27,Government Employee,2,91753,43370,28154,20229,157970,523519,0,122594,804083,1044497,-240414,157970,12487104,738,Moderately Conservative,Beginner,Wealth Creation,8606641,366463,8240178,15,ETF,22.05,30.68,65.7,32.0,50.54,Moderate
C01153,54,Teacher,1,255637,100272,36772,118593,1161876,10885535,11452534,297105,23797050,3436279,20360771,604873,34285719,685,Conservative,Intermediate,Wealth Creation,7757792,3013314,4744478,5,Equity MF,46.39,14.38,86.05,20.0,56.33,Moderate
C01154,31,Accountant,1,138416,56597,23646,58173,727141,2172908,0,541998,3442047,1070428,2371619,359400,26793857,742,Conservative,Beginner,Higher Education,5359184,1521035,3838149,10,FD,42.03,17.08,86.3,4.0,49.27,Moderate
C01155,36,Government Employee,2,55253,22846,12400,20007,107601,1237008,0,29440,1374049,255329,1118720,107601,6340388,720,Moderate,Beginner,Wealth Creation,2140918,480286,1660632,7,PPF,36.21,22.44,72.75,52.0,63.41,Moderate
C01156,31,Accountant,0,146799,74871,33207,38721,489043,1525666,0,385368,2400077,460538,1939539,378975,22549752,681,Moderately Conservative,Intermediate,Emergency Fund,3238047,1067966,2170081,7,FD,26.38,22.62,68.5,23.0,48.03,Moderate
C01157,24,Teacher,0,48480,24915,6519,17046,153145,112024,0,48669,313838,301768,12070,153145,3196397,704,Moderately Conservative,Intermediate,Child Education,703375,78416,624959,3,Equity MF,35.16,13.45,70.6,32.0,53.23,Moderate
C01158,43,Data Scientist,2,67477,33238,15269,18970,278165,1900769,3378016,132557,5689507,1404602,4284905,44631,5101381,750,Aggressive,Advanced,Higher Education,1265669,365244,900425,5,Hybrid MF,28.11,22.63,66.7,95.0,79.44,Moderately Aggressive
C01159,23,Designer,0,67113,24154,13453,29506,160646,162147,0,82185,404978,305437,99541,68421,13434988,749,Moderately Aggressive,Advanced,Retirement,9433916,113502,9320414,37,PPF,43.96,20.05,79.0,83.0,80.8,Moderately Aggressive
C01160,56,Bank Employee,0,171349,65046,50802,55501,420877,7366437,11647865,174661,19609840,3172141,16437699,264943,17194421,728,Conservative,Beginner,Retirement,25970332,2706162,23264170,4,PPF,32.39,29.65,69.95,7.0,41.62,Moderately Conservative
C01161,61,Freelancer,0,205408,66687,21326,117395,773048,12750687,14729746,338254,28591735,1612660,26979075,383863,42537673,746,Conservative,Beginner,Buy House,8013081,928019,7085062,7,PPF,57.15,10.38,85.0,4.0,48.55,Moderate
C01162,49,Sales Executive,4,75527,30147,5985,39395,97119,3098315,0,33429,3228863,243087,2985776,72109,7920433,754,Moderately Conservative,Beginner,Wealth Creation,14299783,2168820,12130963,20,Hybrid MF,52.16,7.92,87.4,32.0,62.47,Moderate
C01163,33,Data Scientist,0,84017,42944,19701,21372,519924,637631,4226539,304859,5688953,1421222,4267731,186664,10099000,791,Moderately Conservative,Advanced,Wealth Creation,3577707,446341,3131366,7,PPF,25.44,23.45,72.2,48.0,61.31,Moderate
C01164,21,Designer,0,58754,20123,12378,26253,214575,160810,0,154899,530284,491742,38542,37090,13343300,715,Moderately Aggressive,Intermediate,Wealth Creation,2546602,112567,2434035,5,Gold,44.68,21.07,74.4,80.0,76.92,Moderately Aggressive
C01165,29,Designer,1,53504,30824,5535,17145,361584,397683,0,271000,1030267,219650,810617,189721,4192127,738,Conservative,Beginner,Retirement,9362562,278378,9084184,31,Debt MF,32.04,10.35,87.4,7.0,51.22,Moderate
C01166,53,Software Engineer,0,140974,73255,81355,0,840385,10000,6285342,645407,7781134,11471159,-3690025,122136,13204442,657,Moderately Conservative,Intermediate,Retirement,27702307,7000,27695307,7,Equity MF,0.0,57.71,35.2,35.0,35.11,Moderately Conservative
C01167,40,Data Scientist,2,189010,84746,33188,71076,1068645,3668317,10500098,447771,15684831,4086128,11598703,443373,27209463,717,Moderate,Advanced,Retirement,32318506,2567821,29750685,20,Stocks,37.6,17.56,85.75,63.0,75.51,Moderately Aggressive
C01168,61,Freelancer,2,113447,60870,7810,44767,304882,8160616,9360756,206026,18032280,918768,17113512,190968,15450925,744,Moderate,Beginner,Child Education,6545411,331141,6214270,10,Hybrid MF,39.46,6.88,82.8,44.0,65.34,Moderate
C01169,64,Business Owner,0,233005,120391,0,112614,1444620,9908462,0,558608,11911690,0,11911690,179199,14424529,759,Moderately Conservative,Beginner,Retirement,37329508,6935923,30393585,1,Equity MF,48.33,0.0,82.95,27.0,45.0,Moderately Conservative
C01170,29,Sales Executive,0,62332,24333,19414,18585,232001,323500,0,122740,678241,620903,57338,37166,8861193,710,Moderately Conservative,Intermediate,Retirement,8297182,226450,8070732,31,Stocks,29.82,31.15,65.4,35.0,51.72,Moderate
C01171,41,Teacher,3,98450,49844,20079,28527,306144,2794557,0,145956,3246657,542548,2704109,143200,21706783,720,Aggressive,Advanced,Retirement,14165745,1084903,13080842,19,Hybrid MF,28.98,20.4,72.6,98.0,84.03,Aggressive
C01172,43,Teacher,2,88800,35569,20370,32861,448459,1884672,0,181241,2514372,723680,1790692,273777,20406972,759,Conservative,Advanced,Wealth Creation,10165871,1319270,8846601,15,Gold,37.01,22.94,78.3,28.0,55.67,Moderate
C01173,24,Sales Executive,0,149379,83079,27386,38914,819756,346257,0,589488,1755501,1148962,606539,521364,21494210,698,Moderately Aggressive,Intermediate,Retirement,35475873,242379,35233494,36,ETF,26.05,18.33,77.0,75.0,76.1,Moderately Aggressive
C01174,56,Software Engineer,0,450000,240062,68462,141476,2389869,43188372,0,1896718,47474959,2845893,44629066,1112918,56717244,737,Moderately Conservative,Intermediate,Buy House,27786345,4832634,22953711,10,ETF,31.44,15.21,83.55,32.0,60.35,Moderate
C01175,43,Accountant,2,76566,31497,0,45069,328092,3088978,5118604,72165,8607839,0,8607839,243326,14188113,766,Moderately Conservative,Beginner,Wealth Creation,8155122,1269162,6885960,20,FD,58.86,0.0,97.3,32.0,67.92,Moderate
C01176,21,Bank Employee,0,98845,39523,12824,46498,390430,155944,0,109925,656299,184802,471497,257488,17956571,736,Moderately Aggressive,Intermediate,Emergency Fund,478967,109160,369807,1,Debt MF,47.04,12.97,81.8,63.0,45.0,Moderately Conservative
C01177,56,Doctor,1,278424,114140,76992,87292,411523,13089518,16361257,294600,30156898,7134625,23022273,124714,32916501,759,Moderately Conservative,Beginner,Buy House,25357477,1905904,23451573,10,PPF,31.35,27.65,67.55,24.0,47.95,Moderately Conservative
C01178,41,Designer,4,72575,34167,17672,20736,445875,3115404,4464324,138184,8163787,1322493,6841294,150334,6437398,673,Moderately Conservative,Intermediate,Buy House,1842350,165202,1677148,5,Hybrid MF,28.57,24.35,74.0,32.0,55.1,Moderate
C01179,25,Data Scientist,0,102548,51422,18579,32547,317903,563314,0,84421,965638,500728,464910,205493,14804917,759,Moderately Aggressive,Advanced,Wealth Creation,12972318,394319,12577999,20,Gold,31.74,18.12,78.0,88.0,82.5,Moderately Aggressive
C01180,60,Consultant,0,119781,72463,19003,28315,883561,8025640,6796603,547987,16253791,1407653,14846138,278681,11320567,750,Conservative,Beginner,Wealth Creation,4742819,997353,3745466,5,Gold,23.64,15.86,75.15,12.0,46.73,Moderately Conservative
C01181,41,Teacher,2,93891,49158,0,44733,153978,2268719,0,66395,2489092,0,2489092,153978,14360903,801,Conservative,Beginner,Child Education,4234790,1255513,2979277,10,Hybrid MF,47.64,0.0,90.8,4.0,51.74,Moderate
C01182,29,Sales Executive,1,74251,40783,17082,16386,92520,1119497,0,19525,1231542,722250,509292,92520,17727049,686,Moderate,Intermediate,Emergency Fund,889622,321667,567955,2,Stocks,22.07,23.01,52.2,43.0,45.0,Moderately Conservative
C01183,23,Government Employee,1,83175,34819,10141,38215,223781,185603,0,56874,466258,196730,269528,83686,6613780,839,Moderately Conservative,Beginner,Buy House,11779082,129922,11649160,20,FD,45.95,12.19,86.0,24.0,58.1,Moderate
C01184,63,Doctor,1,269798,110383,0,159415,1199259,29466584,17981819,596605,49244267,0,49244267,199314,20429689,812,Moderate,Intermediate,Wealth Creation,10438849,2731329,7707520,5,FD,59.09,0.0,88.7,60.0,75.78,Moderately Aggressive
C01185,37,Sales Executive,2,133268,79614,6935,46719,169127,2966373,11156250,108266,14400016,847107,13552909,169127,24903079,721,Moderately Conservative,Beginner,Buy House,7249728,1927086,5322642,7,Bonds,35.06,5.2,78.6,24.0,54.03,Moderate
C01186,56,Consultant,0,339741,138535,0,201206,569299,41945185,0,201445,42715929,0,42715929,276386,21862857,827,Moderate,Intermediate,Wealth Creation,14268357,5231954,9036403,5,FD,59.22,0.0,85.75,60.0,74.16,Moderately Aggressive
C01187,27,Bank Employee,0,96006,31962,5400,58644,141238,694148,0,35967,871353,167113,704240,104147,21455889,777,Moderate,Beginner,Buy House,3342549,485903,2856646,5,Debt MF,61.08,5.62,87.1,44.0,67.7,Moderate
C01188,46,Accountant,3,53429,27551,12060,13818,379189,1416679,3246800,172307,5214975,1381048,3833927,147142,9121500,780,Moderate,Intermediate,Emergency Fund,204026,58799,145227,1,PPF,25.86,22.57,64.65,43.0,45.0,Moderately Conservative
C01189,31,Bank Employee,1,103449,45195,23875,34379,533510,1253921,0,219227,2006658,571604,1435054,52757,20519001,773,Moderately Aggressive,Beginner,Retirement,16011103,877744,15133359,29,Gold,33.23,23.08,83.1,67.0,75.86,Moderately Aggressive
C01190,56,Data Scientist,0,386893,151766,85830,149297,1774633,37526770,0,660687,39962090,2998573,36963517,779200,66559341,699,Conservative,Beginner,Wealth Creation,15952979,2499765,13453214,7,ETF,38.59,22.18,76.75,12.0,47.61,Moderately Conservative
C01191,22,Accountant,0,70240,34772,14569,20899,164677,46154,0,110101,320932,619129,-298197,164677,5155080,692,Moderately Aggressive,Intermediate,Wealth Creation,3996663,32307,3964356,10,ETF,29.75,20.74,63.2,80.0,70.76,Moderately Aggressive
C01192,21,Teacher,0,40752,20008,10197,10547,179269,44431,0,38335,262035,369394,-107359,97238,9419586,721,Moderately Conservative,Beginner,Emergency Fund,1256034,31101,1224933,7,Hybrid MF,25.88,25.02,64.4,15.0,42.17,Moderately Conservative
C01193,46,Business Owner,1,157791,84289,11667,61835,699019,7585615,5842652,417747,14545033,1212117,13332916,505587,27309015,713,Moderately Aggressive,Intermediate,Child Education,5904014,1905846,3998168,10,ETF,39.19,7.39,89.05,72.0,81.38,Moderately Aggressive
C01194,51,Business Owner,2,143900,71832,35034,37034,603129,3427006,0,456512,4486647,1281073,3205574,121617,14017313,688,Moderately Aggressive,Beginner,Retirement,24956818,2398904,22557914,9,ETF,25.74,24.35,68.3,67.0,67.72,Moderate
C01195,34,Designer,0,133838,62213,9161,62464,598381,3860942,9466196,425855,14351374,995596,13355778,97443,23656110,770,Conservative,Beginner,Wealth Creation,11602089,2585604,9016485,15,Bonds,46.67,6.84,94.65,12.0,57.46,Moderate
C01196,36,Sales Executive,3,60906,30170,5305,25431,93962,2346583,2769798,68905,5279248,934433,4344815,93962,4980947,701,Conservative,Intermediate,Child Education,800035,187576,612459,2,PPF,41.75,8.71,80.15,12.0,45.0,Moderately Conservative
C01197,48,Accountant,2,81364,36673,24085,20606,433706,1680915,0,324703,2439324,326531,2112793,234446,7363695,757,Conservative,Beginner,Retirement,13232737,1176640,12056097,12,Debt MF,25.33,29.6,78.55,7.0,46.35,Moderately Conservative
C01198,21,Sales Executive,0,117673,62331,27784,27558,235966,123283,0,81906,441155,789826,-348671,235966,17168010,739,Moderately Aggressive,Intermediate,Wealth Creation,5635716,86298,5549418,7,FD,23.42,23.61,60.4,80.0,69.22,Moderately Aggressive
C01199,23,Government Employee,0,50294,16639,3887,29768,149875,115744,0,65198,330817,162394,168423,33924,6951189,794,Moderate,Advanced,Retirement,4655523,81020,4574503,37,ETF,59.19,7.73,90.0,63.0,77.85,Moderately Aggressive
C01200,41,Government Employee,3,55870,28152,9478,18240,102073,1417472,3346270,46335,4912150,935157,3976993,45495,6361835,654,Aggressive,Advanced,Child Education,599669,92118,507551,2,Equity MF,32.65,16.96,65.4,95.0,45.0,Moderately Conservative
C01201,23,Freelancer,0,60775,36796,3487,20492,105318,84294,0,65301,254913,78213,176700,90997,12414795,699,Moderately Aggressive,Advanced,Wealth Creation,2915978,59005,2856973,5,PPF,33.72,5.74,74.4,88.0,80.52,Moderately Aggressive
C01202,41,Software Engineer,2,87844,49847,0,37997,129685,3446798,5171265,58491,8806239,0,8806239,129685,12364471,760,Moderate,Intermediate,Child Education,1846565,141263,1705302,3,Stocks,43.26,0.0,80.2,52.0,67.51,Moderate
C01203,25,Software Engineer,0,122368,56535,10818,55015,378266,972486,0,149002,1499754,179650,1320104,209639,26792034,786,Conservative,Intermediate,Retirement,24529016,680740,23848276,35,Bonds,44.96,8.84,96.0,15.0,59.55,Moderate
C01204,62,Sales Executive,0,143150,57006,10176,75968,343515,12590582,7535235,82083,20551415,1290851,19260564,300920,30890762,717,Moderately Conservative,Beginner,Wealth Creation,6614145,454530,6159615,5,Gold,53.07,7.11,84.85,32.0,61.07,Moderate
C01205,26,Software Engineer,1,168148,60775,48230,59143,194760,1887748,0,47833,2130341,1715110,415231,107795,37492700,746,Conservative,Beginner,Buy House,11124067,1321423,9802644,10,Hybrid MF,35.17,28.68,66.05,4.0,38.13,Moderately Conservative
C01206,37,Bank Employee,3,37669,17463,0,20206,60917,952415,0,16580,1029912,0,1029912,60917,5885278,722,Moderate,Beginner,Wealth Creation,1264044,267584,996460,5,ETF,53.64,0.0,88.6,52.0,72.13,Moderately Aggressive
C01207,37,Business Owner,2,173903,66320,13537,94046,785547,10942683,0,164650,11892880,362766,11530114,464797,23988720,815,Moderately Conservative,Beginner,Retirement,18884698,5309324,13575374,23,Hybrid MF,54.08,7.78,98.2,27.0,66.16,Moderate
C01208,32,Freelancer,1,65380,29100,6483,29797,80279,1247389,2647178,55551,4030397,920835,3109562,80279,6834600,734,Aggressive,Advanced,Wealth Creation,4649785,873172,3776613,10,FD,45.58,9.92,84.15,100.0,91.28,Aggressive
C01209,56,Designer,0,86497,39333,27028,20136,529974,2595341,7217578,385124,10728017,3867436,6860581,285738,15800218,765,Moderately Conservative,Advanced,Retirement,9594307,1816738,7777569,4,Stocks,23.28,31.25,62.95,43.0,53.97,Moderate
C01210,51,Government Employee,1,110447,50240,29813,30394,418258,3883631,6692343,228648,11222880,2663587,8559293,374700,17705683,636,Moderately Conservative,Beginner,Emergency Fund,2740513,641278,2099235,5,Stocks,27.52,26.99,69.5,15.0,44.98,Moderately Conservative
C01211,26,Business Owner,1,185579,68739,15560,101280,308703,2300313,0,118453,2727469,708615,2018854,178585,25161790,736,Moderate,Intermediate,Retirement,29720449,1610219,28110230,34,Bonds,54.58,8.38,92.85,55.0,75.82,Moderately Aggressive
C01212,44,Freelancer,2,127046,43060,28139,55847,216627,4706841,0,103389,5026857,677125,4349732,216627,10728451,778,Moderate,Intermediate,Higher Education,386189,72174,314015,1,Hybrid MF,43.96,22.15,73.95,52.0,45.0,Moderately Conservative
C01213,21,Consultant,0,171285,78835,43045,49405,1011773,146149,0,394039,1551961,1289443,262518,506984,33363549,721,Moderately Conservative,Beginner,Retirement,34080969,102304,33978665,39,FD,28.84,25.13,73.0,27.0,52.3,Moderate
C01214,45,Designer,2,100000,39182,42598,18220,345667,4007711,0,238815,4592193,1103305,3488888,109818,16768665,656,Moderate,Intermediate,Child Education,321836,29531,292305,1,ETF,18.22,42.6,50.8,52.0,45.0,Moderately Conservative
C01215,37,Accountant,4,132410,52781,38749,40880,445562,2547898,7770265,321813,11085538,2860693,8224845,421651,28820917,682,Moderately Conservative,Advanced,Wealth Creation,12197970,1783528,10414442,10,Bonds,30.87,29.26,79.4,48.0,65.27,Moderate
C01216,24,Sales Executive,0,58538,29329,12885,16324,198044,62847,0,150962,411853,342663,69190,163610,11225053,769,Moderately Conservative,Beginner,Buy House,4218169,43992,4174177,15,Hybrid MF,27.89,22.01,73.0,24.0,50.95,Moderate
C01217,61,Business Owner,0,340806,151156,46799,142851,949397,37800282,20292007,493718,59535404,7199938,52335466,747820,35119348,753,Conservative,Intermediate,Wealth Creation,47819484,4211638,43607846,20,ETF,41.92,13.73,86.6,20.0,56.63,Moderate
C01218,40,Software Engineer,2,263061,138150,58692,66219,1804643,9701989,0,1037574,12544206,2165727,10378479,735034,30546039,777,Moderate,Intermediate,Retirement,61099523,6791392,54308131,20,Equity MF,25.17,22.31,76.75,55.0,66.96,Moderate
C01219,45,Data Scientist,2,72195,30307,21676,20212,413319,1269357,2840525,156977,4680178,1848643,2831535,31031,6368939,671,Moderately Aggressive,Intermediate,Buy House,9070425,888549,8181876,20,Equity MF,28.0,30.02,73.0,72.0,72.55,Moderately Aggressive
C01220,40,Business Owner,2,290144,131273,0,158871,847050,9325071,12393730,253468,22819319,0,22819319,347984,38403042,798,Aggressive,Intermediate,Buy House,47492448,6527549,40964899,20,Bonds,54.76,0.0,93.75,87.0,90.71,Aggressive
C01221,27,Consultant,0,88417,31025,5723,51669,82744,1286458,0,54296,1423498,244770,1178728,82744,19888807,739,Moderately Aggressive,Advanced,Buy House,11915655,900520,11015135,15,PPF,58.44,6.47,87.7,80.0,84.24,Aggressive
C01222,26,Software Engineer,0,61157,26431,6430,28296,368071,306855,0,108960,783886,79106,704780,79266,13457041,828,Moderate,Advanced,Retirement,11766853,214798,11552055,34,FD,46.27,10.51,95.85,63.0,81.07,Moderately Aggressive
C01223,49,Freelancer,1,165198,65439,32580,67179,240203,4753934,0,174378,5168515,789984,4378531,240203,26346834,785,Conservative,Intermediate,Wealth Creation,8193652,3046832,5146820,7,Debt MF,40.67,19.72,82.8,20.0,54.54,Moderate
C01224,38,Software Engineer,2,241708,94693,56645,90370,857256,4809845,16520966,207575,22395642,9002097,13393545,665576,17267554,800,Moderately Aggressive,Beginner,Retirement,36161871,2167422,33994449,22,FD,37.39,23.44,79.05,67.0,73.63,Moderately Aggressive
C01225,23,Government Employee,0,138895,71918,43240,23737,418566,199058,0,124332,741956,825290,-83334,163136,10526815,749,Conservative,Beginner,Emergency Fund,10300893,139340,10161553,10,Equity MF,17.09,31.13,58.2,0.0,32.01,Moderately Conservative
C01226,29,Data Scientist,0,200076,124404,60769,14903,1088776,579659,0,446857,2115292,2540005,-424713,595319,20291422,765,Moderately Conservative,Beginner,Emergency Fund,2056799,333430,1723369,2,ETF,7.45,30.37,48.2,15.0,33.26,Moderately Conservative
C01227,58,Bank Employee,1,91156,44420,0,46736,486127,9628629,3433385,370762,13918903,0,13918903,124491,11687499,782,Conservative,Advanced,Wealth Creation,10267359,3373299,6894060,15,PPF,51.27,0.0,95.05,28.0,64.88,Moderate
C01228,25,Sales Executive,0,124393,49573,35022,39798,181305,277721,0,98556,557582,1529988,-972406,181305,19695326,719,Moderate,Beginner,Retirement,12196483,194404,12002079,35,FD,31.99,28.15,71.0,47.0,60.2,Moderate
C01229,24,Business Owner,0,78959,40184,17417,21358,163766,93245,0,126005,383016,257960,125056,163766,5207880,790,Moderately Aggressive,Beginner,Retirement,10493937,65271,10428666,36,Hybrid MF,27.05,22.06,69.0,67.0,68.1,Moderately Aggressive
C01230,21,Bank Employee,0,54788,19635,10439,24714,113978,55102,0,52380,221460,354279,-132819,35926,9506029,727,Moderately Conservative,Beginner,Emergency Fund,370243,38571,331672,2,Stocks,45.11,19.05,68.8,15.0,44.59,Moderately Conservative
C01231,41,Freelancer,2,152539,56224,17763,78552,743189,3477112,9027287,327827,13575415,2406893,11168522,132073,11089350,756,Moderate,Intermediate,Buy House,11017655,1684242,9333413,10,Debt MF,51.5,11.64,87.8,52.0,71.69,Moderately Aggressive
C01232,22,Sales Executive,0,26946,13138,2415,11393,113827,33873,0,31511,179211,86482,92729,73268,2752495,769,Conservative,Beginner,Higher Education,306234,17112,289122,3,PPF,42.28,8.96,85.6,4.0,48.88,Moderate
C01233,61,Accountant,0,112187,49123,14325,48739,237932,6583590,7290014,53079,14164615,2532524,11632091,237932,9748651,799,Conservative,Advanced,Emergency Fund,627765,77390,550375,1,PPF,43.44,12.77,72.4,11.0,44.77,Moderately Conservative
C01234,25,Teacher,0,56919,22598,6305,28016,174057,615474,0,57636,847167,192358,654809,62990,5488159,661,Moderate,Advanced,Wealth Creation,6156238,312466,5843772,20,Hybrid MF,49.22,11.08,89.0,68.0,79.55,Moderately Aggressive
C01235,26,Bank Employee,2,139883,80703,0,59180,326619,1362737,0,102941,1792297,0,1792297,326619,25472514,824,Moderately Aggressive,Intermediate,Child Education,1174012,235222,938790,2,Gold,42.31,0.0,84.65,72.0,45.0,Moderately Conservative
C01236,47,Government Employee,3,129349,74028,32665,22656,537083,3396865,6666314,318143,10918405,5615963,5302442,139357,20820787,784,Moderate,Advanced,Retirement,29475238,2377805,27097433,13,FD,17.52,25.25,60.7,63.0,61.74,Moderate
C01237,43,Sales Executive,4,112592,50397,11393,50802,523023,1966942,0,346455,2836420,383725,2452695,161143,19684417,665,Moderately Conservative,Advanced,Wealth Creation,12560536,1376859,11183677,15,Stocks,45.12,10.12,93.3,48.0,72.92,Moderately Aggressive
C01238,60,Bank Employee,1,145467,55609,31104,58754,403939,8878739,0,301107,9583785,1235410,8348375,102335,22813728,752,Moderate,Intermediate,Retirement,19832491,5181237,14651254,1,Debt MF,40.39,21.38,71.55,55.0,45.0,Moderately Conservative
C01239,32,Software Engineer,0,218373,100708,22817,94848,512467,4970586,0,203134,5686187,621076,5065111,512467,27618520,783,Moderately Conservative,Beginner,Wealth Creation,8574523,641063,7933460,5,ETF,43.43,10.45,85.35,32.0,61.34,Moderate
C01240,32,Government Employee,1,64217,29528,20379,14310,241184,588048,4076361,192919,5098512,1533271,3565241,193453,15399829,764,Moderate,Beginner,Wealth Creation,2293270,411633,1881637,5,Stocks,22.28,31.73,69.35,52.0,61.54,Moderate
C01241,27,Accountant,0,112385,41862,18468,52055,292559,1842216,0,186582,2321357,581058,1740299,292559,23510394,709,Conservative,Intermediate,Retirement,11168444,1289551,9878893,33,Debt MF,46.32,16.43,92.7,15.0,57.74,Moderate
C01242,57,Sales Executive,1,154071,64888,0,89183,500537,9622541,0,216456,10339534,0,10339534,366169,28779883,799,Moderate,Advanced,Buy House,8571078,1356852,7214226,10,Bonds,57.88,0.0,92.4,60.0,77.82,Moderately Aggressive
C01243,31,Software Engineer,1,273964,123945,0,150019,1264268,3126789,14184610,445894,19021561,0,19021561,149428,36683890,737,Moderately Conservative,Intermediate,Retirement,35352635,2188752,33163883,29,PPF,54.76,0.0,95.1,35.0,68.06,Moderately Aggressive
C01244,41,Sales Executive,2,173050,81006,9565,82479,222115,5639829,7556682,88803,13507429,952448,12554981,222115,16446445,798,Moderate,Advanced,Buy House,11374084,2912247,8461837,7,Gold,47.66,5.53,83.0,60.0,72.65,Moderately Aggressive
C01245,29,Data Scientist,1,136333,64762,18257,53314,650125,2047496,0,433002,3130623,246379,2884244,100392,13218375,732,Moderate,Intermediate,Buy House,5851751,884642,4967109,5,Hybrid MF,39.11,13.39,80.8,52.0,67.84,Moderate
C01246,62,Sales Executive,1,193692,77592,0,116100,326504,27090096,0,101844,27518444,0,27518444,169976,39671312,746,Conservative,Beginner,Emergency Fund,1909181,191713,1717468,3,Gold,59.94,0.0,82.05,0.0,45.13,Moderately Conservative
C01247,64,Sales Executive,0,155514,77588,25305,52621,205397,5060900,6896643,130781,12293721,2977033,9316688,205397,26076471,719,Conservative,Beginner,Wealth Creation,19321445,1162128,18159317,15,Bonds,33.84,16.27,73.15,12.0,45.63,Moderately Conservative
C01248,49,Consultant,1,220677,112694,39293,68690,616605,6508061,10399106,491721,18015493,2383676,15631817,232745,46753390,754,Moderately Conservative,Advanced,Buy House,8143945,2447095,5696850,5,ETF,31.13,17.81,77.8,40.0,60.79,Moderate
C01249,45,Sales Executive,4,85618,37868,13094,34656,492515,2119775,3094441,337112,6043843,1050273,4993570,242769,7427238,803,Conservative,Beginner,Retirement,13593187,1483842,12109345,15,Stocks,40.48,15.29,90.0,7.0,52.65,Moderate
C01250,22,Government Employee,0,49408,19221,2510,27677,168749,217193,0,93915,479857,119834,360023,134099,11445246,704,Moderately Conservative,Intermediate,Child Education,209289,18487,190802,1,Equity MF,56.02,5.08,85.8,32.0,45.0,Moderately Conservative
C01251,38,Consultant,2,119715,38820,11037,69858,329390,7247320,7567654,240835,15385199,1087901,14297298,222017,23498753,701,Moderate,Intermediate,Retirement,11586872,1189049,10397823,22,PPF,58.35,9.22,98.05,55.0,78.68,Moderately Aggressive
C01252,23,Sales Executive,0,61295,24356,0,36939,255268,179131,0,53148,487547,0,487547,93739,6257094,763,Aggressive,Intermediate,Travel,564844,125391,439453,3,FD,60.26,0.0,91.6,90.0,90.88,Aggressive
C01253,25,Government Employee,0,25609,12609,0,13000,90340,184364,0,40143,314847,0,314847,21173,5903832,697,Moderately Aggressive,Intermediate,Wealth Creation,717044,85461,631583,5,Stocks,50.76,0.0,90.4,80.0,85.72,Aggressive
C01254,35,Freelancer,2,62936,36534,11487,14915,318415,694407,5053738,230348,6296908,1503579,4793329,182899,5041270,714,Moderate,Intermediate,Child Education,708067,75707,632360,2,Hybrid MF,23.7,18.25,70.3,52.0,45.0,Moderately Conservative
C01255,50,Doctor,0,130816,46736,0,84080,516058,10613707,10541227,249083,21920075,0,21920075,372760,11545876,793,Conservative,Advanced,Wealth Creation,8958082,3301259,5656823,10,Debt MF,64.27,0.0,93.45,28.0,64.0,Moderate
C01256,30,Software Engineer,0,224106,110161,55722,58223,255974,1543843,17757303,197641,19754761,8260540,11494221,255974,23163748,814,Moderately Aggressive,Intermediate,Retirement,46955545,1080690,45874855,30,Gold,25.98,24.86,66.25,75.0,70.19,Moderately Aggressive
C01257,38,Software Engineer,2,191650,69348,35242,87060,950494,2971559,10977897,195025,15094975,4938664,10156311,330614,28661126,717,Moderately Aggressive,Advanced,Emergency Fund,692889,97658,595231,1,Stocks,45.43,18.39,76.85,71.0,45.0,Moderately Conservative
C01258,22,Business Owner,0,144460,54679,19800,69981,224245,547523,0,141220,912988,701894,211094,220532,18204654,730,Moderate,Intermediate,Emergency Fund,1175562,383266,792296,3,FD,48.44,13.71,74.6,43.0,60.38,Moderate
C01259,61,Software Engineer,1,169719,73866,37624,58229,681717,6813722,10594038,350719,18440196,2579509,15860687,328274,33325204,788,Moderately Conservative,Intermediate,Wealth Creation,6206991,1596310,4610681,5,ETF,34.31,22.17,76.0,40.0,59.8,Moderate
C01260,24,Software Engineer,0,398428,142533,119842,136053,722024,1865680,0,432840,3020544,5322026,-2301482,688758,64159513,692,Conservative,Advanced,Travel,2365205,201561,2163644,2,PPF,34.15,30.08,59.8,23.0,43.24,Moderately Conservative
C01261,37,Sales Executive,2,228956,93870,16760,118326,1035413,5386700,0,716294,7138407,476922,6661485,291515,38368466,745,Moderate,Intermediate,Retirement,34270011,2436055,31833956,23,Bonds,51.68,7.32,98.2,55.0,78.76,Moderately Aggressive
C01262,26,Doctor,1,138512,77944,0,60568,191454,765219,0,118384,1075057,0,1075057,191454,8817160,776,Moderate,Intermediate,Retirement,33033160,535653,32497507,34,Hybrid MF,43.73,0.0,90.85,55.0,74.72,Moderately Aggressive
C01263,36,Doctor,3,202812,91173,0,111639,515166,5360297,14810880,146740,20833083,0,20833083,191844,35043080,719,Moderately Aggressive,Advanced,Retirement,36515343,3752207,32763136,24,Debt MF,55.05,0.0,94.35,83.0,89.24,Aggressive
C01264,42,Accountant,2,123953,55920,13602,54431,781005,4420698,4591223,242720,10035646,1121293,8914353,391802,10921232,730,Moderate,Intermediate,Wealth Creation,16843189,3094488,13748701,15,FD,43.91,10.97,93.45,60.0,78.4,Moderately Aggressive
C01265,25,Freelancer,1,94677,47052,20088,27537,139768,368772,0,100454,608994,605009,3985,136985,18260187,752,Moderately Aggressive,Intermediate,Retirement,17367890,258140,17109750,35,FD,29.09,21.22,61.0,75.0,67.3,Moderate
C01266,39,Government Employee,2,121312,51155,0,70157,641950,4711031,5595259,259890,11208130,0,11208130,256814,10670150,670,Aggressive,Intermediate,Wealth Creation,4471656,440849,4030807,7,Hybrid MF,57.83,0.0,92.3,95.0,93.52,Aggressive
C01267,27,Accountant,1,65535,35018,17168,13349,275828,383164,0,138418,797410,239262,558148,215222,9969571,760,Conservative,Intermediate,Wealth Creation,7821513,268214,7553299,15,ETF,20.37,26.2,75.7,20.0,50.64,Moderate
C01268,26,Designer,2,52842,20030,8104,24708,110356,329840,0,75403,515599,308174,207425,110356,6784212,788,Moderate,Advanced,Retirement,6970828,230887,6739941,34,Bonds,46.76,15.34,82.85,63.0,73.92,Moderately Aggressive
C01269,26,Data Scientist,2,145174,64004,18140,63030,731296,1441486,0,226984,2399766,440707,1959059,189542,9861979,749,Moderately Aggressive,Advanced,Wealth Creation,15995723,1009040,14986683,20,Bonds,43.42,12.5,92.85,88.0,90.67,Aggressive
C01270,41,Teacher,3,87275,29620,24868,32787,356722,4212895,0,237336,4806953,380496,4426457,91945,7892818,790,Moderate,Beginner,Child Education,2335691,915108,1420583,7,Hybrid MF,37.57,28.49,79.0,44.0,63.25,Moderate
C01271,28,Consultant,1,121676,44221,20808,56647,310791,1189521,0,217437,1717749,918714,799035,310791,16463397,829,Conservative,Intermediate,Wealth Creation,17196195,832664,16363531,20,PPF,46.56,17.1,86.55,20.0,56.6,Moderate
C01272,65,Bank Employee,0,323744,129475,89560,104709,262049,15964355,0,203693,16430097,1778820,14651277,262049,49672558,780,Moderate,Intermediate,Retirement,35826156,3773175,32052981,1,ETF,32.34,27.66,60.8,55.0,45.0,Moderately Conservative
C01273,40,Bank Employee,2,51599,23136,0,28463,119398,1535379,2736573,76096,4467446,0,4467446,119398,11576649,761,Conservative,Intermediate,Retirement,5958552,1074765,4883787,20,Equity MF,55.16,0.0,93.75,15.0,58.31,Moderate
C01274,25,Bank Employee,0,154627,69967,0,84660,400614,1245710,0,282814,1929138,0,1929138,164697,12727221,800,Moderately Aggressive,Advanced,Wealth Creation,17904197,871997,17032200,15,ETF,54.75,0.0,96.0,88.0,92.4,Aggressive
C01275,36,Doctor,2,176556,87584,44315,44657,639820,2172030,13289797,351172,16452819,3142689,13310130,291297,41731546,668,Moderately Aggressive,Advanced,Retirement,25103409,1520421,23582988,24,PPF,25.29,25.1,73.35,83.0,77.69,Moderately Aggressive
C01276,61,Sales Executive,0,192370,79668,27125,85577,590311,23082050,0,142025,23814386,1088427,22725959,365481,34298002,659,Conservative,Intermediate,Emergency Fund,651224,183070,468154,1,Debt MF,44.49,14.1,75.4,3.0,42.82,Moderately Conservative
C01277,24,Software Engineer,0,57232,34047,14003,9182,426752,57769,0,316027,800548,340357,460191,36107,8760140,685,Moderately Aggressive,Intermediate,Wealth Creation,6932895,40438,6892457,15,Debt MF,16.04,24.47,71.0,80.0,75.05,Moderately Aggressive
C01278,21,Software Engineer,0,125710,56438,0,69272,216267,306168,0,70999,593434,0,593434,57421,9171013,831,Moderately Aggressive,Intermediate,Wealth Creation,10460375,214317,10246058,10,ETF,55.1,0.0,88.2,80.0,84.51,Aggressive
C01279,54,Teacher,2,82389,42240,18245,21904,558647,5341383,6454031,302048,12656109,1372317,11283792,150711,11556356,753,Moderately Aggressive,Advanced,Buy House,2343420,233837,2109583,5,PPF,26.59,22.14,72.05,80.0,75.63,Moderately Aggressive
C01280,55,Sales Executive,1,112257,55483,35114,21660,631520,1525109,6816877,505067,9478573,6107163,3371410,98959,11578596,721,Moderately Conservative,Advanced,Wealth Creation,20341742,1067576,19274166,20,FD,19.3,31.28,63.5,48.0,56.53,Moderate
C01281,56,Accountant,0,127947,49834,27171,50942,197656,5807404,10196336,112068,16313464,3835977,12477487,51864,19165531,772,Conservative,Intermediate,Child Education,1725748,641580,1084168,3,Gold,39.81,21.24,61.95,12.0,39.47,Moderately Conservative
C01282,65,Doctor,1,233182,93493,30170,109519,805931,29976218,0,298278,31080427,935544,30144883,540041,19246998,830,Moderately Conservative,Intermediate,Child Education,6727101,760349,5966752,10,FD,46.97,12.94,87.2,32.0,62.36,Moderate
C01283,53,Data Scientist,2,366268,151979,0,214289,905903,24177371,22217872,191360,47492506,0,47492506,589871,62815242,735,Moderately Conservative,Intermediate,Emergency Fund,5557213,1724120,3833093,3,Debt MF,58.51,0.0,83.4,23.0,56.22,Moderate
C01284,38,Software Engineer,2,210444,70620,51332,88492,784625,10928356,0,366752,12079733,1385676,10694057,298246,37620461,723,Moderately Aggressive,Intermediate,Emergency Fund,7049368,924599,6124769,7,Gold,42.05,24.39,84.45,63.0,74.8,Moderately Aggressive
C01285,28,Government Employee,0,35513,18226,4793,12494,91601,287320,0,43798,422719,148908,273811,91601,7913877,786,Moderately Aggressive,Intermediate,Wealth Creation,4581713,201124,4380589,15,ETF,35.18,13.5,80.55,80.0,80.3,Moderately Aggressive
C01286,56,Designer,0,158114,44929,30447,82738,472394,6614829,7689688,145002,14921913,4384330,10537583,111060,31688492,732,Moderately Conservative,Beginner,Buy House,21440119,2341901,19098218,15,FD,52.33,19.26,85.35,24.0,57.74,Moderate
C01287,32,Software Engineer,1,94050,50239,9876,33935,243988,1959196,0,174697,2377881,446368,1931513,243988,8622107,758,Moderately Conservative,Intermediate,Wealth Creation,7688780,1371437,6317343,15,PPF,36.08,10.5,82.95,40.0,63.62,Moderate
C01288,58,Business Owner,0,319193,145964,0,173229,531063,44063065,16255740,153919,61003787,0,61003787,531063,19842264,748,Moderately Aggressive,Intermediate,Retirement,53608208,13768233,39839975,2,ETF,54.27,0.0,79.85,75.0,45.0,Moderately Conservative
C01289,22,Government Employee,0,94201,48716,14494,30991,603370,121889,0,481409,1206668,558511,648157,338891,7325164,722,Moderate,Beginner,Wealth Creation,5110224,85322,5024902,10,Debt MF,32.9,15.39,82.2,52.0,68.61,Moderately Aggressive
C01290,28,Teacher,0,88430,52037,19419,16974,638705,353103,0,354030,1345838,875203,470635,113464,16235600,701,Moderately Aggressive,Advanced,Retirement,21206094,247172,20958922,32,Debt MF,19.19,21.96,67.55,83.0,74.5,Moderately Aggressive
C01291,65,Software Engineer,2,263747,141332,165206,0,1588308,10000,21208573,435880,23242761,22425383,817378,915668,26804809,686,Moderate,Intermediate,Wealth Creation,10417428,7000,10410428,5,Stocks,0.0,62.64,33.4,60.0,45.37,Moderately Conservative
C01292,24,Teacher,0,60325,18776,0,41549,247977,695505,0,133000,1076482,0,1076482,61827,10567895,810,Conservative,Beginner,Retirement,5854051,307686,5546365,36,FD,68.88,0.0,100.0,7.0,58.15,Moderate
C01293,30,Teacher,0,81357,41593,18276,21488,139320,1257283,5914002,57900,7368505,1670141,5698364,73989,8901543,731,Conservative,Advanced,Buy House,15057936,880098,14177838,20,Bonds,26.41,22.46,69.25,20.0,47.09,Moderately Conservative
C01294,44,Teacher,3,179250,77275,11993,89982,755027,18923041,14596822,428308,34703198,1885679,32817519,174059,26891061,826,Moderately Conservative,Intermediate,Retirement,32100318,7323762,24776556,16,PPF,50.2,6.69,97.15,35.0,69.18,Moderately Aggressive
C01295,41,Designer,1,111990,51891,23301,36798,373434,1853574,0,243871,2470879,800909,1669970,265389,16885469,724,Conservative,Beginner,Wealth Creation,15479982,1297501,14182481,15,Equity MF,32.86,20.81,78.6,12.0,48.63,Moderate
C01296,21,Software Engineer,0,124966,64483,78310,0,828816,10000,0,263746,1102562,2012629,-910067,125250,24930222,644,Conservative,Intermediate,Higher Education,1845450,7000,1838450,2,Hybrid MF,0.0,62.67,33.8,12.0,23.99,Conservative
C01297,23,Sales Executive,0,74574,35035,0,39539,82393,75768,0,34966,193127,0,193127,82393,17708677,803,Moderately Aggressive,Intermediate,Wealth Creation,9612175,53037,9559138,15,Stocks,53.02,0.0,91.0,80.0,86.05,Aggressive
C01298,25,Software Engineer,1,146225,65919,0,80306,153005,1105535,0,60404,1318944,0,1318944,153005,15542848,767,Moderate,Intermediate,Wealth Creation,8771912,773874,7998038,7,Debt MF,54.92,0.0,85.4,60.0,73.97,Moderately Aggressive
C01299,25,Teacher,1,56782,26705,5105,24972,116000,258485,0,68453,442938,197047,245891,116000,7357645,771,Moderately Conservative,Beginner,Higher Education,739061,180939,558122,3,Debt MF,43.98,8.99,81.6,24.0,55.68,Moderate
C01300,56,Business Owner,0,203412,75658,61804,65950,797532,4471212,15136963,359110,20764817,10506186,10258631,98131,41575897,739,Moderately Conservative,Beginner,Wealth Creation,13119402,3129848,9989554,10,FD,32.42,30.38,66.55,32.0,51.0,Moderate
C01301,39,Government Employee,2,116517,71800,24185,20532,548830,1406320,9730973,157778,11843901,3026075,8817826,507315,16491851,734,Aggressive,Intermediate,Child Education,8729009,561776,8167233,10,Stocks,17.62,20.76,69.1,87.0,77.16,Moderately Aggressive
C01302,25,Freelancer,0,63606,36868,7266,19472,315674,387807,0,155362,858843,210070,648773,264673,13791444,722,Aggressive,Intermediate,Child Education,3173329,271464,2901865,7,Bonds,30.61,11.42,82.4,87.0,84.47,Aggressive
C01303,30,Bank Employee,2,82469,41369,26027,15073,158717,435367,0,31829,625913,932494,-306581,85174,19560520,764,Moderately Aggressive,Beginner,Buy House,4043559,304756,3738803,7,PPF,18.28,31.56,49.65,64.0,56.11,Moderate
C01304,37,Business Owner,2,149509,87199,11753,50557,462154,4485354,7371445,280781,12599734,1476295,11123439,462154,13213854,763,Moderately Aggressive,Intermediate,Wealth Creation,8243523,1359124,6884399,10,ETF,33.82,7.86,86.4,80.0,83.52,Moderately Aggressive
C01305,34,Sales Executive,1,72088,30466,11733,29889,418398,1817493,0,234288,2470179,354950,2115229,147886,12786631,786,Moderately Conservative,Intermediate,Child Education,1962947,576039,1386908,7,Stocks,41.46,16.28,89.05,32.0,63.38,Moderate
C01306,26,Data Scientist,1,117400,41574,7760,68066,239750,1390808,0,189174,1819732,151720,1668012,166860,27683697,738,Aggressive,Intermediate,Retirement,12551150,973565,11577585,34,Equity MF,57.98,6.61,95.85,90.0,93.22,Aggressive
C01307,33,Freelancer,0,123837,48677,9559,65601,190032,2824211,8019648,79228,11113119,1382907,9730212,190032,27926309,768,Conservative,Beginner,Buy House,16305491,1976947,14328544,20,Gold,52.97,7.72,94.8,4.0,53.94,Moderate
C01308,26,Business Owner,1,91315,47329,10655,33331,95664,971758,0,71709,1139131,322932,816199,48311,9076424,728,Moderately Aggressive,Advanced,Wealth Creation,4513138,680230,3832908,10,Equity MF,36.5,11.67,76.05,88.0,81.43,Moderately Aggressive
C01309,62,Government Employee,0,104963,55758,5324,43881,732850,6868655,6904539,171268,14677312,643296,14034016,204671,15280124,667,Moderately Aggressive,Beginner,Wealth Creation,18141879,4808058,13333821,20,Debt MF,41.81,5.07,94.45,72.0,84.35,Aggressive
C01310,27,Consultant,0,99501,46185,27434,25882,612922,701463,0,372639,1687024,396750,1290274,280865,16057067,770,Moderately Conservative,Beginner,Retirement,15604789,491024,15113765,33,Stocks,26.01,27.57,78.7,27.0,55.44,Moderate
C01311,42,Accountant,2,63726,37782,0,25944,474350,3393944,0,134452,4002746,0,4002746,96632,10009324,704,Moderate,Beginner,Travel,532928,177045,355883,2,Gold,40.71,0.0,86.25,47.0,45.0,Moderately Conservative
C01312,48,Software Engineer,2,128278,46176,17478,64624,273791,7726762,6968794,59823,15029170,2782413,12246757,156307,13427002,807,Moderate,Advanced,Retirement,14521637,3366535,11155102,12,Bonds,50.38,13.63,85.55,63.0,75.4,Moderately Aggressive
C01313,28,Software Engineer,0,160510,73952,13401,73157,747406,1829694,0,227336,2804436,379450,2424986,468665,11843545,731,Moderately Aggressive,Intermediate,Wealth Creation,8032286,1280785,6751501,10,PPF,45.58,8.35,96.75,80.0,89.21,Aggressive
C01314,49,Data Scientist,2,145828,79808,0,66020,669438,13957259,7294074,161806,22082577,0,22082577,570977,24339015,721,Moderately Aggressive,Intermediate,Retirement,20180886,5576786,14604100,11,Bonds,45.27,0.0,93.6,75.0,85.23,Aggressive
C01315,54,Consultant,1,210367,120610,14337,75420,1059834,5437677,9739593,286037,16523141,1798849,14724292,848535,38564889,717,Moderate,Advanced,Retirement,35730725,3806373,31924352,6,PPF,35.85,6.82,85.05,63.0,75.13,Moderately Aggressive
C01316,41,Software Engineer,3,220140,101810,59130,59200,1338177,2525763,0,353651,4217591,2293128,1924463,514701,27401798,747,Conservative,Beginner,Retirement,25866382,1768034,24098348,19,Bonds,26.89,26.86,70.6,7.0,41.98,Moderately Conservative
C01317,30,Accountant,1,62980,25425,8370,29185,147086,1803113,3832617,80544,5863360,685828,5177532,47432,14815933,752,Aggressive,Advanced,Wealth Creation,3257764,1034942,2222822,7,FD,46.34,13.29,85.65,100.0,92.11,Aggressive
C01318,22,Government Employee,0,89952,45176,7358,37418,129119,151825,0,41125,322069,168657,153412,64428,15780824,659,Moderately Conservative,Beginner,Retirement,13039113,106277,12932836,38,ETF,41.6,8.18,82.0,27.0,57.25,Moderate
C01319,39,Doctor,2,77770,35959,21162,20649,258482,1005744,4921353,67617,6253196,1782804,4470392,95030,10880521,739,Aggressive,Advanced,Wealth Creation,2568120,400167,2167953,5,Debt MF,26.55,27.21,67.3,100.0,82.02,Moderately Aggressive
C01320,54,Government Employee,1,92193,55768,17653,18772,111885,1028117,4960518,42896,6143416,1391004,4752412,111885,21631488,720,Moderate,Intermediate,Buy House,17691912,719681,16972231,20,ETF,20.36,19.15,69.65,52.0,61.71,Moderate
C01321,65,Government Employee,1,112363,53369,17210,41784,172479,6810197,0,54732,7037408,623879,6413529,172479,11668257,766,Moderate,Beginner,Child Education,507784,186362,321422,1,ETF,37.19,15.32,69.8,44.0,45.0,Moderately Conservative
C01322,59,Data Scientist,1,450000,184437,133865,131698,378634,28956032,0,197596,29532262,5497877,24034385,378634,62852723,713,Conservative,Intermediate,Retirement,78998619,7895322,71103297,1,Gold,29.27,29.75,53.7,15.0,36.29,Moderately Conservative
C01323,42,Bank Employee,2,43168,19202,8185,15781,135494,2205785,0,59046,2400325,325812,2074513,53630,8047625,689,Moderately Aggressive,Beginner,Retirement,8285748,1544049,6741699,18,FD,36.56,18.96,84.45,67.0,76.6,Moderately Aggressive
C01324,29,Software Engineer,0,123959,40547,25786,57626,258237,2361451,0,164697,2784385,984914,1799471,161039,19568182,748,Moderately Conservative,Intermediate,Child Education,1040634,105013,935621,2,PPF,46.49,20.8,70.2,32.0,45.0,Moderately Conservative
C01325,30,Doctor,1,167099,62970,28463,75666,484406,1426213,7320354,278651,9509624,2455101,7054523,249591,28716623,747,Conservative,Beginner,Travel,696423,196341,500082,1,PPF,45.28,17.03,77.05,7.0,45.0,Moderately Conservative
C01326,30,Software Engineer,1,218541,84000,52454,82087,476515,2757914,12091305,292546,15618280,9060013,6558267,476515,23591949,726,Moderately Aggressive,Beginner,Retirement,25833996,1930539,23903457,30,Hybrid MF,37.56,24.0,73.25,67.0,70.44,Moderately Aggressive
C01327,65,Government Employee,0,264272,130779,76635,56858,1122561,8591048,0,464340,10177949,1424133,8753816,323519,40330924,723,Conservative,Intermediate,Child Education,2154378,709759,1444619,2,PPF,21.51,29.0,60.8,12.0,38.84,Moderately Conservative
C01328,27,Teacher,1,73830,43886,23390,6554,555198,246685,0,164304,966187,759036,207151,296233,4944584,639,Moderate,Beginner,Retirement,13293191,172679,13120512,33,Gold,8.88,31.68,62.7,47.0,55.64,Moderate
C01329,28,Freelancer,2,80410,41239,18337,20834,488181,1083090,0,345173,1916444,405680,1510764,165959,12994523,787,Conservative,Beginner,Wealth Creation,10752659,758163,9994496,20,Gold,25.91,22.8,78.55,12.0,48.6,Moderate
C01330,34,Business Owner,0,127011,46775,11097,69139,124734,3110434,8057650,83576,11376394,1313484,10062910,124734,11108400,670,Conservative,Beginner,Retirement,18859633,2177303,16682330,26,Debt MF,54.44,8.74,89.65,7.0,52.46,Moderate
C01331,33,Sales Executive,2,153158,67519,48058,37581,759439,3684265,0,269294,4712998,836666,3876332,329524,35493802,678,Moderately Conservative,Intermediate,Wealth Creation,10097890,1166003,8931887,7,Stocks,24.54,31.38,72.2,40.0,57.71,Moderate
C01332,55,Sales Executive,0,215590,105079,58145,52366,1121730,12097708,18057362,332733,31609533,7648165,23961368,288340,19485014,788,Moderately Conservative,Intermediate,Wealth Creation,12246334,937170,11309164,7,Bonds,24.29,26.97,68.9,40.0,55.9,Moderate
C01333,33,Teacher,1,88144,47229,20350,20565,181631,1266614,0,118689,1566934,816697,750237,181631,12876836,703,Moderate,Beginner,Higher Education,420074,55125,364949,1,FD,23.33,23.09,56.6,44.0,45.0,Moderately Conservative
C01334,25,Teacher,0,80325,36200,25317,18808,244071,212526,0,192851,649448,534625,114823,42221,12229024,683,Moderately Conservative,Intermediate,Retirement,13211544,148768,13062776,35,Hybrid MF,23.41,31.52,69.0,35.0,53.7,Moderate
C01335,30,Accountant,1,63252,33893,0,29359,107506,647775,0,58609,813890,0,813890,107506,6769286,764,Moderate,Beginner,Retirement,12639068,453442,12185626,30,Hybrid MF,46.42,0.0,95.25,47.0,73.54,Moderately Aggressive
C01336,42,Accountant,1,98655,35572,0,63083,166933,3967549,5934443,63633,10132558,0,10132558,161628,10849451,759,Moderate,Intermediate,Child Education,1455618,158487,1297131,3,Debt MF,63.94,0.0,85.05,52.0,70.18,Moderately Aggressive
C01337,41,Bank Employee,2,130810,57568,0,73242,508448,5723840,7436724,146254,13815266,0,13815266,226968,14507517,715,Conservative,Intermediate,Emergency Fund,642869,199784,443085,1,PPF,55.99,0.0,86.4,3.0,45.0,Moderately Conservative
C01338,52,Freelancer,2,120967,48744,20300,51923,652971,2713250,7818033,176643,11360897,3259870,8101027,118153,28727322,747,Moderately Conservative,Intermediate,Buy House,6408157,1899274,4508883,7,ETF,42.92,16.78,80.35,32.0,58.59,Moderate
C01339,39,Business Owner,1,209122,106366,19425,83331,596962,3628016,16123108,330374,20678460,1963361,18715099,498361,22383668,710,Aggressive,Advanced,Wealth Creation,22931586,2539611,20391975,15,PPF,39.85,9.29,88.9,100.0,93.9,Aggressive
C01340,25,Software Engineer,0,120057,61238,8987,49832,461523,1111071,0,284674,1857268,126549,1730719,275603,28616067,737,Moderate,Intermediate,Wealth Creation,6988751,777749,6211002,10,FD,41.51,7.49,97.2,60.0,80.46,Moderately Aggressive
C01341,31,Business Owner,2,52613,25742,0,26871,61399,2158182,2518793,35026,4773400,0,4773400,49692,3840023,750,Moderate,Intermediate,Wealth Creation,2229230,502397,1726833,5,Hybrid MF,51.07,0.0,84.5,60.0,73.47,Moderately Aggressive
C01342,52,Software Engineer,0,335149,169311,0,165838,2076325,34059410,21456526,1358787,58951048,0,58951048,472513,51944657,722,Moderate,Advanced,Higher Education,6277670,1152173,5125497,5,PPF,49.48,0.0,90.35,60.0,76.69,Moderately Aggressive
C01343,39,Software Engineer,2,107640,47540,9989,50111,274930,3496685,8792705,97650,12661970,1189900,11472070,274930,15682097,666,Moderately Aggressive,Intermediate,Wealth Creation,8815309,2447679,6367630,15,Bonds,46.55,9.28,93.9,80.0,87.65,Aggressive
C01344,40,Data Scientist,2,119260,56812,65007,0,187185,10000,0,72835,270020,2321325,-2051305,187185,28323295,654,Moderately Conservative,Beginner,Wealth Creation,8299718,7000,8292718,10,Debt MF,0.0,54.51,35.95,32.0,34.17,Moderately Conservative
C01345,31,Doctor,1,175080,70762,23496,80822,500546,6220017,0,345244,7065807,1119178,5946629,441647,11577579,720,Moderate,Intermediate,Emergency Fund,1118582,263851,854731,2,Equity MF,46.16,13.42,83.9,43.0,45.0,Moderately Conservative
C01346,31,Sales Executive,1,89388,41556,27474,20358,115826,882547,4215238,88101,5301712,4139531,1162181,115826,5461450,726,Moderately Conservative,Intermediate,Retirement,14699384,617782,14081602,29,PPF,22.77,30.74,63.1,35.0,50.46,Moderate
C01347,64,Teacher,0,272496,109494,40181,122821,766772,28635313,0,497706,29899791,1062160,28837631,659046,23290446,708,Conservative,Beginner,Buy House,35755706,11315668,24440038,20,Equity MF,45.07,14.75,90.15,4.0,51.38,Moderate
C01348,50,Teacher,0,113651,63342,26961,23348,602108,2086167,4501810,272203,7462288,3617652,3844636,413088,23396506,850,Moderately Conservative,Advanced,Wealth Creation,2841132,238676,2602456,5,FD,20.54,23.72,66.65,48.0,58.26,Moderate
C01349,52,Teacher,0,72062,32825,16964,22273,414834,1602577,3217336,259958,5494705,2474063,3020642,155692,4391942,758,Conservative,Advanced,Retirement,13502994,1121803,12381191,8,Debt MF,30.91,23.54,74.15,23.0,51.13,Moderate
C01350,33,Business Owner,1,109714,51132,20614,37968,201500,1475159,6164638,147639,7988936,2552626,5436310,201500,10021936,729,Conservative,Beginner,Buy House,7998404,412835,7585569,10,Gold,34.61,18.79,77.0,4.0,44.15,Moderately Conservative
C01351,21,Software Engineer,0,86741,31836,0,54905,356749,249228,0,218506,824483,0,824483,76343,17019554,755,Conservative,Beginner,Retirement,11645093,174459,11470634,39,Hybrid MF,63.3,0.0,100.0,7.0,58.15,Moderate
C01352,25,Software Engineer,0,164808,65867,30345,68596,162002,368677,0,51840,582519,667909,-85390,143998,17361700,725,Moderately Conservative,Beginner,Retirement,20210160,258073,19952087,35,Hybrid MF,41.62,18.41,75.0,27.0,53.4,Moderate
C01353,64,Freelancer,2,148698,64385,14190,70123,194630,17203331,8069990,50619,25518570,2171036,23347534,194630,11949224,773,Moderately Conservative,Advanced,Wealth Creation,7791196,2413724,5377472,7,ETF,47.16,9.54,84.55,48.0,68.1,Moderately Aggressive
C01354,59,Accountant,1,160947,64180,12398,84369,291610,12343720,7505501,148592,20289423,1700920,18588503,291610,15782931,706,Moderate,Beginner,Retirement,17560353,5957857,11602496,1,ETF,52.42,7.7,79.7,47.0,45.0,Moderately Conservative
C01355,64,Freelancer,0,81849,26091,8821,46937,146384,9481736,2993695,114396,12736211,1092743,11643468,146384,8709830,757,Conservative,Intermediate,Travel,1119359,174070,945289,7,Debt MF,57.35,10.78,80.55,15.0,51.05,Moderate
C01356,58,Government Employee,1,268689,108226,41400,119063,361009,20641295,13800441,158460,34961205,2953553,32007652,361009,44332146,705,Conservative,Beginner,Child Education,1467295,194687,1272608,1,Bonds,44.31,15.41,75.85,4.0,43.52,Moderately Conservative
C01357,49,Business Owner,3,204937,126413,38533,39991,906602,8127140,10408835,484353,19926930,4666373,15260557,584873,41664392,777,Moderately Aggressive,Intermediate,Wealth Creation,6807424,2058771,4748653,5,Hybrid MF,19.51,18.8,64.8,80.0,71.64,Moderately Aggressive
C01358,30,Designer,0,96544,41578,10379,44587,392062,1580420,0,80443,2052925,368108,1684817,225151,14788401,789,Moderate,Beginner,Wealth Creation,5626077,1106294,4519783,10,Bonds,46.18,10.75,89.45,52.0,72.6,Moderately Aggressive
C01359,58,Freelancer,0,122344,54559,18216,49569,755760,3469754,7222202,543514,11991230,1870889,10120341,348095,22228208,780,Moderately Aggressive,Beginner,Higher Education,4052177,537330,3514847,7,Equity MF,40.52,14.89,85.45,64.0,75.8,Moderately Aggressive
C01360,23,Business Owner,0,129656,71769,19939,37948,1000368,78833,0,229353,1308554,534036,774518,132790,30621118,785,Moderately Conservative,Beginner,Wealth Creation,4840621,55183,4785438,5,Hybrid MF,29.27,15.38,74.4,32.0,55.32,Moderate
C01361,51,Government Employee,0,95134,39427,9170,46537,100433,2672423,5964251,41665,8778772,1039818,7738954,100433,16994577,688,Moderate,Advanced,Higher Education,5424291,367936,5056355,10,FD,48.92,9.64,84.3,60.0,73.37,Moderately Aggressive
C01362,21,Bank Employee,0,104768,45807,0,58961,440843,272329,0,321261,1034433,0,1034433,219249,13705247,794,Moderately Conservative,Intermediate,Higher Education,4058263,190630,3867633,7,Bonds,56.28,0.0,94.4,32.0,66.32,Moderate
C01363,33,Government Employee,2,66679,27205,10292,29182,284784,1559847,4662915,131117,6638663,990607,5648056,145486,15275799,789,Conservative,Beginner,Child Education,391228,38802,352426,1,ETF,43.76,15.44,83.6,4.0,45.0,Moderately Conservative
C01364,34,Freelancer,1,68846,31684,4364,32798,103082,796115,5348663,52219,6300079,372117,5927962,103082,8596519,651,Moderately Aggressive,Intermediate,Retirement,9755128,557280,9197848,26,Gold,47.64,6.34,94.65,75.0,85.81,Aggressive
C01365,45,Software Engineer,1,91416,35930,14785,40701,142388,3200540,0,56787,3399715,363890,3035825,142388,17131252,771,Conservative,Beginner,Travel,339140,98119,241021,1,Bonds,44.52,16.17,77.8,7.0,45.0,Moderately Conservative
C01366,26,Sales Executive,0,133243,45868,38798,48577,556175,838451,0,398958,1793584,1391360,402224,209204,15490425,695,Moderate,Intermediate,Travel,4494592,586915,3907677,7,Hybrid MF,36.46,29.12,72.25,55.0,64.49,Moderate
C01367,32,Business Owner,1,108258,52091,30248,25919,678763,1091193,6331235,335529,8436720,3484245,4952475,357462,12700603,683,Moderately Aggressive,Beginner,Buy House,2711922,256071,2455851,5,Hybrid MF,23.94,27.94,69.35,64.0,66.94,Moderate
C01368,56,Designer,0,136078,66317,41772,27989,481063,4444972,0,353328,5279363,1504372,3774991,464024,10251680,758,Moderate,Advanced,Buy House,18998840,3111480,15887360,20,Hybrid MF,20.57,30.7,74.35,60.0,67.89,Moderate
C01369,31,Sales Executive,1,54046,20089,15964,17993,116005,1079321,2447617,75223,3718166,1211727,2506439,45141,10624150,768,Moderate,Beginner,Emergency Fund,655018,57830,597188,3,Bonds,33.29,29.54,67.7,35.0,52.99,Moderate
C01370,48,Government Employee,2,144981,57205,0,87776,642182,6417556,12157647,209614,19426999,0,19426999,319643,32888354,805,Moderately Conservative,Advanced,Emergency Fund,2214831,626616,1588215,5,Debt MF,60.54,0.0,90.95,31.0,63.97,Moderate
C01371,62,Designer,0,201465,76846,43234,81385,462450,12112761,0,220660,12795871,1647640,11148231,85714,14789660,763,Moderate,Beginner,Wealth Creation,19439065,3036451,16402614,20,Equity MF,40.4,21.46,82.45,52.0,68.75,Moderately Aggressive
C01372,36,Freelancer,2,63526,20827,16021,26678,110718,1157057,3532518,83984,4884277,1133393,3750884,110570,7724378,728,Moderately Conservative,Intermediate,Travel,350302,102530,247772,2,Gold,42.0,25.22,72.15,35.0,45.0,Moderately Conservative
C01373,51,Software Engineer,0,195930,70966,17608,107356,183582,8742185,10626888,58602,19611257,1226469,18384788,183582,38042236,766,Moderately Conservative,Beginner,Wealth Creation,18276793,3762777,14514016,10,FD,54.79,8.99,84.3,32.0,60.77,Moderate
C01374,37,Doctor,3,143891,49612,0,94279,115672,4478906,11015798,55470,15665846,0,15665846,115672,23023846,741,Moderately Aggressive,Advanced,Buy House,25776079,3135234,22640845,20,Hybrid MF,65.52,0.0,89.2,80.0,85.06,Aggressive
C01375,25,Freelancer,0,136842,73302,43332,20208,647285,380613,0,320848,1348746,1154447,194299,388740,24409699,771,Conservative,Intermediate,Buy House,7635599,266429,7369170,7,Equity MF,14.77,31.67,59.4,12.0,38.07,Moderately Conservative
C01376,32,Business Owner,1,219850,93503,37153,89194,745437,2456670,15425410,210937,18838454,6358262,12480192,295069,35946468,730,Moderately Aggressive,Advanced,Wealth Creation,22285130,1719669,20565461,20,PPF,40.57,16.9,84.95,88.0,86.32,Aggressive
C01377,24,Data Scientist,0,44621,22002,8695,13924,205856,152010,0,71820,429686,178910,250776,164765,4562646,780,Aggressive,Intermediate,Emergency Fund,274413,69659,204754,1,PPF,31.21,19.49,73.8,78.0,45.0,Moderately Conservative
C01378,41,Software Engineer,3,128155,65236,25353,37566,338700,3176490,7822251,131085,11468526,4522583,6945943,97069,20826932,739,Moderate,Advanced,Emergency Fund,4252871,422209,3830662,5,FD,29.31,19.78,68.0,51.0,60.35,Moderate
C01379,31,Teacher,2,88345,35541,22680,30124,214930,1851650,4574237,170079,6810896,3744307,3066589,109282,13378111,743,Moderate,Intermediate,Wealth Creation,3044357,1038200,2006157,7,Bonds,34.1,25.67,67.5,60.0,64.12,Moderate
C01380,52,Software Engineer,0,95186,38446,0,56740,377866,8641364,6000432,236218,15255880,0,15255880,195851,17438379,784,Moderate,Intermediate,Travel,618436,190550,427886,2,FD,59.61,0.0,84.75,55.0,45.0,Moderately Conservative
C01381,58,Doctor,0,172284,67086,39590,65608,768585,9627742,8348386,584650,19329363,4855011,14474352,148544,18795808,656,Conservative,Advanced,Wealth Creation,8144085,2694892,5449193,5,Debt MF,38.08,22.98,73.45,28.0,53.0,Moderate
C01382,44,Government Employee,4,115724,44752,9185,61787,385489,10555519,9504037,207221,20652266,1172038,19480228,340333,26302101,720,Moderately Aggressive,Intermediate,Child Education,767977,254463,513514,2,ETF,53.39,7.94,85.95,72.0,45.0,Moderately Conservative
C01383,62,Business Owner,0,121625,47597,33287,40741,126456,6156693,8537696,31427,14852272,5857077,8995195,109854,15114368,779,Moderately Conservative,Intermediate,Wealth Creation,4588126,963814,3624312,5,Gold,33.5,27.37,60.85,40.0,51.47,Moderate
C01384,51,Accountant,2,130377,57761,37694,34922,487140,6096982,0,191468,6775590,570965,6204625,123299,15780474,702,Conservative,Beginner,Child Education,1086291,66267,1020024,2,FD,26.79,28.91,62.9,4.0,36.39,Moderately Conservative
C01385,35,Sales Executive,1,90018,46496,8904,34618,183781,3298805,7424267,44045,10950898,1421493,9529405,183781,5487805,716,Moderately Conservative,Beginner,Retirement,15248557,2309163,12939394,25,Hybrid MF,38.46,9.89,89.5,27.0,61.38,Moderate
C01386,52,Software Engineer,1,96715,37095,14813,44807,400183,7558073,0,287885,8246141,643738,7602403,260593,8469371,740,Moderate,Intermediate,Wealth Creation,4377005,860606,3516399,7,Stocks,46.33,15.32,86.35,60.0,74.49,Moderately Aggressive
C01387,21,Government Employee,0,29686,13202,7071,9413,46413,21838,0,9619,77870,202448,-124578,46413,5102702,803,Moderately Conservative,Beginner,Buy House,4027339,15286,4012053,20,PPF,31.71,23.82,71.0,24.0,49.85,Moderate
C01388,60,Doctor,0,376652,150124,83348,143180,435125,15171603,24819066,243198,40668992,13388870,27280122,435125,61776741,737,Moderately Conservative,Advanced,Wealth Creation,16855658,3003977,13851681,7,Stocks,38.01,22.13,61.15,48.0,55.23,Moderate
C01389,23,Freelancer,0,151778,43818,22840,85120,98896,226022,0,48332,373250,950518,-577268,98896,16787979,676,Moderately Conservative,Beginner,Wealth Creation,20069175,158215,19910960,15,Bonds,56.08,15.05,75.0,32.0,55.65,Moderate
C01390,39,Accountant,2,94584,37586,15101,41897,243948,2420357,5565194,174981,8404480,2675820,5728660,243948,8603049,726,Moderately Conservative,Beginner,Buy House,2326814,556946,1769868,5,FD,44.3,15.97,82.3,24.0,56.06,Moderate
C01391,24,Teacher,0,40925,16122,12169,12634,123421,212403,0,57633,393457,393127,330,52217,3630230,782,Moderately Conservative,Beginner,Retirement,5901361,148682,5752679,36,Debt MF,30.87,29.73,71.0,27.0,51.2,Moderate
C01392,26,Software Engineer,1,127224,70112,32577,24535,847559,309337,0,203352,1360248,545778,814470,283059,19782215,678,Moderate,Intermediate,Higher Education,8624538,216535,8408003,10,PPF,19.28,25.61,68.05,52.0,60.83,Moderate
C01393,59,Sales Executive,1,146476,61804,0,84672,837768,10697391,6506539,330050,18371748,0,18371748,372032,25744171,783,Moderate,Intermediate,Wealth Creation,8929084,2520570,6408514,10,Debt MF,57.81,0.0,92.1,60.0,77.66,Moderately Aggressive
C01394,33,Doctor,1,124469,46439,18815,59215,125185,4011388,0,54889,4191462,344054,3847408,55807,21745258,729,Moderate,Intermediate,Wealth Creation,14555234,2010947,12544287,15,PPF,47.57,15.12,85.8,60.0,74.19,Moderately Aggressive
C01395,27,Bank Employee,1,37978,15463,10429,12086,183245,207944,0,42888,434077,281438,152639,73546,3869770,780,Moderate,Advanced,Higher Education,1028374,66515,961859,7,Gold,31.82,27.46,72.1,60.0,66.66,Moderate
C01396,48,Business Owner,1,181632,95034,0,86598,290650,7686057,0,108602,8085309,0,8085309,290650,27536570,763,Conservative,Beginner,Retirement,25720307,5380239,20340068,12,Stocks,47.68,0.0,92.55,7.0,54.05,Moderate
C01397,35,Software Engineer,2,69036,37475,33025,0,263605,10000,4129110,161034,4563749,2735775,1827974,178393,9370461,673,Conservative,Beginner,Higher Education,1310564,7000,1303564,3,FD,0.0,47.84,39.1,4.0,23.31,Conservative
C01398,29,Software Engineer,0,147581,78258,38679,30644,473496,1453906,0,263758,2191160,476149,1715011,115907,28848413,653,Moderately Conservative,Beginner,Wealth Creation,5946066,509027,5437039,5,Debt MF,20.76,26.21,68.8,32.0,52.24,Moderate
C01399,39,Teacher,2,52168,25977,6720,19471,94010,756108,0,32562,882680,226728,655952,72622,6559615,740,Moderately Aggressive,Intermediate,Wealth Creation,6969006,529275,6439731,15,Gold,37.32,12.88,81.9,80.0,81.05,Moderately Aggressive
C01400,44,Designer,3,181544,74507,44571,62466,846392,7556991,14689284,489815,23582482,6672496,16909986,421085,31822371,730,Moderately Aggressive,Intermediate,Retirement,23475330,2343342,21131988,16,Debt MF,34.41,24.55,81.15,75.0,78.38,Moderately Aggressive
C01401,38,Data Scientist,2,198803,71566,111964,15273,584049,969331,15015568,221565,16790513,10159542,6630971,470235,37647193,597,Conservative,Advanced,Buy House,6153585,678531,5475054,5,Bonds,7.68,56.32,45.45,20.0,34.0,Moderately Conservative
C01402,43,Accountant,2,139323,65891,39333,34099,154734,2621721,11599221,40644,14416320,2583247,11833073,86654,13798168,747,Moderately Aggressive,Intermediate,Wealth Creation,5837076,1835204,4001872,5,PPF,24.47,28.23,61.7,80.0,69.94,Moderately Aggressive
C01403,51,Data Scientist,2,450000,187946,138283,123771,897254,33601670,0,200852,34699776,4993234,29706542,589580,81643622,669,Conservative,Advanced,Retirement,65455007,6256892,59198115,9,Hybrid MF,27.5,30.73,71.3,23.0,49.57,Moderate
C01404,39,Business Owner,1,115882,52365,19616,43901,155331,6486275,0,110828,6752434,375598,6376836,155331,19805159,770,Moderately Conservative,Beginner,Buy House,10665739,1611153,9054586,15,Equity MF,37.88,16.93,79.9,24.0,54.75,Moderate
C01405,29,Doctor,1,166881,75558,29319,62004,553739,3875501,0,368891,4798131,585773,4212358,553739,17296152,663,Moderately Aggressive,Advanced,Buy House,4870850,1687701,3183149,5,Equity MF,37.15,17.57,84.8,80.0,82.64,Moderately Aggressive
C01406,32,Accountant,2,56878,29656,0,27222,263144,1511888,4724941,149825,6649798,0,6649798,116986,8530117,777,Moderate,Beginner,Wealth Creation,8164087,1058321,7105766,20,Hybrid MF,47.86,0.0,98.95,52.0,77.82,Moderately Aggressive
C01407,30,Teacher,0,108811,52472,63799,0,145651,10000,4843144,62765,5061560,5400364,-338804,145651,21061467,625,Moderate,Advanced,Buy House,7602886,7000,7595886,10,Gold,0.0,58.63,32.45,60.0,44.85,Moderately Conservative
C01408,28,Software Engineer,0,66280,23790,19029,23461,71707,420900,0,44566,537173,502715,34458,71707,9311824,818,Moderately Conservative,Beginner,Retirement,7032938,294630,6738308,32,FD,35.4,28.71,70.55,27.0,50.95,Moderate
C01409,36,Software Engineer,2,277493,135239,23171,119083,753220,5791296,0,517847,7062363,570694,6491669,271206,46395726,737,Moderate,Intermediate,Retirement,39015864,4053907,34961957,24,Gold,42.91,8.35,94.35,55.0,76.64,Moderately Aggressive
C01410,30,Sales Executive,0,65555,24354,13301,27900,340114,711561,3943923,121833,5117431,846539,4270892,175997,8993975,834,Moderate,Intermediate,Travel,251797,40782,211015,1,Stocks,42.56,20.29,80.05,55.0,45.0,Moderately Conservative
C01411,60,Software Engineer,0,379720,195519,75111,109090,2051828,23458027,26224354,437138,52171347,8024638,44146709,766325,30754846,724,Moderately Aggressive,Beginner,Wealth Creation,13638684,1905895,11732789,7,PPF,28.73,19.78,75.15,72.0,73.73,Moderately Aggressive
C01412,39,Government Employee,2,171754,92327,53730,25697,862100,2877557,0,437740,4177397,2570470,1606927,535640,12412457,686,Conservative,Intermediate,Child Education,6559277,1450860,5108417,5,PPF,14.96,31.28,60.3,12.0,38.56,Moderately Conservative
C01413,25,Freelancer,0,77992,40162,10028,27802,393983,739749,0,121005,1254737,138809,1115928,279421,9430888,742,Conservative,Intermediate,Higher Education,3233488,466305,2767183,7,Bonds,35.65,12.86,85.4,12.0,52.37,Moderate
C01414,48,Teacher,3,134557,59240,0,75317,220032,13643880,0,61933,13925845,0,13925845,215181,30774394,812,Conservative,Intermediate,Buy House,8051579,857337,7194242,7,FD,55.97,0.0,86.95,12.0,53.22,Moderate
C01415,24,Consultant,0,26027,10301,4624,11102,138703,88236,0,29655,256594,92391,164203,41365,4730414,786,Aggressive,Advanced,Buy House,3644908,61765,3583143,15,PPF,42.66,17.77,90.0,95.0,92.25,Aggressive
C01416,47,Government Employee,2,116032,45854,34502,35676,235108,2889314,0,114571,3238993,1329830,1909163,50556,17157072,742,Moderate,Beginner,Child Education,2615243,891017,1724226,7,Equity MF,30.75,29.73,68.1,44.0,57.25,Moderate
C01417,54,Doctor,0,401538,184911,0,216627,1561358,38224689,0,964116,40750163,0,40750163,1279193,40203254,692,Moderately Aggressive,Advanced,Retirement,52803720,13385106,39418614,6,PPF,53.95,0.0,90.05,83.0,86.88,Aggressive
C01418,54,Teacher,1,187786,70584,23576,93626,356934,7213843,15591360,119014,23281151,3332309,19948842,294955,30031979,742,Aggressive,Beginner,Wealth Creation,16281705,1379581,14902124,15,PPF,49.86,12.55,87.65,87.0,87.36,Aggressive
C01419,42,Bank Employee,2,156091,97614,9470,49007,944348,4931148,12024635,282349,18182480,831353,17351127,447702,20877823,771,Moderately Conservative,Advanced,Wealth Creation,5236656,1086065,4150591,5,ETF,31.4,6.07,86.85,48.0,69.37,Moderately Aggressive
C01420,53,Sales Executive,0,147569,87197,0,60372,941969,9423426,5611605,552034,16529034,0,16529034,421712,12980321,775,Moderately Conservative,Intermediate,Retirement,29928131,3548821,26379310,7,Stocks,40.91,0.0,90.2,35.0,65.36,Moderate
C01421,32,Data Scientist,1,131900,57082,26415,48403,341677,1625356,9021713,142174,11130920,2198855,8932065,341677,16848142,692,Moderately Aggressive,Advanced,Travel,5220905,1137749,4083156,7,Stocks,36.7,20.03,73.35,83.0,77.69,Moderately Aggressive
C01422,36,Bank Employee,3,197354,106038,36168,55148,760361,2880592,0,297058,3938011,1172883,2765128,216472,27267180,699,Conservative,Beginner,Retirement,31986594,2016414,29970180,24,Gold,27.94,18.33,74.35,7.0,44.04,Moderately Conservative
C01423,37,Data Scientist,3,119242,66793,12511,39938,158456,3764033,7177988,69832,11170309,1832614,9337695,158456,18308892,766,Conservative,Intermediate,Buy House,3959039,1323449,2635590,5,Stocks,33.49,10.49,74.6,12.0,46.43,Moderately Conservative
C01424,21,Freelancer,0,61382,32425,8589,20368,306702,120991,0,150302,577995,203010,374985,143175,11293346,700,Aggressive,Intermediate,Retirement,10293646,84693,10208953,39,Gold,33.18,13.99,85.0,90.0,87.25,Aggressive
C01425,23,Software Engineer,0,48364,22867,0,25497,137261,144121,0,51439,332821,0,332821,137261,7105223,824,Moderately Aggressive,Advanced,Retirement,7849136,100884,7748252,37,Debt MF,52.72,0.0,100.0,83.0,92.35,Aggressive
C01426,39,Sales Executive,2,46061,18378,6501,21182,246373,1982302,0,153458,2382133,104003,2278130,68081,5162316,737,Moderate,Intermediate,Wealth Creation,1190340,388667,801673,5,FD,45.99,14.11,88.3,60.0,75.56,Moderately Aggressive
C01427,42,Teacher,2,222158,122243,42969,56946,736896,4241065,12328478,483080,17789519,2606854,15182665,703259,32892884,679,Conservative,Beginner,Retirement,31424255,2968745,28455510,18,Debt MF,25.63,19.34,79.45,7.0,46.85,Moderately Conservative
C01428,48,Doctor,2,105386,57746,20814,26826,640856,1636127,5034130,337099,7648212,3016618,4631594,382423,23815340,763,Moderate,Intermediate,Retirement,19367981,1046365,18321616,12,PPF,25.45,19.75,76.55,55.0,66.85,Moderate
C01429,48,Software Engineer,2,163475,78992,51109,33374,902741,2679558,6336390,245177,10163866,6267807,3896059,397953,33815103,733,Moderate,Beginner,Retirement,34002455,1875690,32126765,12,Gold,20.42,31.26,69.55,47.0,59.4,Moderate
C01430,39,Bank Employee,1,82608,39436,10970,32202,424373,2279190,6728590,136488,9568641,1860620,7708021,247995,10431531,727,Moderately Conservative,Beginner,Higher Education,1096461,94677,1001784,3,Stocks,38.98,13.28,77.5,24.0,53.42,Moderate
C01431,56,Consultant,0,236042,148917,0,87125,1390929,18089133,0,881623,20361685,0,20361685,469980,51903934,763,Conservative,Intermediate,Retirement,55109494,7067714,48041780,4,PPF,36.91,0.0,81.95,15.0,51.82,Moderate
C01432,24,Government Employee,0,54317,22060,0,32257,122306,245280,0,47323,414909,0,414909,122306,3824675,783,Moderately Conservative,Intermediate,Higher Education,1517803,171696,1346107,7,FD,59.39,0.0,90.4,32.0,64.12,Moderate
C01433,60,Government Employee,0,153191,87218,35519,30454,209533,3902744,10991953,57852,15162082,3003944,12158138,209533,24250863,707,Moderately Conservative,Beginner,Wealth Creation,10324981,648983,9675998,10,Debt MF,19.88,23.19,56.95,32.0,45.72,Moderately Conservative
C01434,55,Business Owner,2,450000,183674,135583,130743,2252049,26823814,0,1150464,30226327,5222179,25004148,1362626,61213599,762,Moderate,Beginner,Wealth Creation,56186521,5759376,50427145,15,Hybrid MF,29.05,30.13,74.5,52.0,64.38,Moderate
C01435,51,Accountant,2,132032,56089,0,75943,136930,10500578,0,105609,10743117,0,10743117,136930,8573673,755,Moderately Aggressive,Intermediate,Retirement,16098708,1326299,14772409,9,Stocks,57.52,0.0,84.3,75.0,80.12,Moderately Aggressive
C01436,42,Sales Executive,2,153308,54485,18716,80107,124902,11026802,9963088,51972,21166764,2734829,18431935,62239,20399177,719,Moderately Conservative,Beginner,Retirement,17206841,2597957,14608884,18,Debt MF,52.25,12.21,84.45,27.0,58.6,Moderate
C01437,28,Business Owner,0,162820,86498,44167,32155,446546,1126861,0,275024,1848431,658140,1190291,446546,13303383,703,Moderately Aggressive,Beginner,Wealth Creation,15368946,788802,14580144,15,PPF,19.75,27.13,66.55,72.0,69.0,Moderately Aggressive
C01438,36,Freelancer,2,156346,52008,48581,55757,249122,4742178,8532538,56532,13580370,6031004,7549366,78515,31948580,698,Moderately Conservative,Intermediate,Wealth Creation,6360034,1570759,4789275,7,Hybrid MF,35.66,31.07,69.75,40.0,56.36,Moderate
C01439,27,Business Owner,0,215028,81596,0,133432,275651,3013166,0,105687,3394504,0,3394504,275651,37126847,773,Moderate,Intermediate,Retirement,20918077,2109216,18808861,33,Hybrid MF,62.05,0.0,95.7,55.0,77.39,Moderately Aggressive
C01440,38,Government Employee,1,50868,28500,12298,10070,306313,489662,2403797,65996,3265768,1412117,1853651,93513,12093405,746,Moderate,Intermediate,Child Education,1073591,87604,985987,3,Stocks,19.8,24.18,60.65,52.0,56.76,Moderate
C01441,55,Accountant,1,157436,94876,10924,51636,643481,9779736,13118384,154628,23696229,798188,22898041,643481,10027786,800,Moderate,Beginner,Wealth Creation,6342351,761387,5580964,5,Debt MF,32.8,6.94,84.9,52.0,70.1,Moderately Aggressive
C01442,28,Sales Executive,2,74426,24464,39623,10339,122040,281613,0,72616,476269,528349,-52080,122040,9313189,647,Conservative,Intermediate,Travel,2088010,162091,1925919,7,FD,13.89,53.24,44.95,15.0,31.47,Moderately Conservative
C01443,63,Consultant,1,342448,118140,34967,189341,1261455,19610201,24930274,505619,46307549,2417623,43889926,795535,29289792,797,Moderately Conservative,Advanced,Emergency Fund,3101379,766279,2335100,2,Equity MF,55.29,10.21,79.1,31.0,45.0,Moderately Conservative
C01444,42,Teacher,2,64022,20915,9319,33788,270470,4352907,0,193495,4816872,420650,4396222,55330,9123511,679,Moderately Conservative,Intermediate,Retirement,7922073,2619942,5302131,18,Debt MF,52.78,14.56,93.45,35.0,67.15,Moderate
C01445,47,Consultant,2,90132,38431,28310,23391,314909,4005209,6914073,195366,11429557,4986122,6443435,153745,20133024,703,Conservative,Beginner,Buy House,7372345,2501184,4871161,10,Gold,25.95,31.41,69.9,4.0,40.25,Moderately Conservative
C01446,51,Business Owner,0,450000,194321,65765,189914,861443,20149188,24778810,282294,46071735,9176272,36895463,861443,57871122,727,Moderately Conservative,Intermediate,Travel,11722903,4542872,7180031,10,ETF,42.2,14.61,82.3,35.0,61.02,Moderate
C01447,39,Sales Executive,2,87829,36445,24911,26473,310217,1580204,7080830,158851,9130102,3424138,5705964,81917,9450246,725,Conservative,Intermediate,Child Education,2158046,304262,1853784,7,Equity MF,30.14,28.36,69.3,12.0,43.52,Moderately Conservative
C01448,54,Sales Executive,0,109416,42433,0,66983,299290,10728111,6730200,136847,17894448,0,17894448,135060,25202285,741,Moderately Aggressive,Intermediate,Child Education,292404,39718,252686,1,FD,61.22,0.0,80.45,72.0,45.0,Moderately Conservative
C01449,39,Data Scientist,3,184519,92007,35090,57422,622752,3712976,11352342,440699,16128769,2239072,13889697,306464,35975678,765,Moderately Conservative,Intermediate,Buy House,10869829,1684403,9185426,7,ETF,31.12,19.02,79.3,32.0,58.02,Moderate
C01450,35,Software Engineer,3,152489,70750,0,81739,435028,5261522,0,318178,6014728,0,6014728,311974,28824227,777,Moderately Conservative,Advanced,Wealth Creation,5575902,396506,5179396,7,Hybrid MF,53.6,0.0,88.9,48.0,70.5,Moderately Aggressive
C01451,35,Doctor,3,286543,88991,162268,35284,473680,1832119,21698307,214970,24219076,26084532,-1865456,353654,59997625,634,Moderate,Intermediate,Travel,7063020,1282483,5780537,7,Hybrid MF,12.31,56.63,43.9,55.0,48.89,Moderate
C01452,48,Freelancer,3,78690,37872,10827,29991,103459,2254001,0,22363,2379823,136483,2243340,103459,9917818,742,Conservative,Beginner,Retirement,16721540,1084977,15636563,12,ETF,38.11,13.76,78.55,7.0,46.35,Moderately Conservative
C01453,53,Government Employee,0,58968,20172,17466,21330,152480,3159667,0,39661,3351808,774656,2577152,151850,6290031,786,Moderately Conservative,Intermediate,Retirement,8772615,1171842,7600773,7,Gold,36.17,29.62,74.2,35.0,56.56,Moderate
C01454,24,Software Engineer,0,109776,54319,25773,29684,236686,315345,0,51177,603208,580512,22696,189750,15640806,722,Moderately Aggressive,Intermediate,Buy House,7800238,220741,7579497,10,Debt MF,27.04,23.48,63.2,72.0,67.16,Moderate
C01455,23,Bank Employee,0,182925,98312,29560,55053,1217380,151231,0,649653,2018264,1382300,635964,167220,28783766,682,Moderately Conservative,Beginner,Retirement,27502373,105861,27396512,37,Equity MF,30.1,16.16,82.0,27.0,57.25,Moderate
C01456,24,Bank Employee,0,96321,31663,24513,40145,147027,482774,0,86612,716413,571092,145321,92807,14446917,753,Moderately Conservative,Intermediate,Retirement,8579930,337941,8241989,36,Hybrid MF,41.68,25.45,79.0,35.0,59.2,Moderate
C01457,35,Accountant,2,86152,38528,22243,25381,438439,1502812,0,298249,2239500,475341,1764159,154599,6729002,739,Moderately Aggressive,Intermediate,Wealth Creation,5069076,1051968,4017108,7,PPF,29.46,25.82,71.9,80.0,75.55,Moderately Aggressive
C01458,25,Software Engineer,0,94519,47687,25029,21803,595903,163789,0,249600,1009292,612775,396517,246351,14698450,775,Moderate,Beginner,Wealth Creation,11889325,114652,11774673,20,Bonds,23.07,26.48,73.0,52.0,63.55,Moderate
C01459,45,Consultant,2,388051,179338,0,208713,2280240,31590053,29586324,1454540,64911157,0,64911157,844257,59678978,754,Moderately Conservative,Intermediate,Retirement,72977791,22113037,50864754,15,Stocks,53.78,0.0,97.0,35.0,69.1,Moderately Aggressive
C01460,59,Accountant,0,102434,50837,44436,7161,572215,1048878,4467926,224860,6313879,6630314,-316435,186757,14675428,581,Moderate,Intermediate,Higher Education,4375387,734214,3641173,10,Bonds,6.99,43.38,47.1,52.0,49.31,Moderate
C01461,47,Teacher,3,40637,19134,8536,12967,265871,1049572,0,198547,1513990,353663,1160327,34414,8685766,630,Moderately Conservative,Intermediate,Buy House,4681628,734700,3946928,15,Debt MF,31.91,21.01,80.7,32.0,58.79,Moderate
C01462,23,Software Engineer,1,76900,25795,8076,43029,152600,255653,0,103191,511444,281696,229748,105555,8072984,704,Aggressive,Intermediate,Wealth Creation,9772953,178957,9593996,20,Equity MF,55.95,10.5,83.0,95.0,88.4,Aggressive
C01463,64,Designer,0,137567,60233,28413,48921,166818,9325341,10023050,69840,19585049,1849694,17735355,166818,10070704,745,Moderate,Beginner,Wealth Creation,6013406,2274359,3739047,5,Bonds,35.56,20.65,66.55,52.0,60.0,Moderate
C01464,45,Software Engineer,2,187659,92044,29035,66580,571039,11226240,15237268,364274,27398821,4877523,22521298,545093,30465524,679,Conservative,Intermediate,Retirement,27086443,2388397,24698046,15,Debt MF,35.48,15.47,85.0,15.0,53.5,Moderate
C01465,45,Business Owner,2,109748,46913,31882,30953,356114,6191134,0,110753,6658001,760141,5897860,91594,21873957,791,Moderate,Advanced,Buy House,6449279,1080901,5368378,10,Equity MF,28.2,29.05,72.2,60.0,66.71,Moderate
C01466,35,Freelancer,3,88542,30797,10091,47654,185325,3020161,6910845,44730,10161061,1002122,9158939,171605,11011486,704,Moderately Conservative,Beginner,Retirement,13143187,2114112,11029075,25,Stocks,53.82,11.4,90.5,27.0,61.93,Moderate
C01467,42,Sales Executive,2,118901,65149,21173,32579,222238,2167489,0,51165,2440892,545805,1895087,84439,14758934,718,Conservative,Beginner,Retirement,19130782,1517242,17613540,18,Debt MF,27.4,17.81,71.45,7.0,42.45,Moderately Conservative
C01468,39,Business Owner,3,284456,135612,171809,0,1891213,10000,12351394,963073,15215680,15691839,-476159,375137,59540982,586,Conservative,Intermediate,Retirement,49480716,7000,49473716,21,Bonds,0.0,60.4,42.900000000000006,15.0,30.35,Moderately Conservative
C01469,35,Bank Employee,3,34026,10690,0,23336,54870,2344345,0,20859,2420074,0,2420074,54870,2702414,802,Moderately Conservative,Advanced,Wealth Creation,2924300,270190,2654110,10,Bonds,68.58,0.0,91.7,48.0,72.03,Moderately Aggressive
C01470,36,Business Owner,2,195891,110473,34310,51108,1311917,6546424,0,937485,8795826,1513193,7282633,181630,45787377,785,Moderately Conservative,Beginner,Retirement,37870389,4582496,33287893,24,Equity MF,26.09,17.51,81.35,27.0,56.89,Moderate
C01471,49,Doctor,2,267643,159944,80110,27589,1182007,2476330,18549929,803802,23012068,13267221,9744847,1182007,60185792,749,Conservative,Beginner,Travel,4655515,920705,3734810,3,Stocks,10.31,29.93,56.0,7.0,33.95,Moderately Conservative
C01472,21,Software Engineer,0,99534,46762,13477,39295,260943,332442,0,153018,746403,193043,553360,158807,23019221,728,Moderately Conservative,Beginner,Wealth Creation,18691061,232709,18458352,20,FD,39.48,13.54,84.0,32.0,60.6,Moderate
C01473,22,Doctor,0,113432,61198,34040,18194,765492,65662,0,294685,1125839,1032038,93801,250661,25463666,767,Aggressive,Intermediate,Wealth Creation,6808432,45963,6762469,10,Stocks,16.04,30.01,62.2,95.0,76.96,Moderately Aggressive
C01474,22,Software Engineer,1,104179,42253,13755,48171,92911,233017,0,28997,354925,643957,-289032,92911,22529457,751,Conservative,Beginner,Child Education,2182318,163111,2019207,5,Bonds,46.24,13.2,69.4,4.0,39.97,Moderately Conservative
C01475,27,Data Scientist,2,147283,59612,9263,78408,783033,2283167,0,458220,3524420,338594,3185826,364040,27222509,763,Moderate,Intermediate,Wealth Creation,7066377,1029095,6037282,7,Gold,53.24,6.29,94.1,60.0,78.75,Moderately Aggressive
C01476,58,Designer,1,158717,62089,0,96628,583084,16788091,9147833,134771,26653779,0,26653779,180302,29619822,691,Moderately Conservative,Advanced,Child Education,3059179,273087,2786092,5,ETF,60.88,0.0,89.45,40.0,67.2,Moderate
C01477,61,Sales Executive,1,178821,71808,0,107013,627037,19689755,0,157712,20474504,0,20474504,495217,27991930,730,Conservative,Intermediate,Emergency Fund,1236969,157753,1079216,2,Debt MF,59.84,0.0,83.4,3.0,45.0,Moderately Conservative
C01478,47,Consultant,3,206004,92307,51178,62519,645678,3909101,13639548,495992,18690319,4736123,13954196,522632,13661209,820,Moderate,Beginner,Retirement,34389778,2736370,31653408,13,Equity MF,30.35,24.84,80.7,47.0,65.54,Moderate
C01479,40,Freelancer,2,46013,22087,14545,9381,68544,624853,0,23450,716847,206474,510373,68544,5366783,809,Moderately Aggressive,Intermediate,Buy House,4042979,437397,3605582,10,Stocks,20.39,31.61,66.95,72.0,69.22,Moderately Aggressive
C01480,61,Accountant,1,322372,200698,208887,0,2500000,10000,15041402,1993513,19544915,31887678,-12342763,551443,23255951,591,Moderately Conservative,Beginner,Child Education,8380130,7000,8373130,3,Debt MF,0.0,64.8,31.2,24.0,27.96,Conservative
C01481,58,Doctor,0,353875,164097,92294,97484,335102,17768199,17253501,107894,35464696,8570152,26894544,335102,30536418,716,Moderately Conservative,Intermediate,Child Education,1492185,523234,968951,1,Stocks,27.55,26.08,53.85,32.0,44.02,Moderately Conservative
C01482,38,Doctor,2,305901,130370,86467,89064,1294792,4131528,24039575,290727,29756622,15410760,14345862,885162,60292836,781,Moderately Aggressive,Advanced,Child Education,7962344,2642129,5320215,5,Gold,29.12,28.27,65.45,80.0,72.0,Moderately Aggressive
C01483,54,Business Owner,0,280356,130587,47315,102454,1781979,15145994,21698970,545292,39172235,5183623,33988612,282434,49540667,715,Conservative,Intermediate,Retirement,58649750,10602195,48047555,6,Bonds,36.54,16.88,81.05,15.0,51.33,Moderate
C01484,37,Freelancer,3,54765,20862,0,33903,150058,3164609,0,40661,3355328,0,3355328,26595,10038448,807,Conservative,Beginner,Retirement,7048651,577107,6471544,23,FD,61.91,0.0,94.2,7.0,54.96,Moderate
C01485,33,Teacher,2,61315,25608,19370,16337,185559,1116264,3675487,82939,5060249,1997472,3062777,55898,14424464,747,Moderate,Advanced,Retirement,9889012,597111,9291901,27,Stocks,26.64,31.59,70.8,63.0,67.29,Moderate
C01486,28,Designer,0,58536,28497,9839,20200,202887,740657,0,95137,1038681,406380,632301,202887,7280870,777,Moderately Conservative,Beginner,Child Education,2190023,518459,1671564,10,Stocks,34.51,16.81,81.75,24.0,55.76,Moderate
C01487,25,Business Owner,0,108002,53159,25471,29372,474911,553644,0,292097,1320652,655955,664697,385717,10605732,752,Moderately Conservative,Intermediate,Retirement,14880680,387550,14493130,35,ETF,27.2,23.58,76.0,35.0,57.55,Moderate
C01488,36,Business Owner,3,203937,80290,19405,104242,624461,6473436,9614686,167953,16880536,2492676,14387860,604438,17292811,718,Conservative,Beginner,Emergency Fund,780553,61224,719329,1,Hybrid MF,51.11,9.52,87.15,0.0,45.0,Moderately Conservative
C01489,42,Teacher,1,211793,93907,0,117886,1258023,9563499,13475094,591584,24888200,0,24888200,501711,28112884,730,Moderate,Advanced,Child Education,3097142,1032709,2064433,3,FD,55.66,0.0,89.05,60.0,75.98,Moderately Aggressive
C01490,22,Business Owner,0,151072,80740,21552,48780,685099,171200,0,217720,1074019,268684,805335,166042,10229119,681,Moderate,Intermediate,Retirement,27504559,119839,27384720,38,Stocks,32.29,14.27,84.0,55.0,70.95,Moderately Aggressive
C01491,21,Doctor,0,88097,40297,24189,23611,119303,111418,0,33479,264200,387137,-122937,119303,18450951,706,Conservative,Intermediate,Wealth Creation,3905799,77992,3827807,5,FD,26.8,27.46,55.4,20.0,39.47,Moderately Conservative
C01492,45,Software Engineer,3,116457,65617,18094,32746,237617,6522442,0,107539,6867598,573108,6294490,134742,11546361,707,Moderately Conservative,Advanced,Retirement,25889474,4565709,21323765,15,FD,28.12,15.54,74.0,43.0,60.05,Moderate
C01493,36,Consultant,3,71425,33556,22743,15126,168388,494239,3563068,94408,4320103,4084078,236025,45889,14293553,775,Conservative,Beginner,Retirement,10637064,345967,10291097,24,Bonds,21.18,31.84,64.35,7.0,38.54,Moderately Conservative
C01494,58,Business Owner,0,252567,112347,68888,71332,478593,6950640,16873514,142954,24445701,6062182,18383519,478593,17767236,722,Moderately Conservative,Beginner,Buy House,40440091,4865448,35574643,20,Bonds,28.24,27.28,70.05,24.0,49.33,Moderate
C01495,27,Freelancer,2,69652,30137,13580,25935,281094,581628,0,86845,949567,629469,320098,189492,10586339,726,Moderately Conservative,Beginner,Wealth Creation,8266427,407139,7859288,20,ETF,37.24,19.5,81.7,32.0,59.34,Moderate
C01496,51,Designer,0,46582,24293,28525,0,250723,10000,2193371,104683,2558777,2254349,304428,162855,9143803,606,Moderate,Intermediate,Wealth Creation,4689512,7000,4682512,20,Hybrid MF,0.0,61.24,41.1,60.0,49.61,Moderate
C01497,31,Teacher,2,119093,56938,36052,26103,425413,1469129,0,310099,2204641,1380864,823777,425413,26143799,727,Conservative,Intermediate,Child Education,2311536,759029,1552507,3,Debt MF,21.92,30.27,63.7,12.0,40.44,Moderately Conservative
C01498,21,Designer,0,116925,60966,8794,47165,466273,278706,0,93773,838752,364450,474302,271290,16273740,782,Moderately Conservative,Intermediate,Wealth Creation,13527927,195094,13332833,20,Debt MF,40.34,7.52,94.0,40.0,69.7,Moderately Aggressive
C01499,35,Teacher,2,35568,16098,3443,16027,144944,1525989,0,38047,1708980,78686,1630294,73259,4086411,755,Moderately Conservative,Intermediate,Retirement,5891791,1068192,4823599,25,Gold,45.06,9.68,98.5,35.0,69.93,Moderately Aggressive
C01500,26,Doctor,0,100207,42744,10788,46675,328515,1002910,0,192837,1524262,311093,1213169,288098,22796475,673,Moderately Conservative,Intermediate,Wealth Creation,7186781,702037,6484744,10,Equity MF,46.58,10.77,90.05,40.0,67.53,Moderate
C01501,45,Teacher,1,141985,80554,23787,37644,726085,1700615,5128698,223867,7779265,2782385,4996880,302340,17957323,760,Moderate,Advanced,Retirement,35497649,1190430,34307219,15,Debt MF,26.51,16.75,77.0,63.0,70.7,Moderately Aggressive
C01502,36,Software Engineer,3,214911,84273,20581,110057,423663,9067714,11324366,148056,20963799,2268359,18695440,179915,25262184,712,Moderate,Advanced,Retirement,23909871,6347399,17562472,24,ETF,51.21,9.58,94.35,63.0,80.24,Moderately Aggressive
C01503,57,Software Engineer,0,288109,174652,82907,30550,1481352,2552782,0,784629,4818763,3760793,1057970,220722,41662494,774,Conservative,Beginner,Buy House,9668235,1786947,7881288,5,PPF,10.6,28.78,53.6,4.0,31.28,Moderately Conservative
C01504,30,Software Engineer,2,70678,26319,18165,26194,359158,1331494,0,135393,1826045,222541,1603504,167739,6510745,789,Moderate,Beginner,Higher Education,271362,91576,179786,1,Bonds,37.06,25.7,75.05,44.0,45.0,Moderately Conservative
C01505,45,Teacher,4,74380,31181,19501,23698,264788,3870657,3322492,132015,7589952,2931157,4658795,210727,8255283,772,Moderate,Intermediate,Child Education,566497,110478,456019,3,Stocks,31.86,26.22,69.6,52.0,61.68,Moderate
C01506,29,Designer,0,181574,89593,49536,42445,460415,1168423,0,104097,1732935,2004811,-271876,454325,26608638,735,Conservative,Advanced,Retirement,38441401,817896,37623505,31,Gold,23.38,27.28,65.4,23.0,46.32,Moderately Conservative
C01507,22,Business Owner,0,184582,73937,17501,93144,242231,327535,0,89195,658961,258413,400548,242231,13576982,659,Conservative,Beginner,Buy House,19409610,229274,19180336,15,FD,50.46,9.48,90.0,4.0,51.3,Moderate
C01508,40,Government Employee,2,172162,74379,47651,50132,294109,3174745,14054870,105746,17629470,3895221,13734249,294109,13009619,779,Conservative,Beginner,Retirement,28447361,2222321,26225040,20,FD,29.12,27.68,72.75,7.0,43.16,Moderately Conservative
C01509,24,Freelancer,0,112782,58526,0,54256,235991,451032,0,119733,806756,0,806756,235991,19758621,770,Conservative,Intermediate,Wealth Creation,11587936,315722,11272214,15,FD,48.11,0.0,96.0,20.0,61.8,Moderate
C01510,22,Software Engineer,1,74664,34581,43565,0,386311,10000,0,134598,530909,1962343,-1431434,148731,6163039,664,Moderate,Advanced,Retirement,11125799,7000,11118799,38,Equity MF,0.0,58.35,45.0,63.0,50.0,Moderate
C01511,41,Software Engineer,3,181409,66848,0,114561,933704,7468998,0,494402,8897104,0,8897104,378766,15989867,749,Moderate,Beginner,Retirement,19563750,2779952,16783798,19,FD,63.15,0.0,97.6,47.0,74.83,Moderately Aggressive
C01512,49,Sales Executive,3,154648,72657,34592,47399,177670,3661381,9642120,83893,13565064,2582352,10982712,177670,9849386,742,Conservative,Beginner,Child Education,2729748,750132,1979616,5,Bonds,30.65,22.37,65.8,4.0,37.99,Moderately Conservative
C01513,27,Data Scientist,2,109887,37816,17856,54215,480092,899896,0,146211,1526199,536038,990161,244686,13938168,827,Aggressive,Intermediate,Retirement,16792664,629927,16162737,33,Debt MF,49.34,16.25,89.7,90.0,89.84,Aggressive
C01514,30,Doctor,1,249042,94192,57321,97529,584716,4191241,15555562,135342,20466861,8797426,11669435,185743,20897352,754,Moderately Conservative,Beginner,Buy House,23533921,2933868,20600053,10,Hybrid MF,39.16,23.02,73.45,24.0,51.2,Moderate
C01515,26,Teacher,1,75630,27860,18052,29718,310661,499412,0,212327,1022400,847091,175309,147142,4705998,786,Moderately Conservative,Beginner,Wealth Creation,14370029,349588,14020441,20,Bonds,39.29,23.87,77.85,32.0,57.22,Moderate
C01516,34,Bank Employee,1,123758,46902,39089,37767,304334,3054922,9243386,213057,12815699,5239082,7576617,304334,16412397,755,Moderately Conservative,Beginner,Buy House,3113442,663818,2449624,5,PPF,30.52,31.59,74.05,24.0,51.53,Moderate
C01517,60,Data Scientist,0,181207,96864,52887,31456,1164062,8821166,0,762091,10747319,1034904,9712415,633605,21377440,804,Conservative,Advanced,Retirement,32482067,5410588,27071479,1,Hybrid MF,17.36,29.19,60.55,23.0,43.65,Moderately Conservative
C01518,55,Software Engineer,2,127694,63946,0,63748,586895,6793385,0,411356,7791636,0,7791636,241730,9981506,781,Moderate,Intermediate,Buy House,23645963,1278003,22367960,20,Bonds,49.92,0.0,95.5,52.0,75.93,Moderately Aggressive
C01519,33,Bank Employee,0,102055,35263,0,66792,432190,2774907,7181997,270192,10659286,0,10659286,281542,13316144,766,Moderately Aggressive,Advanced,Retirement,14925864,1942434,12983430,27,Gold,65.45,0.0,98.8,83.0,91.69,Aggressive
C01520,39,Software Engineer,2,90928,42006,7626,41296,432873,3505932,0,108105,4046910,303513,3743397,186188,7422730,745,Moderate,Intermediate,Wealth Creation,2997738,243571,2754167,5,ETF,45.42,8.39,92.3,60.0,77.77,Moderately Aggressive
C01521,36,Bank Employee,1,68826,23258,8320,37248,170591,3980412,0,126770,4277773,207693,4070080,83166,14693054,767,Moderately Aggressive,Intermediate,Child Education,1587956,560386,1027570,7,PPF,54.12,12.09,84.75,72.0,79.01,Moderately Aggressive
C01522,34,Freelancer,1,75793,35921,12046,27826,109224,1455302,0,22652,1587178,564559,1022619,83854,16843835,850,Moderate,Intermediate,Buy House,11102872,1018711,10084161,20,FD,36.71,15.89,74.65,52.0,64.46,Moderate
C01523,48,Designer,2,90700,33040,15712,41948,327979,4096934,6245057,171524,10841494,970222,9871272,188073,15565622,699,Moderately Conservative,Beginner,Child Education,2474370,639403,1834967,7,Bonds,46.25,17.32,86.95,24.0,58.62,Moderate
C01524,60,Government Employee,0,119278,49999,14357,54922,412229,10271624,6000404,301085,16985342,956331,16029011,328975,23997387,778,Conservative,Beginner,Wealth Creation,5391796,1003196,4388600,5,ETF,46.05,12.04,85.15,12.0,52.23,Moderate
C01525,30,Business Owner,1,116022,51200,0,64822,523606,2829387,0,131921,3484914,0,3484914,183233,18731468,788,Moderate,Intermediate,Buy House,15654016,1469192,14184824,20,Bonds,55.87,0.0,99.25,52.0,77.99,Moderately Aggressive
C01526,49,Consultant,2,388636,185121,68158,135357,2096990,18456410,27484725,1349973,49388098,5552694,43835404,717947,81084531,686,Conservative,Beginner,Retirement,44864654,12919487,31945167,11,FD,34.83,17.54,84.6,7.0,49.68,Moderate
C01527,38,Bank Employee,3,155300,50769,0,104531,214905,7916746,0,117499,8249150,0,8249150,196531,37178148,750,Moderately Conservative,Beginner,Retirement,18973361,4035057,14938304,22,Gold,67.31,0.0,94.05,27.0,63.88,Moderate
C01528,33,Business Owner,1,160038,67907,22790,69341,916781,6840611,7789921,687199,16234512,2100445,14134067,316012,16662044,687,Moderately Aggressive,Advanced,Wealth Creation,7369351,2076663,5292688,5,Debt MF,43.33,14.24,89.2,88.0,88.66,Aggressive
C01529,44,Consultant,2,89477,39281,11202,38994,176364,6785200,0,55714,7017278,460838,6556440,176364,19451228,751,Moderately Aggressive,Intermediate,Wealth Creation,16642280,2024900,14617380,20,Gold,43.58,12.52,89.15,80.0,85.03,Aggressive
C01530,26,Doctor,1,102627,58502,32173,11952,323399,271753,0,99702,694854,667863,26991,163207,23736752,756,Moderately Aggressive,Intermediate,Wealth Creation,17756352,190227,17566125,20,Bonds,11.65,31.35,60.85,80.0,69.47,Moderately Aggressive
C01531,27,Teacher,1,40830,17459,11591,11780,46980,232447,0,24933,304360,317568,-13208,46980,8275088,722,Conservative,Beginner,Travel,216977,69965,147012,2,Equity MF,28.85,28.39,49.5,7.0,30.38,Moderately Conservative
C01532,25,Freelancer,1,35792,16716,4076,15000,37524,280623,0,8378,326525,77022,249503,37524,3111087,728,Moderate,Intermediate,Retirement,5431952,196436,5235516,35,Hybrid MF,41.91,11.39,84.0,55.0,70.95,Moderately Aggressive
C01533,26,Software Engineer,2,80130,31296,20760,28074,95044,956419,0,26346,1077809,309115,768694,95044,11865137,786,Moderately Conservative,Beginner,Buy House,3941530,669493,3272037,7,Debt MF,35.04,25.91,71.25,24.0,49.99,Moderate
C01534,29,Data Scientist,1,132733,65809,0,66924,198168,3300435,0,155892,3654495,0,3654495,198168,9805520,742,Moderate,Intermediate,Child Education,2469881,238105,2231776,3,Gold,50.42,0.0,87.0,52.0,71.25,Moderately Aggressive
C01535,52,Designer,2,136612,83853,14176,38583,722180,3540282,6962218,306568,11531248,2203198,9328050,293832,30853421,743,Conservative,Beginner,Higher Education,5952990,676291,5276699,7,Bonds,28.24,10.38,73.35,4.0,42.14,Moderately Conservative
C01536,51,Consultant,0,137451,63567,40314,33570,220888,3256385,0,84954,3562227,496251,3065976,207160,17719570,812,Moderately Conservative,Intermediate,Wealth Creation,5293297,1814457,3478840,5,Gold,24.42,29.33,68.5,40.0,55.68,Moderate
C01537,23,Teacher,1,49382,17012,10275,22095,116794,93153,0,58969,268916,222101,46815,29234,10066394,747,Moderate,Intermediate,Wealth Creation,2122292,65207,2057085,5,Equity MF,44.74,20.81,73.4,60.0,67.37,Moderate
C01538,34,Bank Employee,2,78429,39892,0,38537,285989,2058413,0,225339,2569741,0,2569741,179067,13266001,793,Conservative,Beginner,Wealth Creation,6180525,1088896,5091629,10,Hybrid MF,49.14,0.0,91.85,12.0,55.92,Moderate
C01539,50,Business Owner,0,248668,110947,40877,96844,1281844,12104907,14521338,856991,28765080,6236183,22528897,783945,43814274,746,Conservative,Beginner,Buy House,10103523,3924063,6179460,5,ETF,38.95,16.44,78.65,4.0,45.06,Moderately Conservative
C01540,34,Sales Executive,1,43772,20678,12454,10640,214355,553936,1808906,147984,2725181,1182198,1542983,131678,9044354,811,Moderate,Advanced,Child Education,359503,40245,319258,2,PPF,24.31,28.45,63.45,60.0,45.0,Moderately Conservative
C01541,25,Doctor,1,141696,57361,15436,68899,566996,1025058,0,135650,1727704,615892,1111812,145280,31177658,748,Conservative,Beginner,Buy House,6018584,717540,5301044,5,Debt MF,48.62,10.89,84.4,4.0,48.22,Moderate
C01542,43,Sales Executive,3,101776,46992,27981,26803,269120,2991273,6358253,135244,9753890,1871374,7882516,75859,13104081,756,Moderate,Beginner,Retirement,12666773,2093891,10572882,17,FD,26.34,27.49,72.3,47.0,60.92,Moderate
C01543,50,Software Engineer,0,74901,39473,18637,16791,242750,1926094,0,175296,2344140,870631,1473509,127292,6163856,742,Aggressive,Advanced,Retirement,16695414,1348265,15347149,10,Equity MF,22.42,24.88,65.45,98.0,80.1,Moderately Aggressive
C01544,50,Teacher,0,87230,31644,10077,45509,313303,5442511,5445911,195512,11397237,675113,10722124,109370,16691942,686,Moderate,Intermediate,Wealth Creation,7985204,2675391,5309813,15,Debt MF,52.17,11.55,92.25,60.0,77.74,Moderately Aggressive
C01545,21,Doctor,0,96844,50090,27499,19255,667505,110385,0,447228,1225118,540742,684376,307029,19500855,782,Conservative,Intermediate,Emergency Fund,4182809,77269,4105540,7,ETF,19.88,28.4,65.4,3.0,37.32,Moderately Conservative
C01546,62,Freelancer,1,120895,49259,8403,63233,98703,19934816,7260810,77478,27371807,703964,26667843,98703,21938943,764,Conservative,Advanced,Higher Education,4533160,589452,3943708,7,Equity MF,52.3,6.95,79.85,20.0,52.92,Moderate
C01547,33,Freelancer,1,172065,89188,38658,44219,1164694,2894348,0,301786,4360828,498291,3862537,174463,20291336,734,Moderate,Beginner,Retirement,30544217,2026043,28518174,27,PPF,25.7,22.47,80.8,47.0,65.59,Moderate
C01548,24,Software Engineer,0,107708,47599,32518,27591,123875,383036,0,86869,593780,857686,-263906,123875,9140140,724,Conservative,Beginner,Buy House,4642706,268125,4374581,7,ETF,25.62,30.19,55.4,4.0,32.27,Moderately Conservative
C01549,49,Doctor,4,166758,50452,0,116306,342502,22754913,6085224,205459,29388098,0,29388098,342502,12499753,771,Moderate,Intermediate,Buy House,16953774,3679515,13274259,20,Debt MF,69.75,0.0,96.4,52.0,76.42,Moderately Aggressive
C01550,51,Sales Executive,2,126852,54219,40460,32173,210473,3861633,8012785,101032,12185923,5775211,6410712,210473,12189536,802,Moderate,Advanced,Higher Education,1525345,424949,1100396,2,Debt MF,25.36,31.9,56.9,60.0,45.0,Moderately Conservative
C01551,56,Software Engineer,1,101122,55501,27063,18558,317800,3088486,0,244347,3650633,732361,2918272,317800,23904734,657,Moderate,Advanced,Wealth Creation,5287842,1891714,3396128,10,Bonds,18.35,26.76,62.55,68.0,65.0,Moderate
C01552,42,Teacher,3,65429,28247,5533,31649,253570,1935447,4909836,145392,7244245,765739,6478506,33813,4969180,750,Moderately Conservative,Intermediate,Child Education,1576277,136737,1439540,5,Hybrid MF,48.37,8.46,87.85,32.0,62.72,Moderate
C01553,46,Teacher,2,206071,112514,64999,28558,372531,3713290,0,186315,4272136,2292674,1979462,248512,26011524,676,Moderately Conservative,Beginner,Retirement,41019804,2599303,38420501,14,ETF,13.86,31.54,55.85,27.0,42.87,Moderately Conservative
C01554,31,Software Engineer,0,169173,60623,10600,97950,179410,5969129,12886980,134170,19169689,1831267,17338422,179410,30827990,793,Moderately Conservative,Beginner,Retirement,15435508,1855724,13579784,29,PPF,57.9,6.27,90.1,27.0,61.7,Moderate
C01555,35,Business Owner,2,78703,28757,21430,28516,59452,1687989,0,20311,1767752,960522,807230,59452,9939592,768,Moderate,Intermediate,Child Education,347389,136395,210994,2,FD,36.23,27.23,56.3,52.0,45.0,Moderately Conservative
C01556,26,Government Employee,0,167813,82579,13986,71248,563410,1044263,0,401802,2009475,449786,1559689,563410,34395262,719,Conservative,Beginner,Wealth Creation,9149727,730984,8418743,7,Gold,42.46,8.33,91.25,12.0,55.59,Moderate
C01557,42,Doctor,3,97683,48058,0,49625,625684,5520963,6694351,217515,13058513,0,13058513,177335,21631354,730,Moderate,Beginner,Buy House,5781312,1261570,4519742,7,Bonds,50.8,0.0,91.85,44.0,70.32,Moderately Aggressive
C01558,65,Consultant,0,272278,122628,117576,32074,313413,3888763,22027689,82006,26311871,20120103,6191768,196918,46684546,671,Conservative,Beginner,Travel,10500104,2722134,7777970,10,Stocks,11.78,43.18,45.2,7.0,28.01,Conservative
C01559,21,Freelancer,0,57487,23668,12991,20828,265250,111625,0,179183,556058,179567,376491,150497,10033517,666,Conservative,Beginner,Buy House,10854414,78137,10776277,20,Bonds,36.23,22.6,81.0,4.0,46.35,Moderately Conservative
C01560,48,Teacher,3,146045,72489,38170,35386,146910,3865812,5740442,42703,9795867,6841157,2954710,146910,12267624,665,Moderately Conservative,Intermediate,Retirement,25103638,2706068,22397570,12,ETF,24.23,26.14,60.55,35.0,49.05,Moderate
C01561,35,Government Employee,3,144997,80357,19349,45291,704658,4281067,11310840,243902,16540467,2347344,14193123,232773,29072440,691,Moderately Aggressive,Advanced,Emergency Fund,1500344,390954,1109390,2,PPF,31.24,13.34,74.3,71.0,45.0,Moderately Conservative
C01562,32,Government Employee,2,72096,30702,21786,19608,118814,1666397,0,93284,1878495,624801,1253694,118814,11046484,725,Moderately Aggressive,Beginner,Child Education,264260,100011,164249,1,Hybrid MF,27.2,30.22,59.75,64.0,45.0,Moderately Conservative
C01563,43,Sales Executive,2,83351,31146,19575,32630,415856,5477922,0,274646,6168424,313379,5855045,212174,8799800,659,Conservative,Beginner,Retirement,11656541,1695509,9961032,17,Equity MF,39.15,23.49,84.3,7.0,49.52,Moderate
C01564,26,Freelancer,1,148960,82166,41409,25385,292635,400629,0,199821,893085,1921749,-1028664,292635,26073526,690,Conservative,Beginner,Retirement,25383276,280440,25102836,34,Bonds,17.04,27.8,60.85,7.0,36.62,Moderately Conservative
C01565,59,Bank Employee,0,150854,67580,82469,805,398152,263323,9849206,252120,10762801,8366471,2396330,234194,21813348,639,Moderate,Advanced,Wealth Creation,14017390,184326,13833064,10,Equity MF,0.53,54.67,41.1,68.0,50.0,Moderate
C01566,44,Freelancer,3,122425,54667,57823,9935,264583,2035909,8750625,119124,11170241,4414748,6755493,152306,22222739,609,Moderately Conservative,Beginner,Buy House,7434440,1000172,6434268,7,Stocks,8.12,47.23,48.55,24.0,37.5,Moderately Conservative
C01567,38,Teacher,4,81406,40885,4659,35862,281000,3355212,4439398,71964,8147574,471100,7676474,281000,18689757,759,Moderate,Intermediate,Higher Education,780952,127835,653117,2,Gold,44.05,5.72,86.85,52.0,45.0,Moderately Conservative
C01568,57,Teacher,1,92860,43953,25473,23434,305050,3057013,6408055,110928,9881046,4230597,5650449,305050,17649366,789,Moderate,Beginner,Wealth Creation,3318189,756855,2561334,5,Gold,25.24,27.43,65.6,52.0,59.48,Moderate
C01569,42,Freelancer,2,266824,138772,140476,0,837330,10000,20991712,453875,22292917,11629994,10662923,837330,58530593,588,Aggressive,Intermediate,Wealth Creation,41959087,7000,41952087,20,Hybrid MF,0.0,52.65,45.45,95.0,50.0,Moderate
C01570,26,Government Employee,1,62409,17553,0,44856,147066,1121375,0,92397,1360838,0,1360838,93833,6360943,776,Moderate,Advanced,Wealth Creation,2764186,784962,1979224,7,PPF,71.87,0.0,94.25,68.0,82.44,Moderately Aggressive
C01571,45,Government Employee,2,94316,39046,5634,49636,302900,5915855,7296359,127380,13642494,615041,13027453,195244,9100559,602,Moderately Aggressive,Intermediate,Buy House,7834950,1728433,6106517,15,Stocks,52.63,5.97,97.0,72.0,85.75,Aggressive
C01572,51,Freelancer,2,153225,53553,13602,86070,555039,14824053,11382022,281032,27042146,912710,26129436,397914,30367503,756,Moderate,Intermediate,Retirement,19950798,7889475,12061323,9,FD,56.17,8.88,93.3,55.0,76.06,Moderately Aggressive
C01573,55,Software Engineer,0,118873,55402,10773,52698,582092,6836136,5159685,377548,12955461,916693,12038768,114445,8627006,821,Moderate,Advanced,Wealth Creation,11698508,3027905,8670603,15,FD,44.33,9.06,95.5,68.0,83.12,Moderately Aggressive
C01574,34,Teacher,2,58550,28629,4032,25889,344986,917213,4043955,180728,5486882,521742,4965140,73897,8313561,802,Moderately Conservative,Beginner,Buy House,10828255,642049,10186206,20,PPF,44.22,6.89,98.65,24.0,65.06,Moderate
C01575,31,Doctor,0,64317,33362,14107,16848,90984,477755,2501318,42905,3112962,934936,2178026,90984,13952855,705,Moderately Aggressive,Advanced,Child Education,410853,89569,321284,1,Stocks,26.2,21.93,54.9,80.0,45.0,Moderately Conservative
C01576,23,Doctor,0,86394,46954,26837,12603,631657,60061,0,410926,1102644,632808,469836,285342,10998027,787,Moderate,Beginner,Travel,4429708,42042,4387666,7,Gold,14.59,31.06,62.4,47.0,55.47,Moderate
C01577,36,Sales Executive,3,147493,66671,18638,62184,855633,4118954,0,384072,5358659,809078,4549581,181893,9493490,679,Moderately Conservative,Intermediate,Higher Education,3631400,211523,3419877,5,Equity MF,42.16,12.64,88.75,32.0,63.21,Moderate
C01578,57,Accountant,0,193374,66828,31110,95436,195919,8230427,9297153,143860,17867359,4148513,13718846,195919,23424636,688,Moderately Conservative,Intermediate,Child Education,1974739,772263,1202476,3,Bonds,49.35,16.09,70.8,32.0,53.34,Moderate
C01579,54,Teacher,1,116231,38791,22671,54769,82286,7617678,0,51538,7751502,454489,7297013,82286,13449078,760,Conservative,Beginner,Travel,3013475,400742,2612733,7,Hybrid MF,47.12,19.51,77.05,7.0,45.53,Moderately Conservative
C01580,38,Software Engineer,1,139911,70347,28090,41474,692829,2023407,10878728,253471,13848435,2332524,11515911,413706,13143328,762,Moderate,Beginner,Wealth Creation,6007345,1206933,4800412,7,PPF,29.64,20.08,71.45,52.0,62.7,Moderate
C01581,50,Software Engineer,2,368540,138394,227984,2162,671550,337066,0,245588,1254204,5008347,-3754143,671550,24978668,595,Moderate,Advanced,Buy House,18908090,235946,18672144,10,Equity MF,0.59,61.86,39.45,60.0,48.7,Moderate
C01582,43,Designer,3,90632,40934,49357,341,568295,58611,5910921,394679,6932506,3078755,3853751,313616,14104135,677,Moderate,Advanced,Child Education,2127927,41027,2086900,5,Stocks,0.38,54.46,47.7,60.0,50.0,Moderate
C01583,37,Sales Executive,2,69713,26955,11377,31381,275215,3081455,3490428,145629,6992727,1155753,5836974,134193,6694340,739,Conservative,Beginner,Retirement,11129545,2157018,8972527,23,FD,45.01,16.32,94.2,7.0,54.96,Moderate
C01584,47,Data Scientist,2,218939,108429,53031,57479,869273,5289866,17039383,619649,23818171,7387762,16430409,865425,48335623,815,Moderately Conservative,Beginner,Retirement,34254783,3702906,30551877,13,Stocks,26.25,24.22,72.7,27.0,52.14,Moderate
C01585,47,Designer,2,124100,49811,21364,52925,203228,6958304,0,142714,7304246,279732,7024514,203228,9483776,755,Aggressive,Advanced,Retirement,13474973,3105358,10369615,13,Debt MF,42.65,17.22,88.7,98.0,92.89,Aggressive
C01586,29,Sales Executive,0,62478,24558,8825,29095,299796,462331,0,133219,895346,343413,551933,25215,13623068,771,Moderate,Intermediate,Wealth Creation,9909946,323631,9586315,20,ETF,46.57,14.12,89.4,60.0,76.17,Moderately Aggressive
C01587,58,Accountant,0,224398,94711,70078,59609,566197,20858439,17282032,185261,38891929,11154911,27737018,329226,21369473,786,Moderately Conservative,Advanced,Wealth Creation,7615327,2701748,4913579,7,PPF,26.56,31.23,61.45,48.0,55.4,Moderate
C01588,42,Teacher,1,40789,18400,5669,16720,94059,1413420,0,67332,1574811,196150,1378661,93469,5583115,793,Moderate,Intermediate,Child Education,1551725,131348,1420377,7,Bonds,40.99,13.9,83.85,52.0,69.52,Moderately Aggressive
C01589,25,Bank Employee,0,64621,31213,20511,12897,111201,71739,0,58166,241106,443180,-202074,111201,5420691,691,Moderately Aggressive,Beginner,Retirement,8554120,50217,8503903,35,Gold,19.96,31.74,61.0,67.0,63.7,Moderate
C01590,21,Consultant,0,77149,35960,19224,21965,414120,167705,0,257207,839032,342178,496854,275263,7484962,794,Conservative,Beginner,Retirement,8828307,117393,8710914,39,Debt MF,28.47,24.92,76.0,7.0,44.95,Moderately Conservative
C01591,42,Software Engineer,2,117616,49508,31482,36626,194329,2877881,6552763,144861,9769834,3209627,6560207,191785,18192854,715,Moderately Aggressive,Intermediate,Wealth Creation,5196681,1215849,3980832,5,Debt MF,31.14,26.77,68.85,80.0,73.87,Moderately Aggressive
C01592,51,Software Engineer,1,56748,30934,0,25814,307575,1486579,2914502,153618,4862274,0,4862274,139941,7155655,773,Moderately Conservative,Intermediate,Retirement,10241745,1040605,9201140,9,Hybrid MF,45.49,0.0,93.3,35.0,67.06,Moderate
C01593,36,Software Engineer,1,102211,45366,24547,32298,195964,1860281,6595514,71142,8722901,4143276,4579625,154576,22827914,736,Moderately Aggressive,Beginner,Buy House,4988119,414457,4573662,7,Debt MF,31.6,24.02,69.75,64.0,67.16,Moderate
C01594,33,Bank Employee,0,98811,40202,0,58609,339235,1808780,4470704,167136,6785855,0,6785855,51536,18969969,713,Moderately Aggressive,Beginner,Child Education,884987,161019,723968,3,Debt MF,59.31,0.0,86.4,64.0,76.32,Moderately Aggressive
C01595,35,Government Employee,2,74694,34412,16848,23434,89081,1518520,2994929,33963,4636493,1474487,3162006,89081,8882020,693,Moderate,Intermediate,Higher Education,1826071,561914,1264157,5,ETF,31.37,22.56,64.9,52.0,59.1,Moderate
C01596,54,Sales Executive,2,111971,61149,6633,44189,453652,3963679,8136524,125771,12679626,822790,11856836,193114,21879759,715,Moderate,Advanced,Wealth Creation,3433787,394490,3039297,5,Gold,39.46,5.92,81.05,68.0,75.18,Moderately Aggressive
C01597,54,Government Employee,1,61102,17139,10663,33300,145744,6273370,0,43066,6462180,401531,6060649,74619,8260318,739,Moderately Conservative,Beginner,Wealth Creation,3616948,296215,3320733,7,FD,54.5,17.45,86.05,32.0,61.73,Moderate
C01598,43,Freelancer,2,82339,29972,23839,28528,93746,1810075,3783046,37517,5724384,2899851,2824533,93746,6264114,757,Conservative,Beginner,Child Education,4177220,1267052,2910168,10,Equity MF,34.65,28.95,68.5,4.0,39.48,Moderately Conservative
C01599,60,Sales Executive,0,321315,105879,37737,177699,257066,23756036,13107115,51635,37171852,4869909,32301943,257066,20309771,766,Moderate,Advanced,Buy House,19536326,3233906,16302420,7,Bonds,55.3,11.74,76.15,60.0,68.88,Moderately Aggressive
C01600,39,Designer,1,126848,60522,0,66326,192949,2845858,5956474,81470,9076751,0,9076751,151204,10036030,733,Conservative,Intermediate,Travel,3266044,446399,2819645,5,Debt MF,52.29,0.0,83.3,15.0,52.57,Moderate
C01601,51,Accountant,1,212417,92979,44529,74909,934482,14312687,14638814,381575,30267558,4269282,25998276,311207,14221195,721,Conservative,Beginner,Wealth Creation,35996623,8128112,27868511,20,Debt MF,35.27,20.96,83.1,12.0,51.1,Moderate
C01602,37,Business Owner,3,77640,31945,15879,29816,110424,1047711,0,63724,1221859,462812,759047,54752,7551618,661,Aggressive,Advanced,Retirement,9398811,733397,8665414,23,Bonds,38.4,20.45,70.2,98.0,82.71,Moderately Aggressive
C01603,29,Data Scientist,0,143899,73933,18373,51593,571440,1312724,0,240910,2125074,851950,1273124,566333,23124088,687,Moderately Conservative,Intermediate,Wealth Creation,12647156,658401,11988755,15,Equity MF,35.85,12.77,84.4,40.0,64.42,Moderate
C01604,33,Designer,2,158921,65918,0,93003,305514,4132245,6290289,176485,10904533,0,10904533,305514,16878420,765,Moderately Aggressive,Advanced,Child Education,608853,183916,424937,1,ETF,58.52,0.0,83.6,80.0,45.0,Moderately Conservative
C01605,44,Government Employee,2,51912,22208,12939,16765,47638,1592258,3455363,11067,5106326,2218644,2887682,47638,11445282,685,Moderately Conservative,Beginner,Buy House,2209110,428460,1780650,5,Debt MF,32.3,24.92,63.55,24.0,45.75,Moderately Conservative
C01606,24,Business Owner,0,88505,51799,20886,15820,503393,161785,0,320848,986026,565224,420802,322858,18202250,716,Moderately Conservative,Beginner,Child Education,878632,113249,765383,2,Bonds,17.87,23.6,56.8,24.0,42.04,Moderately Conservative
C01607,41,Accountant,2,71508,32024,0,39484,119699,2987140,4360612,30774,7498225,0,7498225,89491,10104621,691,Moderate,Beginner,Retirement,13534940,1524094,12010846,19,PPF,55.22,0.0,93.6,47.0,72.63,Moderately Aggressive
C01608,35,Software Engineer,2,174585,78171,41771,54643,642926,2802829,0,488621,3934376,1917333,2017043,402871,25942553,710,Moderate,Beginner,Wealth Creation,21877017,1961980,19915037,15,ETF,31.3,23.93,79.5,52.0,67.12,Moderate
C01609,46,Government Employee,2,96347,40886,21472,33989,241165,6968364,3895531,159672,11264732,2961350,8303382,188091,17487602,689,Moderately Conservative,Advanced,Child Education,1758867,476370,1282497,3,Debt MF,35.28,22.29,68.45,40.0,55.65,Moderate
C01610,28,Software Engineer,0,134756,57615,41423,35718,775547,1038702,0,428590,2242839,1589054,653785,344347,8603132,695,Moderate,Advanced,Higher Education,815211,55865,759346,1,Debt MF,26.51,30.74,61.35,60.0,45.0,Moderately Conservative
C01611,62,Data Scientist,2,198121,81004,18483,98634,1075811,13845659,15608617,619514,31149601,1842031,29307570,541853,15773115,744,Moderately Conservative,Advanced,Retirement,23630269,6481712,17148557,1,Gold,49.78,9.33,83.25,43.0,45.0,Moderately Conservative
C01612,25,Doctor,0,214698,107120,0,107578,718002,1664028,0,424429,2806459,0,2806459,718002,40877254,723,Moderate,Intermediate,Retirement,27180586,1164819,26015767,35,FD,50.11,0.0,100.0,55.0,79.75,Moderately Aggressive
C01613,46,Freelancer,3,150466,86027,25820,38619,688649,3726837,10944629,145991,15506106,3151933,12354173,431368,29645386,800,Moderate,Intermediate,Retirement,36421840,2608785,33813055,14,Bonds,25.67,17.16,79.85,55.0,68.67,Moderately Aggressive
C01614,32,Teacher,0,142713,54074,17713,70926,679592,3892332,0,315103,4887027,541674,4345353,273766,33069220,726,Moderate,Advanced,Emergency Fund,2407185,181647,2225538,5,Bonds,49.7,12.41,89.35,51.0,72.09,Moderately Aggressive
C01615,37,Sales Executive,2,99289,41956,27249,30084,272689,2776227,5635709,99504,8784129,2206785,6577344,88496,19819721,747,Conservative,Beginner,Buy House,12147893,798271,11349622,20,Gold,30.3,27.44,78.2,4.0,44.81,Moderately Conservative
C01616,36,Data Scientist,3,77677,34384,15126,28167,172630,1194666,5876291,111814,7355401,2171461,5183940,172630,10176697,760,Conservative,Beginner,Wealth Creation,11450657,836266,10614391,20,Stocks,36.26,19.47,79.35,12.0,49.04,Moderate
C01617,27,Designer,0,79217,36908,0,42309,515973,1343150,0,155481,2014604,0,2014604,265376,11195170,738,Moderate,Beginner,Buy House,4212917,940204,3272713,10,Debt MF,53.41,0.0,96.9,44.0,73.1,Moderately Aggressive
C01618,27,Government Employee,0,66895,28798,12605,25492,186843,424187,0,76279,687309,344904,342405,125361,12913220,769,Moderately Aggressive,Intermediate,Retirement,7049742,296930,6752812,33,Gold,38.11,18.84,77.7,75.0,76.49,Moderately Aggressive
C01619,65,Consultant,1,132579,73162,17119,42298,935804,7705560,0,452937,9094301,267616,8826685,101349,16036943,778,Moderately Aggressive,Beginner,Emergency Fund,706586,102242,604344,1,Stocks,31.9,12.91,73.8,55.0,45.0,Moderately Conservative
C01620,42,Freelancer,2,120679,68083,19144,33452,473781,1770274,9116544,236487,11597086,1944317,9652769,308739,23631960,779,Moderately Conservative,Beginner,Buy House,18026217,1239191,16787026,20,Hybrid MF,27.72,15.86,76.45,24.0,52.85,Moderate
C01621,34,Freelancer,0,77102,43141,19636,14325,109058,1028249,4191341,42865,5371513,3185610,2185903,50091,13305019,756,Moderately Conservative,Intermediate,Buy House,5922586,719774,5202812,10,Gold,18.58,25.47,54.85,32.0,44.57,Moderately Conservative
C01622,21,Data Scientist,0,97647,38814,6937,51896,245584,232250,0,169223,647057,96210,550847,245584,19665930,802,Moderate,Intermediate,Travel,3905164,162575,3742589,7,PPF,53.15,7.1,94.4,55.0,76.67,Moderately Aggressive
C01623,50,Business Owner,1,157687,52612,20426,84649,148798,10866379,5894097,75637,16984911,3033735,13951176,148798,27797788,736,Moderately Aggressive,Intermediate,Child Education,681408,50197,631211,1,Gold,53.68,12.95,69.05,72.0,45.0,Moderately Conservative
C01624,30,Freelancer,2,57884,22442,8146,27296,214218,1195611,0,151538,1561367,161452,1399915,107844,11639932,705,Moderate,Advanced,Wealth Creation,2904158,593553,2310605,7,FD,47.16,14.07,89.65,68.0,79.91,Moderately Aggressive
C01625,51,Teacher,0,47518,16972,7376,23170,59678,1462606,0,21794,1544078,340272,1203806,59678,8706120,739,Moderate,Intermediate,Wealth Creation,1659048,251936,1407112,7,PPF,48.76,15.52,79.5,60.0,70.72,Moderately Aggressive
C01626,22,Sales Executive,0,167675,77594,12720,77361,759832,363533,0,406229,1529594,552116,977478,115351,12587332,710,Moderate,Beginner,Buy House,10881902,254473,10627429,10,Bonds,46.14,7.59,87.2,44.0,67.76,Moderate
C01627,41,Software Engineer,2,80044,36396,18551,25097,487681,2783771,5999890,211471,9482813,1645749,7837064,178240,8967024,662,Moderate,Intermediate,Child Education,938120,94784,843336,3,Equity MF,31.35,23.18,73.2,52.0,63.66,Moderate
C01628,32,Freelancer,1,112187,43007,10119,59061,562513,2249479,4704405,329195,7845592,1419666,6425926,242958,17678749,679,Moderately Aggressive,Intermediate,Wealth Creation,3019792,1145701,1874091,5,Bonds,52.65,9.02,90.35,80.0,85.69,Aggressive
C01629,54,Bank Employee,0,172210,75305,0,96905,694696,7535681,9009134,222711,17462222,0,17462222,87924,15038499,760,Moderately Aggressive,Advanced,Wealth Creation,14983688,5274976,9708712,15,Debt MF,56.27,0.0,91.65,88.0,90.01,Aggressive
C01630,37,Doctor,2,114808,37938,28626,48244,271107,4478531,0,150288,4899926,534267,4365659,161767,17311521,690,Moderately Aggressive,Intermediate,Wealth Creation,10005064,2468615,7536449,10,ETF,42.02,24.93,83.4,80.0,81.87,Moderately Aggressive
C01631,61,Doctor,1,137557,73565,12972,51020,838090,12507760,5292307,372754,19010911,2097487,16913424,126023,26695623,735,Moderately Conservative,Intermediate,Emergency Fund,1797487,214906,1582581,2,Bonds,37.09,9.43,78.4,23.0,45.0,Moderately Conservative
C01632,25,Software Engineer,0,76635,37165,7307,32163,455630,234765,0,103630,794025,152084,641941,187125,4697756,728,Moderately Aggressive,Advanced,Wealth Creation,9182803,164335,9018468,20,Stocks,41.97,9.53,97.0,88.0,92.95,Aggressive
C01633,40,Software Engineer,3,62344,28098,17061,17185,75249,1388670,4738893,26668,6229480,1342717,4886763,75249,12475851,732,Moderate,Advanced,Emergency Fund,605952,235018,370934,2,PPF,27.56,27.37,56.55,51.0,45.0,Moderately Conservative
C01634,33,Software Engineer,1,72038,27436,8164,36438,191687,3130419,0,95194,3417300,338208,3079092,191687,10119019,753,Moderately Conservative,Intermediate,Buy House,2547695,423687,2124008,5,Bonds,50.58,11.33,89.2,32.0,63.46,Moderate
C01635,54,Data Scientist,2,123884,64024,8645,51215,397127,11221935,8013413,256750,19889225,857737,19031488,296740,25158042,702,Moderately Conservative,Intermediate,Wealth Creation,9068319,1502701,7565618,15,FD,41.34,6.98,91.65,40.0,68.41,Moderately Aggressive
C01636,23,Consultant,1,112226,53076,32697,26453,389760,149894,0,197636,737290,501911,235379,389760,26608066,837,Moderately Aggressive,Intermediate,Child Education,2159536,104925,2054611,3,Stocks,23.57,29.13,64.6,72.0,67.93,Moderate
C01637,25,Business Owner,0,88043,35062,46593,6388,196376,51858,0,80213,328447,663547,-335100,176637,6007662,643,Moderately Aggressive,Intermediate,Child Education,1361173,36300,1324873,3,Equity MF,7.26,52.92,37.6,72.0,50.0,Moderate
C01638,22,Designer,0,43636,19103,4104,20429,251908,124125,0,96593,472626,90515,382111,134066,7978386,809,Aggressive,Advanced,Wealth Creation,7947019,86887,7860132,20,ETF,46.82,9.41,97.0,100.0,98.35,Aggressive
C01639,31,Consultant,0,36458,11673,11555,13230,141898,988284,0,111845,1242027,449515,792512,65726,6737538,711,Moderately Aggressive,Advanced,Buy House,3958961,609215,3349746,15,Debt MF,36.29,31.69,80.1,80.0,80.06,Moderately Aggressive
C01640,27,Government Employee,0,66762,27493,0,39269,98993,959976,0,74501,1133470,0,1133470,28876,12035839,798,Moderately Conservative,Intermediate,Child Education,3037162,607151,2430011,10,Bonds,58.82,0.0,87.9,32.0,62.75,Moderate
C01641,31,Business Owner,0,93551,49460,9333,34758,587542,1562631,4685557,145732,6981462,1007414,5974048,309620,13336859,738,Moderately Conservative,Intermediate,Retirement,21624114,1093841,20530273,29,Gold,37.15,9.98,94.1,35.0,67.5,Moderate
C01642,32,Business Owner,0,105728,49912,0,55816,504412,2188205,0,246572,2939189,0,2939189,160079,23493094,767,Moderate,Advanced,Child Education,656079,45013,611066,1,Equity MF,52.79,0.0,87.75,60.0,45.0,Moderately Conservative
C01643,23,Data Scientist,0,130865,72406,29067,29392,559741,59418,0,362296,981455,873926,107529,259761,30666758,749,Moderately Aggressive,Advanced,Travel,5471516,41592,5429924,7,PPF,22.46,22.21,60.4,83.0,70.57,Moderately Aggressive
C01644,54,Designer,1,94154,31882,0,62272,162761,9041491,6480676,107630,15792558,0,15792558,73652,21238156,752,Moderately Conservative,Intermediate,Buy House,5065987,1300506,3765481,7,ETF,66.14,0.0,86.05,32.0,61.73,Moderate
C01645,33,Bank Employee,1,38778,15426,10884,12468,41802,497708,2825503,13455,3378468,1386948,1991520,41802,7728235,720,Moderate,Intermediate,Child Education,1529559,175395,1354164,7,Stocks,32.15,28.07,65.2,52.0,59.26,Moderate
C01646,34,Freelancer,2,65001,21410,7495,36096,256050,1974126,2467340,170702,4868218,746891,4121327,160975,11120793,717,Aggressive,Intermediate,Buy House,4549098,393144,4155954,10,Hybrid MF,55.53,11.53,91.85,87.0,89.67,Aggressive
C01647,42,Freelancer,3,106615,47177,19634,39804,302677,1814814,5870184,126768,8114443,1834991,6279452,123234,20769884,739,Moderate,Beginner,Child Education,2418628,696287,1722341,7,Debt MF,37.33,18.42,75.85,44.0,61.52,Moderate
C01648,60,Software Engineer,0,241018,102449,0,138569,865420,32173274,0,252277,33290971,0,33290971,573465,34362755,755,Moderately Conservative,Beginner,Child Education,3294539,540140,2754399,3,ETF,57.49,0.0,86.35,24.0,58.29,Moderate
C01649,39,Accountant,2,257304,125408,12994,118902,632701,10024249,0,234311,10891261,203675,10687586,305545,23615955,745,Conservative,Beginner,Wealth Creation,24901287,7016974,17884313,15,PPF,46.21,5.05,93.9,12.0,57.05,Moderate
C01650,62,Accountant,0,140372,58923,15667,65782,257305,16977867,0,179807,17414979,278251,17136728,257305,19093102,827,Moderately Aggressive,Advanced,Travel,449271,72695,376576,1,FD,46.86,11.16,75.25,83.0,45.0,Moderately Conservative
C01651,32,Business Owner,2,203905,89430,18623,95852,1009128,6330776,0,237192,7577096,455296,7121800,387757,23603519,779,Moderately Aggressive,Beginner,Wealth Creation,11303503,1468986,9834517,10,FD,47.01,9.13,96.15,72.0,85.28,Aggressive
C01652,38,Bank Employee,1,65724,30984,16961,17779,274495,1968469,3217379,157127,5617470,2965588,2651882,161368,11392039,700,Moderately Aggressive,Advanced,Retirement,11174812,1224578,9950234,22,Equity MF,27.05,25.81,71.05,83.0,76.43,Moderately Aggressive
C01653,27,Sales Executive,0,55303,27762,4910,22631,386244,367063,0,138405,891712,154125,737587,181939,3504938,763,Conservative,Intermediate,Wealth Creation,5079563,256944,4822619,15,Hybrid MF,40.92,8.88,96.7,20.0,62.19,Moderate
C01654,61,Government Employee,0,305304,138714,27772,138818,571772,25845373,22295228,419519,49131892,4368802,44763090,571772,72936870,758,Moderate,Beginner,Emergency Fund,1683200,589656,1093544,1,Gold,45.47,9.1,79.4,35.0,45.0,Moderately Conservative
C01655,40,Consultant,2,48796,17140,11718,19938,161490,919296,3606846,111024,4798656,1618244,3180412,111121,7075537,758,Moderate,Intermediate,Emergency Fund,2175878,147232,2028646,10,PPF,40.86,24.01,80.95,43.0,63.87,Moderate
C01656,63,Accountant,1,117907,67873,37485,12549,746274,1877421,0,331971,2955666,1623379,1332287,371888,8533989,770,Conservative,Beginner,Retirement,21928319,1314194,20614125,1,Equity MF,10.64,31.79,51.1,7.0,31.26,Moderately Conservative
C01657,61,Doctor,0,418351,188343,48428,181580,1594502,61032508,33857576,976992,97461578,6499009,90962569,744797,97114620,727,Moderately Conservative,Intermediate,Retirement,74495239,19590814,54904425,1,Bonds,43.4,11.58,79.4,35.0,45.0,Moderately Conservative
C01658,25,Doctor,0,83196,29582,10807,42807,339069,967796,0,87323,1394188,494874,899314,145859,10334457,682,Moderately Conservative,Beginner,Wealth Creation,4490920,677457,3813463,7,Hybrid MF,51.45,12.99,84.4,32.0,60.82,Moderate
C01659,60,Business Owner,1,103205,45653,25049,32503,496968,2811831,0,302459,3611258,648569,2962689,160326,8959274,762,Moderately Conservative,Advanced,Wealth Creation,7283212,1784416,5498796,10,FD,31.49,24.27,75.95,48.0,63.37,Moderate
C01660,26,Software Engineer,1,172081,63295,51850,56936,480226,1030748,0,256227,1767201,1856480,-89279,187661,20498745,711,Moderately Conservative,Intermediate,Wealth Creation,21990147,721523,21268624,15,FD,33.09,30.13,70.85,40.0,56.97,Moderate
C01661,42,Teacher,1,89705,44630,16490,28585,117497,2575607,0,48207,2741311,652674,2088637,117497,7430511,661,Conservative,Beginner,Retirement,15103098,1802924,13300174,18,Hybrid MF,31.87,18.38,76.45,7.0,45.2,Moderately Conservative
C01662,44,Bank Employee,2,167712,79249,43461,45002,974541,6429759,7942219,551622,15898141,5223113,10675028,212476,14035458,724,Moderate,Beginner,Wealth Creation,16478872,1406148,15072724,15,Hybrid MF,26.83,25.91,73.15,52.0,63.63,Moderate
C01663,36,Consultant,2,176408,61146,9997,105265,376125,4826844,8067035,208193,13478197,1279654,12198543,285621,13459948,786,Moderately Aggressive,Advanced,Buy House,16739244,3378790,13360454,15,Hybrid MF,59.67,5.67,94.35,80.0,87.89,Aggressive
C01664,32,Designer,2,111266,42369,6618,62279,416320,4114423,4089293,255430,8875466,1055812,7819654,67646,15520622,790,Moderately Conservative,Beginner,Buy House,14078906,1392494,12686412,20,Hybrid MF,55.97,5.95,94.95,24.0,63.02,Moderate
C01665,52,Business Owner,0,96384,46579,25403,24402,95845,2600978,0,42479,2739302,872045,1867257,95845,6139116,695,Moderately Conservative,Intermediate,Retirement,15889769,1738929,14150840,8,ETF,25.32,26.36,60.15,35.0,48.83,Moderate
C01666,31,Business Owner,1,114173,44844,0,69329,340710,2128894,0,87234,2556838,0,2556838,50601,11551862,727,Conservative,Intermediate,Buy House,4280387,755915,3524472,5,Equity MF,60.72,0.0,89.5,12.0,54.62,Moderate
C01667,31,Sales Executive,1,37568,21017,11416,5135,139882,281283,1555401,56087,2032653,1863698,168955,88868,6207539,804,Moderately Aggressive,Beginner,Retirement,6923802,196898,6726904,29,ETF,13.67,30.39,60.1,67.0,63.21,Moderate
C01668,35,Sales Executive,2,54157,24690,12053,17414,319358,1003890,0,73678,1396926,546269,850657,119181,8447090,704,Moderate,Intermediate,Emergency Fund,231685,88916,142769,1,ETF,32.15,22.26,68.3,43.0,45.0,Moderately Conservative
C01669,23,Sales Executive,0,68444,29210,3982,35252,335971,151787,0,236579,724337,135481,588856,197050,12936248,679,Moderately Conservative,Intermediate,Wealth Creation,11755296,106250,11649046,20,Gold,51.5,5.82,97.0,40.0,71.35,Moderately Aggressive
C01670,58,Doctor,0,352539,178148,177681,0,837224,10000,14623135,582906,16053265,11544088,4509177,837224,72836943,677,Conservative,Beginner,Wealth Creation,40204015,7000,40197015,20,Bonds,0.0,50.4,39.05,12.0,26.88,Conservative
C01671,51,Freelancer,0,340630,148351,0,192279,1622782,17603910,22507663,568025,42302380,0,42302380,876988,75630581,741,Moderate,Intermediate,Buy House,10151166,1934206,8216960,5,Gold,56.45,0.0,90.5,52.0,73.18,Moderately Aggressive
C01672,58,Government Employee,0,105089,50342,32742,22005,117520,2136114,0,57750,2311384,1382762,928622,117520,15730289,762,Moderate,Intermediate,Retirement,14297617,1495279,12802338,2,ETF,20.94,31.16,47.85,55.0,45.0,Moderately Conservative
C01673,33,Software Engineer,0,93403,47958,13887,31558,174257,1046397,5344456,114633,6679743,1574381,5105362,123696,14848122,696,Moderately Aggressive,Advanced,Buy House,2799205,732477,2066728,5,Hybrid MF,33.79,14.87,77.2,80.0,78.46,Moderately Aggressive
C01674,51,Software Engineer,0,320391,169360,92206,58825,1140492,15337066,0,810526,17288084,4181171,13106913,446297,48012426,792,Moderate,Intermediate,Wealth Creation,58386998,10735946,47651052,20,Hybrid MF,18.36,28.78,66.1,60.0,63.35,Moderate
C01675,21,Data Scientist,0,123080,59409,0,63671,174772,329009,0,120893,624674,0,624674,174772,11334231,698,Moderately Conservative,Advanced,Retirement,23546076,230306,23315770,39,Equity MF,51.73,0.0,91.0,43.0,69.4,Moderately Aggressive
C01676,23,Freelancer,0,150174,66422,0,83752,285502,723359,0,80666,1089527,0,1089527,197165,24144915,778,Moderately Conservative,Advanced,Higher Education,5151248,506351,4644897,10,Bonds,55.77,0.0,93.2,40.0,69.26,Moderately Aggressive
C01677,40,Software Engineer,2,145209,84504,44314,16391,332702,835215,0,218991,1386908,1997775,-610867,332702,17663328,640,Moderate,Intermediate,Wealth Creation,6400992,460461,5940531,5,Stocks,11.29,30.52,53.15,60.0,56.23,Moderate
C01678,51,Software Engineer,0,168964,99600,22456,46908,427497,6337685,7339407,244546,14349135,2691081,11658054,164153,39143318,754,Conservative,Advanced,Retirement,31678709,4436379,27242330,9,Debt MF,27.76,13.29,67.3,23.0,47.37,Moderately Conservative
C01679,63,Sales Executive,1,183128,73768,0,109360,898805,24436143,9293689,422557,35051194,0,35051194,181633,36035859,850,Moderate,Beginner,Buy House,27720480,8317156,19403324,20,Debt MF,59.72,0.0,94.3,44.0,71.67,Moderately Aggressive
C01680,34,Consultant,0,106610,56051,27856,22703,497056,2093372,7854301,180950,10625679,4305583,6320096,336015,17950129,748,Moderately Aggressive,Intermediate,Child Education,1554945,208397,1346548,2,PPF,21.3,26.13,63.45,72.0,45.0,Moderately Conservative
C01681,24,Government Employee,0,55388,31593,13515,10280,314019,160597,0,64046,538662,411423,127239,212295,9844755,762,Moderately Conservative,Advanced,Wealth Creation,2826538,112417,2714121,10,Stocks,18.56,24.4,65.2,48.0,57.46,Moderate
C01682,61,Freelancer,1,134028,44436,23441,66151,489867,11124182,9369198,237167,21220414,2128322,19092092,321401,10768963,745,Moderate,Intermediate,Retirement,11582852,1092024,10490828,1,Gold,49.36,17.49,79.4,55.0,45.0,Moderately Conservative
C01683,28,Government Employee,2,41417,14145,4718,22554,31458,760384,0,21782,813624,87146,726478,25453,9718181,720,Moderately Aggressive,Beginner,Retirement,4738556,532268,4206288,32,Gold,54.46,11.39,86.55,67.0,77.75,Moderately Aggressive
C01684,45,Doctor,2,244168,115950,43705,84513,1457609,3447269,12396060,623842,17924780,6814711,11110069,431830,16795781,796,Moderately Conservative,Advanced,Retirement,36463986,2413088,34050898,15,Debt MF,34.61,17.9,82.0,43.0,64.45,Moderate
C01685,22,Freelancer,0,124122,52663,34534,36925,683342,216366,0,265599,1165307,1076623,88684,194574,29117033,789,Moderately Conservative,Intermediate,Travel,7189827,151456,7038371,10,Equity MF,29.75,27.82,67.2,35.0,52.71,Moderate
C01686,49,Business Owner,2,125422,40254,11674,73494,559570,8994691,9004682,227360,18786303,998832,17787471,188222,22768936,691,Aggressive,Intermediate,Child Education,2911320,1075491,1835829,7,Debt MF,58.6,9.31,90.8,87.0,89.09,Aggressive
C01687,54,Sales Executive,1,85295,36556,6925,41814,376318,8027390,3877651,77420,12358779,705817,11652962,74534,11592513,749,Aggressive,Intermediate,Child Education,521211,34555,486656,1,Debt MF,49.02,8.12,84.45,87.0,45.0,Moderately Conservative
C01688,31,Bank Employee,1,70259,29616,0,40643,158968,1559584,5583160,49303,7351015,0,7351015,67386,5582218,771,Moderately Conservative,Intermediate,Wealth Creation,2685029,399543,2285486,5,Equity MF,57.85,0.0,89.5,40.0,67.22,Moderate
C01689,59,Doctor,2,242161,124528,15728,101905,1589534,16442871,0,899893,18932298,258951,18673347,270130,17404592,757,Conservative,Beginner,Buy House,36491936,11510009,24981927,20,FD,42.08,6.49,94.9,4.0,54.0,Moderate
C01690,30,Doctor,2,91794,36000,21525,34269,175403,1362451,5546964,96559,7181377,2921840,4259537,175403,6529249,796,Moderately Aggressive,Intermediate,Wealth Creation,9497177,953715,8543462,15,PPF,37.33,23.45,76.25,80.0,77.94,Moderately Aggressive
C01691,65,Teacher,0,69671,26591,0,43080,143532,4655479,0,51964,4850975,0,4850975,32453,13971266,759,Moderately Aggressive,Beginner,Child Education,3577898,904062,2673836,10,Hybrid MF,61.83,0.0,87.2,64.0,76.76,Moderately Aggressive
C01692,33,Sales Executive,0,152660,70633,20100,61927,640989,3495710,10709221,206837,15052757,1887939,13164818,290399,28271186,711,Aggressive,Advanced,Travel,1587034,357335,1229699,3,Bonds,40.57,13.17,86.4,98.0,91.62,Aggressive
C01693,52,Bank Employee,2,198184,81386,49495,67303,548039,5625380,0,331816,6505235,1646465,4858770,224475,35379841,738,Moderately Conservative,Advanced,Buy House,25046059,3937765,21108294,15,ETF,33.96,24.97,75.95,40.0,59.77,Moderate
C01694,63,Sales Executive,1,193183,115680,0,77503,1225450,10837494,13691527,850904,26605375,0,26605375,408549,15350409,709,Conservative,Advanced,Child Education,2733000,645923,2087077,3,FD,40.12,0.0,85.9,20.0,56.25,Moderate
C01695,39,Doctor,4,130050,56866,15683,57501,281736,3678126,5228114,179640,9367616,1716987,7650629,200294,8047501,775,Moderate,Beginner,Travel,604553,85908,518645,1,Gold,44.21,12.06,75.7,47.0,45.0,Moderately Conservative
C01696,30,Software Engineer,1,96602,56400,12084,28118,535308,1830226,5242767,143360,7751661,1037571,6714090,212167,21351432,663,Moderate,Intermediate,Wealth Creation,5138914,1281158,3857756,7,Hybrid MF,29.11,12.51,79.65,60.0,70.81,Moderately Aggressive
C01697,27,Accountant,2,110280,38232,24235,47813,92007,1554199,0,72383,1718589,703518,1015071,80671,26010197,711,Conservative,Beginner,Wealth Creation,4123031,1080998,3042033,5,PPF,43.36,21.98,71.1,12.0,44.5,Moderately Conservative
C01698,42,Sales Executive,3,53605,22999,0,30606,112154,4224724,3353333,25054,7715265,0,7715265,112154,12435066,722,Moderately Aggressive,Intermediate,Buy House,4057159,726535,3330624,10,ETF,57.1,0.0,90.65,72.0,82.26,Moderately Aggressive
C01699,28,Freelancer,0,57009,34016,11468,11525,458556,207407,0,315538,981501,406143,575358,222480,13173794,665,Moderately Aggressive,Intermediate,Emergency Fund,880524,145184,735340,3,PPF,20.22,20.12,67.15,63.0,65.28,Moderate
C01700,47,Software Engineer,3,171928,82908,0,89020,974664,17479815,10435059,557029,29446567,0,29446567,630330,29754354,786,Moderate,Advanced,Buy House,13080541,3974638,9105903,15,FD,51.78,0.0,96.7,60.0,80.19,Moderately Aggressive
C01701,34,Consultant,2,73780,35248,0,38532,436169,1882484,3859367,205267,6383287,0,6383287,249815,7228877,793,Moderately Aggressive,Advanced,Wealth Creation,2452474,912040,1540434,5,Gold,52.23,0.0,93.05,88.0,90.78,Aggressive
C01702,35,Freelancer,3,70842,40214,5596,25032,500390,1893954,3572141,102947,6069432,413374,5656058,137364,12986725,722,Moderate,Intermediate,Retirement,17173938,1325767,15848171,25,ETF,35.33,7.9,93.5,55.0,76.18,Moderately Aggressive
C01703,42,Accountant,1,101346,50329,30033,20984,637378,1678022,5457626,294327,8067353,2100869,5966484,245575,10812149,648,Conservative,Intermediate,Emergency Fund,3936197,789877,3146320,7,Stocks,20.71,29.63,70.85,3.0,40.32,Moderately Conservative
C01704,48,Doctor,2,88277,40898,7491,39888,570026,8873784,0,440044,9883854,168242,9715612,77823,18375569,728,Moderate,Intermediate,Wealth Creation,4092817,530272,3562545,5,ETF,45.19,8.49,90.95,60.0,77.02,Moderately Aggressive
C01705,27,Accountant,2,44801,19464,9585,15752,114369,417138,0,65116,596623,176856,419767,114369,5856742,710,Moderately Aggressive,Intermediate,Wealth Creation,8204293,291996,7912297,20,PPF,35.16,21.39,76.7,80.0,78.19,Moderately Aggressive
C01706,45,Doctor,1,215531,115987,65866,33678,1600104,2541560,12694902,1147594,17984160,8096830,9887330,827370,17997246,781,Moderate,Intermediate,Retirement,34477296,1779092,32698204,15,Equity MF,15.63,30.56,68.0,55.0,62.15,Moderate
C01707,34,Sales Executive,1,168589,62622,48472,57495,191987,3815984,0,112724,4120695,815258,3305437,191987,22449839,735,Moderate,Beginner,Higher Education,1375724,344512,1031212,3,FD,34.1,28.75,70.25,44.0,58.44,Moderate
C01708,28,Software Engineer,0,118421,44041,36123,38257,193321,1059044,0,90964,1343329,1457092,-113763,193321,24931545,687,Moderately Conservative,Advanced,Retirement,15485244,741330,14743914,32,Bonds,32.31,30.5,70.55,43.0,58.15,Moderate
C01709,26,Business Owner,1,91080,54250,21462,15368,417227,203471,0,140118,760816,843637,-82821,100230,7921623,698,Moderately Conservative,Beginner,Retirement,13614457,142429,13472028,34,FD,16.87,23.56,60.85,27.0,45.62,Moderately Conservative
C01710,39,Government Employee,3,80681,43584,0,37097,406064,1750481,3573565,238385,5968495,0,5968495,125266,17939328,796,Moderate,Advanced,Wealth Creation,4664244,1225336,3438908,10,Equity MF,45.98,0.0,95.1,68.0,82.91,Moderately Aggressive
C01711,23,Business Owner,0,93845,54662,23996,15187,200006,46103,0,142963,389072,829928,-440856,200006,15506445,676,Moderate,Beginner,Retirement,16480731,32272,16448459,37,Hybrid MF,16.18,25.57,61.0,47.0,54.7,Moderate
C01712,21,Consultant,1,47195,20765,12520,13910,61717,96590,0,31620,189927,209809,-19882,61717,3562665,727,Moderate,Advanced,Child Education,246164,60520,185644,1,ETF,29.47,26.53,49.8,60.0,45.0,Moderately Conservative
C01713,52,Freelancer,2,119008,47423,6876,64709,533914,9661430,4325114,153652,14674110,1132540,13541570,203205,28195657,737,Moderately Conservative,Advanced,Wealth Creation,3826834,207075,3619759,5,FD,54.37,5.78,90.35,48.0,71.29,Moderately Aggressive
C01714,24,Software Engineer,0,67672,31330,18101,18241,367604,229202,0,168405,765211,786581,-21370,127402,8886568,763,Moderate,Intermediate,Buy House,2987750,160441,2827309,7,Gold,26.96,26.75,64.4,52.0,58.82,Moderate
C01715,42,Business Owner,3,170295,75802,47242,47251,299893,2245820,6974445,210698,9730856,7473598,2257258,156120,31844601,683,Conservative,Beginner,Wealth Creation,20892487,1209014,19683473,20,Hybrid MF,27.75,27.74,66.45,12.0,41.95,Moderately Conservative
C01716,59,Government Employee,0,193295,82543,50739,60013,245703,7499533,0,63963,7809199,1836530,5972669,245703,17833568,783,Moderately Conservative,Intermediate,Wealth Creation,21642299,3906376,17735923,15,FD,31.05,26.25,69.9,40.0,56.45,Moderate
C01717,36,Sales Executive,2,130978,70692,16270,44016,579201,2735498,0,448743,3763442,482712,3280730,459664,13696026,768,Conservative,Intermediate,Emergency Fund,946957,288009,658948,2,Debt MF,33.61,12.42,78.15,3.0,44.33,Moderately Conservative
C01718,55,Accountant,0,251906,101470,26788,123648,1330314,12672567,0,764698,14767579,1212943,13554636,559852,43446653,709,Moderate,Intermediate,Retirement,24554908,5264605,19290303,5,Equity MF,49.08,10.63,85.9,55.0,72.0,Moderately Aggressive
C01719,40,Data Scientist,3,225853,109782,52795,63276,1197447,8858035,0,251132,10306614,1130353,9176261,869883,40062348,708,Moderate,Beginner,Retirement,41688494,6200624,35487870,20,FD,28.02,23.38,79.75,47.0,65.01,Moderate
C01720,56,Software Engineer,1,85893,35097,7114,43682,478846,6635056,5652338,199956,12966196,826873,12139323,246596,16528241,698,Moderate,Beginner,Retirement,12035412,4606596,7428816,4,Debt MF,50.86,8.28,86.95,47.0,68.97,Moderately Aggressive
C01721,54,Doctor,1,94188,42500,24962,26726,121663,4556333,4821661,81532,9581189,1841396,7739793,121663,16126827,759,Conservative,Beginner,Retirement,16601624,3014181,13587443,6,Gold,28.38,26.5,60.05,7.0,36.18,Moderately Conservative
C01722,47,Sales Executive,1,256619,131411,65559,59649,390923,7608817,13323369,266348,21589457,5148097,16441360,390923,30827914,762,Moderate,Intermediate,Higher Education,2662422,591153,2071269,2,FD,23.24,25.55,55.5,52.0,45.0,Moderately Conservative
C01723,43,Government Employee,2,95935,45386,17185,33364,96381,3630749,7602280,76642,11406052,2178352,9227700,96381,7470246,812,Conservative,Intermediate,Retirement,19808694,1462964,18345730,17,Gold,34.78,17.91,76.3,15.0,48.72,Moderate
C01724,50,Software Engineer,2,161257,55299,44271,61687,603349,10902145,0,121112,11626606,1707262,9919344,402862,19188852,765,Moderately Conservative,Advanced,Retirement,14393492,3422894,10970598,10,Stocks,38.25,27.45,80.45,43.0,63.6,Moderate
C01725,43,Accountant,2,177522,67876,16302,93344,351647,10645622,10885257,213167,22095693,2300854,19794839,191910,13680089,752,Conservative,Beginner,Retirement,18900972,6512358,12388614,17,PPF,52.58,9.18,93.3,7.0,54.47,Moderate
C01726,56,Business Owner,1,126485,50009,17966,58510,116093,9363952,0,89046,9569091,532881,9036210,116093,28137450,724,Moderate,Advanced,Emergency Fund,945028,180395,764633,2,Gold,46.26,14.2,71.15,51.0,45.0,Moderately Conservative
C01727,62,Accountant,0,205404,77697,20960,106747,635135,15655907,0,226577,16517619,894065,15623554,135163,16540977,719,Moderate,Advanced,Wealth Creation,7161810,811186,6350624,5,Gold,51.97,10.2,80.85,68.0,75.07,Moderately Aggressive
C01728,21,Designer,0,42055,16062,10755,15238,117614,76622,0,34365,228601,260990,-32389,106209,4597315,691,Moderately Conservative,Beginner,Buy House,5081100,53635,5027465,15,Equity MF,36.23,25.57,75.0,24.0,52.05,Moderate
C01729,37,Government Employee,3,93840,34573,24849,34418,358616,3315474,0,86607,3760697,835000,2925697,251082,16389190,784,Moderate,Beginner,Child Education,1736910,532770,1204140,7,ETF,36.68,26.48,76.6,44.0,61.93,Moderate
C01730,45,Bank Employee,2,252071,105376,62229,84466,1174538,14836934,10304007,771731,27087210,4470168,22617042,829812,54829492,815,Moderately Conservative,Intermediate,Retirement,40899335,6921927,33977408,15,PPF,33.51,24.69,84.0,35.0,61.95,Moderate
C01731,63,Data Scientist,1,411578,222204,59591,129783,1500900,15998324,0,547910,18047134,2692276,15354858,1500900,54826425,738,Moderately Conservative,Beginner,Emergency Fund,16799745,2143354,14656391,7,Equity MF,31.53,14.48,79.7,15.0,50.59,Moderate
C01732,45,Bank Employee,2,91464,44630,15581,31253,373294,4712505,3763538,187900,9037237,1419139,7618098,237273,14054186,711,Aggressive,Intermediate,Buy House,3442407,943642,2498765,7,Hybrid MF,34.17,17.04,82.4,87.0,84.47,Aggressive
C01733,57,Teacher,1,97633,59478,49560,0,496191,10000,0,332489,838680,1241523,-402843,183299,15438205,651,Conservative,Intermediate,Child Education,7207799,7000,7200799,10,Debt MF,0.0,50.76,33.4,12.0,23.77,Conservative
C01734,28,Government Employee,1,73055,41153,7437,24465,503542,483740,0,391477,1378759,161242,1217517,168521,5640561,718,Moderately Conservative,Advanced,Emergency Fund,592591,140019,452572,2,Debt MF,33.49,10.18,79.35,31.0,45.0,Moderately Conservative
C01735,24,Teacher,0,118829,37036,0,81793,163629,1091816,0,114459,1369904,0,1369904,163629,17914517,800,Aggressive,Advanced,Wealth Creation,11676907,764271,10912636,15,Gold,68.83,0.0,96.0,100.0,97.8,Aggressive
C01736,26,Teacher,2,56615,19540,10676,26399,164313,747618,0,100375,1012306,333179,679127,51079,5555777,733,Moderately Aggressive,Advanced,Wealth Creation,2159816,523332,1636484,7,PPF,46.63,18.86,80.25,88.0,83.74,Moderately Aggressive
C01737,43,Government Employee,2,137805,59102,6938,71765,469910,4622992,8938164,300035,14331101,542169,13788932,176146,24056382,717,Moderate,Intermediate,Child Education,4469975,812912,3657063,10,FD,52.08,5.03,90.5,52.0,73.18,Moderately Aggressive
C01738,55,Accountant,0,194269,77641,45894,70734,1022980,17670391,9144403,511486,28349260,2829958,25519302,417101,34638946,708,Moderately Aggressive,Intermediate,Buy House,22552650,1490838,21061812,15,Debt MF,36.41,23.62,82.5,72.0,77.78,Moderately Aggressive
C01739,47,Sales Executive,2,196933,96264,18735,81934,662085,10958887,0,274275,11895247,472382,11422865,148017,31381409,736,Aggressive,Intermediate,Child Education,5554741,1039679,4515062,7,Hybrid MF,41.61,9.51,87.1,87.0,87.06,Aggressive
C01740,26,Data Scientist,1,116333,50171,26736,39426,425152,1187259,0,317030,1929441,366583,1562858,151980,14607538,715,Conservative,Beginner,Retirement,21460773,831081,20629692,34,Gold,33.89,22.98,79.85,7.0,47.07,Moderately Conservative
C01741,21,Sales Executive,0,32882,13852,0,19030,56727,148516,0,14161,219404,0,219404,56727,2534253,840,Moderately Conservative,Beginner,Buy House,2408989,103961,2305028,10,PPF,57.87,0.0,93.2,24.0,62.06,Moderate
C01742,65,Doctor,0,190514,100006,31923,58585,1206806,8023720,10090753,882472,20203751,2821130,17382621,527895,28163391,702,Conservative,Advanced,Wealth Creation,17019018,4708906,12310112,15,Bonds,30.75,16.76,85.0,28.0,59.35,Moderate
C01743,62,Freelancer,2,222282,97398,65338,59546,328460,9843474,16168014,89978,26429926,8949508,17480418,328460,42384308,650,Conservative,Intermediate,Child Education,2265288,324363,1940925,2,Gold,26.79,29.39,55.25,12.0,35.79,Moderately Conservative
C01744,34,Software Engineer,0,122535,64965,17031,40539,513749,3387324,9982581,320636,14204290,1867329,12336961,186091,24056512,724,Moderately Conservative,Advanced,Retirement,25979426,2371126,23608300,26,PPF,33.08,13.9,85.65,43.0,66.46,Moderate
C01745,41,Software Engineer,2,363879,137520,32959,193400,1248403,11855655,26224503,679374,40007935,5695006,34312929,905824,77684973,763,Moderate,Intermediate,Child Education,1879233,576957,1302276,1,ETF,53.15,9.06,86.4,52.0,45.0,Moderately Conservative
C01746,23,Designer,0,114261,51096,55354,7811,623523,26778,0,318607,968908,2337511,-1368603,302668,17130387,651,Moderate,Intermediate,Wealth Creation,12798791,18744,12780047,20,Equity MF,6.84,48.45,55.0,60.0,57.25,Moderate
C01747,21,Freelancer,1,84969,48995,0,35974,200800,236950,0,63048,500798,0,500798,127233,19739574,735,Moderately Conservative,Beginner,Retirement,14777545,165865,14611680,39,FD,42.34,0.0,96.0,27.0,64.95,Moderate
C01748,34,Bank Employee,0,62113,28922,36179,0,112467,10000,4769663,29656,4921786,5275629,-353843,41665,4093372,651,Moderately Conservative,Intermediate,Wealth Creation,5026936,7000,5019936,10,Debt MF,0.0,58.25,31.85,40.0,35.52,Moderately Conservative
C01749,32,Freelancer,2,107487,63460,24943,19084,875890,1103640,8393365,466844,10839739,2223689,8616050,124661,15562589,791,Moderately Aggressive,Beginner,Buy House,9369732,772548,8597184,10,PPF,17.75,23.21,70.15,64.0,67.38,Moderate
C01750,27,Teacher,0,72975,33654,18223,21098,441764,855350,0,152797,1449911,872466,577445,110238,13201690,727,Moderately Aggressive,Intermediate,Retirement,14879936,598745,14281191,33,Equity MF,28.91,24.97,72.7,75.0,73.74,Moderately Aggressive
C01751,40,Doctor,2,176694,67883,19618,89193,324650,6241330,9294271,170452,16030703,1552162,14478541,163126,23041791,804,Moderate,Intermediate,Buy House,13374272,2001146,11373126,10,Hybrid MF,50.48,11.1,86.95,52.0,71.22,Moderately Aggressive
C01752,35,Sales Executive,2,94012,35233,13589,45190,444967,3804873,7823604,206194,12279638,2189107,10090531,237080,21006689,739,Moderate,Beginner,Retirement,10941737,728253,10213484,25,Equity MF,48.07,14.45,91.5,47.0,71.48,Moderately Aggressive
C01753,39,Teacher,1,103989,38592,16105,49292,163994,6307304,0,110427,6581725,282186,6299539,43382,17196332,755,Aggressive,Intermediate,Retirement,17009897,1633952,15375945,21,Gold,47.4,15.49,84.9,90.0,87.2,Aggressive
C01754,32,Accountant,0,72993,32267,20720,20006,137607,1271875,6067977,69626,7547085,1338814,6208271,91939,16432820,779,Conservative,Beginner,Wealth Creation,12112070,890312,11221758,20,PPF,27.41,28.39,73.95,12.0,46.07,Moderately Conservative
C01755,25,Doctor,0,131076,76209,29525,25342,156504,708913,0,71981,937398,1060073,-122675,156504,21394560,713,Moderate,Intermediate,Retirement,25751192,496239,25254953,35,FD,19.33,22.53,56.0,55.0,55.55,Moderate
C01756,39,Accountant,2,143871,68626,19659,55586,787800,3881085,11985000,213314,16867199,2795134,14072065,427862,10276985,719,Conservative,Beginner,Buy House,6539942,488521,6051421,7,Stocks,38.64,13.66,83.3,4.0,47.62,Moderately Conservative
C01757,43,Business Owner,2,322300,176274,185102,0,1746012,10000,15204054,581362,17541428,18076998,-535570,296391,71302245,652,Conservative,Beginner,Child Education,3078621,7000,3071621,2,ETF,0.0,57.43,27.1,4.0,16.71,Conservative
C01758,32,Doctor,0,193443,74402,0,119041,370661,6780857,14477808,125262,21754588,0,21754588,315780,45099247,766,Aggressive,Beginner,Child Education,829889,192353,637536,1,ETF,61.54,0.0,83.75,79.0,45.0,Moderately Conservative
C01759,35,Software Engineer,3,186720,77468,0,109252,489492,2932071,12992668,379596,16793827,0,16793827,189597,26853306,712,Moderate,Beginner,Wealth Creation,7072674,2052449,5020225,5,Gold,58.51,0.0,88.9,52.0,72.3,Moderately Aggressive
C01760,26,Software Engineer,1,69687,32032,0,37655,70612,472923,0,34596,578131,0,578131,70612,11703095,771,Moderate,Advanced,Retirement,12970815,331046,12639769,34,Debt MF,54.03,0.0,90.85,63.0,78.32,Moderately Aggressive
C01761,49,Doctor,2,143521,50591,30674,62256,544993,11987568,0,203985,12736546,659053,12077493,394619,33148744,729,Moderate,Intermediate,Buy House,17093318,6567394,10525924,20,ETF,43.38,21.37,88.4,52.0,72.02,Moderately Aggressive
C01762,38,Sales Executive,2,120613,49044,27093,44476,519314,2995328,4901745,299218,8715605,4419233,4296372,107775,9076068,759,Conservative,Beginner,Higher Education,2402594,183951,2218643,5,Gold,36.87,22.46,70.45,4.0,40.55,Moderately Conservative
C01763,32,Software Engineer,1,180229,82881,32574,64774,619247,3767407,12284495,273051,16944200,2896284,14047916,478319,17226652,753,Conservative,Beginner,Buy House,27861702,2637184,25224518,20,Debt MF,35.94,18.07,86.95,4.0,49.62,Moderate
C01764,53,Designer,0,186751,86450,15492,84809,294809,12158239,10887035,235813,23575896,2511805,21064091,294809,34531781,789,Moderately Aggressive,Advanced,Child Education,6356943,1094569,5262374,7,FD,45.41,8.3,86.2,80.0,83.41,Moderately Aggressive
C01765,21,Freelancer,1,87996,41150,0,46846,117516,142730,0,54536,314782,0,314782,117516,7534153,751,Moderately Conservative,Beginner,Retirement,15350262,99911,15250351,39,PPF,53.24,0.0,91.0,27.0,62.2,Moderate
C01766,65,Software Engineer,2,248147,106308,37342,104497,1108818,20551798,9164670,815737,31641023,5587880,26053143,430656,48852664,733,Moderately Aggressive,Beginner,Retirement,34217029,10860573,23356456,1,Debt MF,42.11,15.05,75.8,67.0,45.0,Moderately Conservative
C01767,26,Software Engineer,1,131228,43055,28001,60172,378876,1911205,0,142678,2432759,843113,1589646,48903,22231297,804,Moderate,Intermediate,Buy House,9618668,1337843,8280825,15,Bonds,45.85,21.34,81.85,52.0,68.42,Moderately Aggressive
C01768,37,Bank Employee,2,110864,36108,27160,47596,192946,3397613,0,118631,3709190,1229280,2479910,75586,12026286,698,Moderate,Beginner,Child Education,825885,146768,679117,3,PPF,42.93,24.5,71.8,44.0,59.29,Moderate
C01769,22,Data Scientist,0,64683,25880,6431,32372,171977,87503,0,117589,377069,185727,191342,37195,14600258,799,Conservative,Intermediate,Wealth Creation,2216575,61252,2155323,5,Hybrid MF,50.05,9.94,84.4,20.0,55.42,Moderate
C01770,56,Business Owner,0,126406,54269,0,72137,382054,18117315,0,241479,18740848,0,18740848,378606,28574396,774,Conservative,Advanced,Wealth Creation,15461804,4238873,11222931,20,Equity MF,57.07,0.0,95.35,28.0,65.04,Moderate
C01771,35,Designer,2,99780,53310,52608,0,447289,10000,3983945,190408,4631642,4655799,-24157,216791,13141075,703,Moderately Aggressive,Intermediate,Wealth Creation,8516410,7000,8509410,15,Equity MF,0.0,52.72,43.5,80.0,50.0,Moderate
C01772,29,Teacher,0,140438,54831,0,85607,271052,1185088,0,176452,1632592,0,1632592,174893,26875737,733,Conservative,Intermediate,Retirement,16807240,829561,15977679,31,Stocks,60.96,0.0,95.4,15.0,59.22,Moderate
C01773,28,Software Engineer,1,168924,91831,44608,32485,441656,992905,0,297312,1731873,1109750,622123,351245,21215876,721,Moderately Aggressive,Advanced,Retirement,27610626,695033,26915593,32,Bonds,19.23,26.41,63.55,83.0,72.3,Moderately Aggressive
C01774,49,Teacher,3,71036,36729,20943,13364,159919,2331106,4917333,114623,7522981,3645026,3877955,50749,5054098,769,Conservative,Intermediate,Buy House,3556229,739751,2816478,10,ETF,18.81,29.48,55.6,12.0,35.98,Moderately Conservative
C01775,40,Teacher,2,134083,77888,14708,41487,448472,6001661,10230110,258723,16938966,2607548,14331418,448472,25608056,741,Conservative,Beginner,Wealth Creation,7354324,1178921,6175403,7,Debt MF,30.94,10.97,79.15,12.0,48.93,Moderate
C01776,23,Doctor,1,49441,19801,9504,20136,122732,133920,0,95312,351964,122450,229514,42509,11120705,720,Moderate,Beginner,Retirement,6751401,93744,6657657,37,Stocks,40.73,19.22,86.0,47.0,68.45,Moderately Aggressive
C01777,26,Bank Employee,1,85837,35192,26292,24353,305566,361234,0,211865,878665,959916,-81251,246147,15552860,733,Moderately Aggressive,Intermediate,Buy House,2738167,252863,2485304,5,Equity MF,28.37,30.63,64.25,72.0,67.74,Moderate
C01778,26,Government Employee,1,56131,24241,6788,25102,180016,402484,0,69579,652079,265403,386676,26315,6333707,777,Moderate,Advanced,Retirement,8268659,281738,7986921,34,FD,44.72,12.09,85.85,63.0,75.57,Moderately Aggressive
C01779,21,Software Engineer,0,72665,26267,20153,26245,288600,156135,0,224753,669488,694334,-24846,38821,11654294,712,Conservative,Beginner,Retirement,10952857,109294,10843563,39,FD,36.12,27.73,75.0,7.0,44.4,Moderately Conservative
C01780,53,Doctor,1,198147,96036,31653,70458,301090,8479685,13267793,224493,22273061,5036585,17236476,301090,32508951,665,Conservative,Beginner,Child Education,2713788,141623,2572165,3,Gold,35.56,15.97,71.4,4.0,41.07,Moderately Conservative
C01781,30,Accountant,2,46678,18257,0,28421,72175,1480988,0,30306,1583469,0,1583469,72175,9221795,773,Moderately Conservative,Intermediate,Retirement,7959060,1036691,6922369,30,Gold,60.89,0.0,95.25,35.0,68.14,Moderately Aggressive
C01782,24,Software Engineer,0,63611,32352,18440,12819,313929,85388,0,72690,472007,327550,144457,89385,12415387,732,Moderate,Advanced,Buy House,5654125,59771,5594354,10,Bonds,20.15,28.99,70.2,60.0,65.61,Moderate
C01783,43,Freelancer,2,105772,42463,9673,53636,472735,9729568,0,155242,10357545,277978,10079567,313393,18545820,700,Moderate,Intermediate,Buy House,4409469,1331876,3077593,5,PPF,50.71,9.15,91.7,52.0,73.84,Moderately Aggressive
C01784,57,Software Engineer,1,204664,63089,33532,108043,690924,18588939,0,505962,19785825,720354,19065471,202216,31692452,839,Moderately Conservative,Intermediate,Retirement,17679074,2259019,15420055,3,FD,52.79,16.38,82.8,35.0,61.29,Moderate
C01785,27,Accountant,0,50851,22366,10990,17495,80287,318725,0,46146,445158,193845,251313,77542,3657743,767,Moderate,Intermediate,Wealth Creation,6973934,223107,6750827,15,Hybrid MF,34.4,21.61,76.7,60.0,69.19,Moderately Aggressive
C01786,63,Sales Executive,0,210157,106282,26665,77210,568292,10151276,0,396323,11115891,476812,10639079,517591,28347024,816,Conservative,Beginner,Higher Education,2530649,155966,2374683,2,Debt MF,36.74,12.69,70.1,4.0,40.35,Moderately Conservative
C01787,22,Data Scientist,0,159819,91698,0,68121,1122239,463990,0,547587,2133816,0,2133816,162946,16482211,799,Conservative,Advanced,Retirement,38346345,324793,38021552,38,Hybrid MF,42.62,0.0,100.0,23.0,65.35,Moderate
C01788,52,Doctor,0,190395,67812,11112,111471,704460,17155704,14310780,274916,32445860,1895431,30550429,498291,18290341,694,Moderate,Intermediate,Emergency Fund,450342,33433,416909,1,Debt MF,58.55,5.84,84.75,43.0,45.0,Moderately Conservative
C01789,43,Data Scientist,2,155894,54559,34397,66938,566425,6692564,10575949,429670,18264608,4126236,14138372,169327,20199773,756,Moderate,Intermediate,Wealth Creation,5762941,1873777,3889164,7,Gold,42.94,22.06,80.7,60.0,71.39,Moderately Aggressive
C01790,59,Business Owner,0,225582,69769,16433,139380,365395,18294478,17433440,176279,36269592,1942839,34326753,229235,22143234,768,Moderate,Beginner,Wealth Creation,5676093,945681,4730412,5,Stocks,61.79,7.28,85.3,52.0,70.31,Moderately Aggressive
C01791,35,Sales Executive,1,87122,31920,25824,29378,333522,1905939,3547093,143149,5929703,4624637,1305066,155936,10581000,773,Moderately Conservative,Intermediate,Buy House,4417686,1133431,3284255,7,Hybrid MF,33.72,29.64,70.9,32.0,53.4,Moderate
C01792,37,Freelancer,3,165985,95017,30703,40265,373897,2493423,13323772,94436,16285528,2347211,13938317,308081,32955766,727,Moderately Aggressive,Advanced,Wealth Creation,6511230,1513589,4997641,5,Hybrid MF,24.26,18.5,74.6,88.0,80.63,Moderately Aggressive
C01793,61,Sales Executive,2,177376,85510,21702,70164,995339,10760734,14276473,754471,26787017,3271233,23515784,395573,14365699,775,Conservative,Advanced,Buy House,8900789,2199631,6701158,10,ETF,39.56,12.24,82.8,20.0,54.54,Moderate
C01794,33,Bank Employee,0,120902,56821,0,64081,215350,1523108,6564152,122311,8424921,0,8424921,142879,25339796,747,Moderately Conservative,Intermediate,Wealth Creation,4458470,985995,3472475,7,ETF,53.0,0.0,89.2,40.0,67.06,Moderate
C01795,50,Sales Executive,1,44809,21658,13129,10022,248197,1509303,2000595,122388,3880483,1022313,2858170,92461,3212415,672,Moderate,Advanced,Retirement,6948341,1056512,5891829,10,Hybrid MF,22.37,29.3,72.45,63.0,68.2,Moderately Aggressive
C01796,46,Business Owner,1,224025,88188,68371,67466,231602,8702132,11547372,73646,20554752,6636926,13917826,231602,36697175,748,Moderately Conservative,Intermediate,Emergency Fund,1309617,243611,1066006,2,Gold,30.12,30.52,57.65,23.0,42.06,Moderately Conservative
C01797,41,Bank Employee,3,72090,29574,5215,37301,191085,4693321,0,81001,4965407,225529,4739878,96171,13828938,697,Conservative,Beginner,Wealth Creation,4022524,1302042,2720482,7,Hybrid MF,51.74,7.23,88.0,12.0,53.8,Moderate
C01798,30,Government Employee,0,98793,46525,17217,35051,537444,1063093,6713464,117279,8431280,1440546,6990734,232245,10801520,748,Moderately Conservative,Beginner,Buy House,12536903,744165,11792738,15,Gold,35.48,17.43,87.25,24.0,58.79,Moderate
C01799,38,Doctor,3,137104,46521,37293,53290,264231,6009324,0,97050,6370605,1672850,4697755,264231,18460351,642,Moderate,Intermediate,Wealth Creation,4347876,525621,3822255,5,Hybrid MF,38.87,27.2,72.45,60.0,66.85,Moderate
C01800,24,Government Employee,0,33836,18552,9666,5618,129978,84634,0,64858,279470,145703,133767,125350,3365628,749,Conservative,Intermediate,Retirement,5645290,59243,5586047,36,Hybrid MF,16.6,28.57,68.0,15.0,44.15,Moderately Conservative
C01801,45,Sales Executive,2,272158,148359,50574,73225,1508934,5555705,0,396498,7461137,1900105,5561032,879786,21911113,697,Conservative,Advanced,Wealth Creation,20543645,3888993,16654652,10,Stocks,26.91,18.58,77.2,28.0,55.06,Moderate
C01802,22,Software Engineer,0,45175,23149,4988,17038,282105,87387,0,77242,446734,186439,260295,24707,4712371,741,Moderate,Beginner,Wealth Creation,6305894,61170,6244724,15,Debt MF,37.72,11.04,85.0,52.0,70.15,Moderately Aggressive
C01803,24,Software Engineer,0,78053,31463,8941,37649,270002,223203,0,185500,678705,218916,459789,177009,18009195,683,Moderate,Advanced,Wealth Creation,2826434,156242,2670192,5,PPF,48.24,11.46,84.4,68.0,77.02,Moderately Aggressive
C01804,21,Designer,0,95149,38471,14653,42025,385404,377094,0,103479,865977,413486,452491,49630,21037675,753,Moderate,Advanced,Retirement,9263849,263965,8999884,39,Stocks,44.17,15.4,86.0,63.0,75.65,Moderately Aggressive
C01805,24,Business Owner,0,92209,48048,18783,25378,597210,157351,0,354513,1109074,301823,807251,323783,18688912,825,Moderately Aggressive,Intermediate,Retirement,20718660,110145,20608515,36,Bonds,27.52,20.37,79.0,75.0,77.2,Moderately Aggressive
C01806,28,Teacher,1,73969,36944,16128,20897,154229,874488,0,112953,1141670,501438,640232,154229,15060226,723,Aggressive,Advanced,Retirement,14367850,612141,13755709,32,Hybrid MF,28.25,21.8,71.55,98.0,83.45,Moderately Aggressive
C01807,43,Designer,2,75091,40396,16491,18204,232317,1128425,0,154506,1515248,347897,1167351,55991,14883117,684,Moderate,Beginner,Wealth Creation,4497346,735388,3761958,10,Bonds,24.24,21.96,69.5,52.0,61.62,Moderate
C01808,34,Sales Executive,1,77604,34784,22638,20182,471842,707974,0,321136,1500952,588705,912247,85018,10122100,752,Moderate,Intermediate,Child Education,3325420,257053,3068367,7,Gold,26.01,29.17,69.05,52.0,61.38,Moderate
C01809,53,Accountant,0,72838,32895,6726,33217,305711,7943915,5538072,67355,13855053,462737,13392316,182118,9699438,711,Moderately Conservative,Beginner,Travel,1363695,529386,834309,5,Gold,45.6,9.23,90.2,27.0,61.76,Moderate
C01810,29,Freelancer,0,204921,63605,28850,112466,793878,3235601,0,288448,4317927,910389,3407538,182380,19130159,773,Moderate,Intermediate,Wealth Creation,7997017,1498983,6498034,7,PPF,54.88,14.08,86.8,60.0,74.74,Moderately Aggressive
C01811,23,Bank Employee,0,40171,12543,0,27628,170456,164314,0,67798,402568,0,402568,94924,5047083,829,Moderate,Intermediate,Buy House,3736834,115019,3621815,10,ETF,68.78,0.0,97.2,52.0,76.86,Moderately Aggressive
C01812,34,Government Employee,0,94474,40663,21375,32436,383628,1453351,5360826,111221,7309026,3283459,4025567,181964,8901876,758,Moderate,Advanced,Emergency Fund,4990330,852800,4137530,10,Hybrid MF,34.33,22.63,76.85,51.0,65.22,Moderate
C01813,38,Freelancer,2,105431,36102,21359,47970,96528,4388193,6894172,67969,11446862,1398155,10048707,96528,17033022,763,Moderate,Intermediate,Child Education,1184254,224973,959281,5,PPF,45.5,20.26,75.45,52.0,64.9,Moderate
C01814,48,Designer,1,74365,23383,6827,44155,325715,4188060,4875748,150356,9539879,1112780,8427099,24689,17804452,742,Moderately Aggressive,Intermediate,Buy House,2259830,862897,1396933,5,PPF,59.38,9.18,90.95,72.0,82.42,Moderately Aggressive
C01815,48,Doctor,3,127531,59248,30337,37946,370062,6800939,8436043,166238,15773282,4662731,11110551,200689,26260442,752,Moderately Aggressive,Intermediate,Child Education,1778636,689391,1089245,3,Debt MF,29.75,23.79,60.15,72.0,65.48,Moderate
C01816,50,Business Owner,2,141063,51107,0,89956,219399,15259947,0,166595,15645941,0,15645941,73547,18448506,805,Conservative,Advanced,Wealth Creation,7784420,2826656,4957764,10,Gold,63.77,0.0,84.45,28.0,59.05,Moderate
C01817,25,Bank Employee,0,100984,50447,0,50537,245859,372422,0,154438,772719,0,772719,245859,7327184,791,Conservative,Intermediate,Wealth Creation,2546380,260695,2285685,5,Hybrid MF,50.04,0.0,90.4,20.0,58.72,Moderate
C01818,30,Consultant,2,88285,30584,7357,50344,285372,2947201,5846051,221917,9300541,522607,8777934,53034,11552037,683,Moderately Conservative,Beginner,Wealth Creation,8650189,2063040,6587149,15,Debt MF,57.02,8.33,95.25,32.0,66.79,Moderate
C01819,38,Freelancer,2,96960,36847,12937,47176,255017,2911744,3571967,191643,6930371,1324524,5605847,63075,19067266,704,Aggressive,Advanced,Higher Education,2174026,256115,1917911,7,Gold,48.66,13.34,81.45,95.0,87.55,Aggressive
C01820,60,Bank Employee,1,123386,72182,30211,20993,802558,3074489,7554193,218649,11649889,4900843,6749046,573180,16677562,792,Moderate,Intermediate,Emergency Fund,2509544,743324,1766220,3,Equity MF,17.01,24.48,57.35,43.0,50.89,Moderate
C01821,21,Government Employee,1,29025,15355,7834,5836,178894,19785,0,64380,263059,141379,121680,113056,3971826,738,Aggressive,Intermediate,Wealth Creation,4995826,13849,4981977,20,ETF,20.11,26.99,73.0,95.0,82.9,Moderately Aggressive
C01822,34,Business Owner,1,136893,48637,23269,64987,637197,2723414,0,244708,3605319,975754,2629565,203380,9010909,677,Moderately Aggressive,Beginner,Buy House,5168091,1525580,3642511,5,ETF,47.47,17.0,86.05,64.0,76.13,Moderately Aggressive
C01823,28,Government Employee,0,70028,31156,28676,10196,169414,194556,0,41610,405580,1092719,-687139,169414,8571564,598,Moderate,Intermediate,Emergency Fund,2555568,136189,2419379,7,Hybrid MF,14.56,40.95,49.95,43.0,46.82,Moderately Conservative
C01824,47,Doctor,2,186239,88552,50203,47484,204609,2464039,0,53707,2722355,1294370,1427985,170044,18669871,659,Moderately Conservative,Beginner,Retirement,38919468,1724827,37194641,13,FD,25.5,26.96,63.7,27.0,47.19,Moderately Conservative
C01825,24,Teacher,0,67847,20540,17821,29486,68875,297461,0,44200,410536,429983,-19447,68875,15810285,808,Moderately Conservative,Beginner,Wealth Creation,2918855,208222,2710633,5,Debt MF,43.46,26.27,70.4,32.0,53.12,Moderate
C01826,51,Sales Executive,0,125161,51896,34641,38624,520242,3010408,0,406807,3937457,897430,3040027,232944,11127424,756,Moderate,Intermediate,Retirement,22697048,2107285,20589763,9,PPF,30.86,27.68,77.3,55.0,67.27,Moderate
C01827,40,Software Engineer,2,85908,33988,0,51920,97022,2987121,6160102,67745,9311990,0,9311990,97022,19671509,753,Moderately Aggressive,Advanced,Buy House,5125705,1749686,3376019,7,Debt MF,60.44,0.0,83.15,80.0,81.73,Moderately Aggressive
C01828,30,Designer,1,82816,29248,15275,38293,307103,1997085,4755606,202518,7262312,2542300,4720012,131855,19678931,719,Moderate,Intermediate,Retirement,7282082,1397959,5884123,30,PPF,46.24,18.44,89.25,55.0,73.84,Moderately Aggressive
C01829,32,Consultant,0,98312,55483,26706,16123,492438,761602,6865356,284446,8403842,2480142,5923700,270533,10225659,680,Moderately Aggressive,Beginner,Child Education,5891356,533121,5358235,10,Bonds,16.4,27.16,67.15,64.0,65.73,Moderate
C01830,60,Teacher,0,329080,130115,31741,167224,261055,41217387,26259828,71929,67810199,4468238,63341961,261055,65892449,676,Moderately Conservative,Advanced,Child Education,5593513,726896,4866617,7,ETF,50.82,9.65,80.15,40.0,62.08,Moderate
C01831,47,Sales Executive,2,78696,30695,13429,34572,105781,4740167,4759630,26870,9632448,2087969,7544479,39238,11455840,686,Moderate,Intermediate,Retirement,11590434,3318116,8272318,13,Bonds,43.93,17.06,80.7,55.0,69.14,Moderately Aggressive
C01832,65,Teacher,0,129147,53739,40841,34567,564022,4844865,6156624,306431,11871942,3558600,8313342,323968,23562786,724,Conservative,Beginner,Buy House,4449838,1596341,2853497,5,ETF,26.77,31.62,64.4,4.0,37.22,Moderately Conservative
C01833,27,Accountant,1,80091,33093,16978,30020,151058,576177,0,84774,812009,732357,79652,151058,11188791,700,Conservative,Beginner,Child Education,708253,95210,613043,2,Hybrid MF,37.48,21.2,59.5,4.0,34.52,Moderately Conservative
C01834,35,Freelancer,2,295237,113508,73482,108247,1036955,4255680,15922256,415314,21630205,13049658,8580547,457098,53746982,707,Moderate,Intermediate,Retirement,34800328,2978976,31821352,25,Hybrid MF,36.66,24.89,76.5,55.0,66.83,Moderate
C01835,49,Sales Executive,2,144165,72137,0,72028,705962,6282740,0,421273,7409975,0,7409975,511591,18910170,762,Moderately Conservative,Beginner,Retirement,27979565,4397918,23581647,11,Bonds,49.96,0.0,93.6,27.0,63.63,Moderate
C01836,58,Sales Executive,1,123937,70094,0,53843,579077,5788269,10189014,179146,16735506,0,16735506,410602,25637138,762,Moderate,Intermediate,Travel,997503,394975,602528,1,FD,43.44,0.0,83.85,55.0,45.0,Moderately Conservative
C01837,34,Data Scientist,2,199272,78640,37683,82949,262876,9060960,15413986,157994,24895816,6603301,18292515,262876,43804291,782,Moderately Conservative,Intermediate,Wealth Creation,15293804,6048184,9245620,15,Stocks,41.63,18.91,87.65,40.0,66.21,Moderate
C01838,34,Doctor,2,162932,78013,50025,34894,303214,1219965,9078280,114668,10716127,6367290,4348837,303214,14495470,766,Conservative,Beginner,Buy House,16488645,853975,15634670,15,Gold,21.42,30.7,67.65,4.0,39.01,Moderately Conservative
C01839,55,Consultant,1,125017,49853,0,75164,220515,6126603,0,166943,6514061,0,6514061,220515,18243384,701,Moderately Conservative,Intermediate,Retirement,14702303,4288622,10413681,5,Equity MF,60.12,0.0,85.9,35.0,63.0,Moderate
C01840,37,Sales Executive,1,53114,27093,15158,10863,340875,1013636,2993112,219537,4567160,1986171,2580989,40311,4492809,762,Conservative,Beginner,Buy House,2548866,603317,1945549,7,Equity MF,20.45,28.54,68.6,4.0,39.53,Moderately Conservative
C01841,55,Consultant,0,128445,68355,17518,42572,634318,4466158,4817601,483380,10401457,1798497,8602960,326141,11030185,723,Conservative,Intermediate,Emergency Fund,637744,229691,408053,1,Hybrid MF,33.14,13.64,72.3,3.0,41.12,Moderately Conservative
C01842,29,Designer,0,42179,17667,0,24512,76339,432811,0,49491,558641,0,558641,17755,4484573,701,Moderately Aggressive,Intermediate,Retirement,5751545,302967,5448578,31,Bonds,58.11,0.0,90.4,75.0,83.47,Moderately Aggressive
C01843,48,Doctor,3,246212,100566,23763,121883,1261008,9406846,19616418,703536,30987808,3468158,27519650,693392,37977550,756,Moderately Aggressive,Intermediate,Wealth Creation,8848233,1600804,7247429,7,Hybrid MF,49.5,9.65,90.95,80.0,86.02,Aggressive
C01844,35,Designer,2,152316,91741,33695,26880,271664,2970920,0,98235,3340819,1251695,2089124,271664,17328542,752,Conservative,Beginner,Travel,7575156,1896568,5678588,7,PPF,17.65,22.12,54.9,7.0,33.34,Moderately Conservative
C01845,27,Government Employee,2,76238,35095,22377,18766,437599,637439,0,319556,1394594,816290,578304,160767,17361096,741,Conservative,Beginner,Higher Education,931592,209916,721676,2,FD,24.62,29.35,61.5,4.0,35.62,Moderately Conservative
C01846,28,Bank Employee,0,25000,10502,12559,1939,23392,32939,0,7854,64185,340491,-276306,23392,3793989,608,Conservative,Beginner,Higher Education,1044046,23057,1020989,10,Hybrid MF,7.76,50.24,37.75,4.0,22.56,Conservative
C01847,58,Designer,2,258954,126815,0,132139,1357616,12665393,21532887,911514,36467410,0,36467410,634578,18416457,794,Moderately Conservative,Beginner,Wealth Creation,16498245,3901855,12596390,10,Bonds,51.03,0.0,92.25,32.0,65.14,Moderate
C01848,21,Accountant,0,35322,10455,9982,14885,81394,54358,0,59836,195588,443466,-247878,26869,6905049,737,Conservative,Beginner,Buy House,3301885,38050,3263835,15,FD,42.14,28.26,76.0,4.0,43.6,Moderately Conservative
C01849,59,Designer,0,159917,83633,39073,37211,312127,8517247,0,99627,8929001,1100577,7828424,312127,12394435,733,Conservative,Intermediate,Retirement,30928181,5962072,24966109,1,PPF,23.27,24.43,61.7,15.0,40.69,Moderately Conservative
C01850,38,Business Owner,1,75346,30455,13893,30998,268245,3394365,0,62048,3724658,448537,3276121,119526,9417438,737,Moderately Conservative,Intermediate,Travel,2445281,394033,2051248,7,Gold,41.14,18.44,88.45,35.0,64.4,Moderate
C01851,55,Doctor,0,265394,121701,62277,81416,1699714,12034898,17899701,1261120,32895433,4339728,28555705,227321,32500034,780,Moderately Conservative,Intermediate,Travel,8418059,2473028,5945031,7,Equity MF,30.68,23.47,76.9,35.0,58.05,Moderate
C01852,46,Sales Executive,2,112826,45661,0,67165,160047,4433661,0,93783,4687491,0,4687491,160047,7580708,726,Moderate,Beginner,Child Education,404552,131853,272699,1,Bonds,59.53,0.0,81.65,44.0,45.0,Moderately Conservative
C01853,44,Business Owner,1,273815,122662,56881,94272,1091566,12856602,0,275420,14223588,1267240,12956348,886726,45509780,775,Moderate,Beginner,Retirement,31073969,8999621,22074348,16,Bonds,34.43,20.77,84.15,47.0,67.43,Moderate
C01854,34,Sales Executive,0,77885,40656,20250,16979,156962,1780264,6356373,70097,8363696,3596198,4767498,59984,15762101,666,Moderately Conservative,Intermediate,Buy House,12041550,1246184,10795366,20,Hybrid MF,21.8,26.0,65.65,32.0,50.51,Moderate
C01855,42,Software Engineer,2,142266,54457,8079,79730,540362,9237214,0,402972,10180548,288311,9892237,314634,8597004,769,Moderately Conservative,Intermediate,Retirement,16160077,3961259,12198818,18,Bonds,56.04,5.68,97.45,35.0,69.35,Moderately Aggressive
C01856,21,Freelancer,0,65394,34952,16388,14054,294130,37044,0,187184,518358,594908,-76550,100852,10210917,697,Aggressive,Intermediate,Child Education,3276095,25930,3250165,10,ETF,21.49,25.06,63.2,87.0,73.91,Moderately Aggressive
C01857,51,Sales Executive,0,255658,113008,72736,69914,1269464,16073093,16399725,784344,34526626,6878669,27647957,428091,58921257,672,Conservative,Beginner,Retirement,41486385,11251165,30235220,9,Bonds,27.35,28.45,72.3,7.0,42.91,Moderately Conservative
C01858,51,Data Scientist,0,129594,46687,80125,2782,421314,373007,0,193592,987913,3191471,-2203558,84889,20037875,637,Moderately Aggressive,Intermediate,Travel,901667,213411,688256,2,FD,2.15,61.83,30.9,75.0,45.0,Moderately Conservative
C01859,32,Freelancer,1,79051,34537,50257,0,135057,10000,6024988,98013,6268058,5414547,853511,135057,9356975,623,Conservative,Intermediate,Retirement,12356669,7000,12349669,28,Bonds,0.0,63.58,39.95,15.0,28.72,Conservative
C01860,44,Government Employee,2,48581,19456,4086,25039,43617,1839807,3626623,24049,5534096,264721,5269375,43617,7969766,768,Moderately Aggressive,Advanced,Emergency Fund,890175,61666,828509,7,Gold,51.54,8.41,82.55,71.0,77.35,Moderately Aggressive
C01861,28,Software Engineer,2,143458,74888,24292,44278,883525,1845468,0,683743,3412736,930427,2482309,357940,33613200,738,Moderate,Intermediate,Child Education,1263680,415305,848375,2,Hybrid MF,30.86,16.93,76.35,52.0,45.0,Moderately Conservative
C01862,24,Sales Executive,0,100947,41619,28824,30504,351797,269625,0,263625,885047,473277,411770,226068,13341488,714,Aggressive,Intermediate,Buy House,7896564,188737,7707827,15,PPF,30.22,28.55,78.0,87.0,82.05,Moderately Aggressive
C01863,35,Bank Employee,2,126595,45490,10511,70594,604623,2390133,8405063,280673,11680492,1335738,10344754,91532,22917920,759,Moderate,Intermediate,Child Education,1883146,216577,1666569,3,Hybrid MF,55.76,8.3,90.1,52.0,72.95,Moderately Aggressive
C01864,29,Software Engineer,2,90439,45381,23229,21829,433932,476513,0,231037,1141482,735826,405656,327696,20009822,722,Conservative,Advanced,Wealth Creation,6227219,333559,5893660,10,PPF,24.14,25.68,69.6,28.0,50.88,Moderate
C01865,29,Software Engineer,2,121125,40836,19001,61288,116880,2958606,0,54858,3130344,457063,2673281,116880,24228304,765,Aggressive,Advanced,Travel,1424979,374875,1050104,5,Gold,50.6,15.69,80.8,98.0,88.54,Aggressive
C01866,42,Business Owner,1,93008,41138,22551,29319,94155,1666674,5123794,61416,6946039,1386526,5559513,51996,9860339,805,Moderate,Intermediate,Buy House,3906048,498344,3407704,5,Bonds,31.52,24.25,66.85,52.0,60.17,Moderate
C01867,30,Business Owner,2,109105,51175,25462,32468,289331,2077782,0,121638,2488751,683305,1805446,289331,12517247,775,Moderate,Beginner,Travel,1210364,333120,877244,3,Stocks,29.76,23.34,65.85,47.0,57.37,Moderate
C01868,22,Consultant,0,54796,23632,14406,16758,141746,91716,0,108061,341523,484760,-143237,69902,10811556,708,Moderately Conservative,Intermediate,Wealth Creation,1805080,64201,1740879,5,FD,30.58,26.29,65.4,40.0,53.97,Moderate
C01869,29,Software Engineer,2,181760,73446,29476,78838,710866,3113827,0,188783,4013476,1309021,2704455,564708,34422269,755,Moderately Conservative,Advanced,Child Education,1781424,116803,1664621,2,FD,43.37,16.22,78.2,40.0,45.0,Moderately Conservative
C01870,49,Bank Employee,1,301549,162284,91300,47965,1076043,4589108,16704487,715470,23085108,14756595,8328513,1076043,18883185,740,Moderate,Beginner,Retirement,56883173,3212375,53670798,11,Equity MF,15.91,30.28,61.6,47.0,55.03,Moderate
C01871,61,Consultant,1,449867,152635,0,297232,958687,28025782,30527963,593178,60105610,0,60105610,721879,69245250,703,Conservative,Intermediate,Buy House,80242107,19618047,60624060,20,FD,66.07,0.0,90.6,12.0,55.23,Moderate
C01872,24,Business Owner,0,102491,43308,9406,49777,370257,337606,0,83517,791380,183962,607418,133265,19531168,776,Moderate,Advanced,Emergency Fund,5257176,236324,5020852,10,Gold,48.57,9.18,90.2,51.0,72.56,Moderately Aggressive
C01873,40,Bank Employee,3,173136,95885,48094,29157,1332840,1336221,0,463292,3132353,1339693,1792660,689012,18002541,765,Moderate,Intermediate,Wealth Creation,7882980,769985,7112995,5,ETF,16.84,27.78,63.15,60.0,61.73,Moderate
C01874,21,Sales Executive,0,42120,18178,17081,6861,118343,27656,0,77673,223672,530980,-307308,72937,5982886,655,Moderately Conservative,Beginner,Higher Education,371520,19359,352161,2,Bonds,16.29,40.55,44.8,24.0,35.44,Moderately Conservative
C01875,22,Accountant,0,97167,50032,26247,20888,166956,143650,0,132401,443007,823006,-379999,166956,16032194,667,Moderately Aggressive,Advanced,Retirement,19444260,100555,19343705,38,Equity MF,21.5,27.01,66.0,83.0,73.65,Moderately Aggressive
C01876,34,Business Owner,1,66845,30950,7861,28034,369877,1650976,2662570,240650,4924073,1299002,3625071,232700,11576187,835,Moderately Conservative,Beginner,Buy House,1695105,102947,1592158,5,PPF,41.94,11.76,86.05,24.0,58.13,Moderate
C01877,47,Business Owner,3,185563,72714,10567,102282,244729,5411859,13962516,69913,19689017,827369,18861648,244729,41997450,798,Moderately Conservative,Beginner,Higher Education,3167982,909546,2258436,7,Stocks,55.12,5.69,87.1,24.0,58.7,Moderate
C01878,26,Freelancer,0,90934,40721,16828,33385,131824,589595,0,58619,780038,773586,6452,112359,9719739,790,Conservative,Beginner,Wealth Creation,11845709,412716,11432993,20,Hybrid MF,36.71,18.51,69.85,12.0,43.82,Moderately Conservative
C01879,41,Teacher,3,139620,69826,0,69794,907765,8711094,9413972,379661,19412492,0,19412492,105643,29844790,791,Moderate,Intermediate,Retirement,26121068,6097765,20023303,19,Hybrid MF,49.99,0.0,97.6,55.0,78.43,Moderately Aggressive
C01880,47,Doctor,3,231025,123673,30680,76672,1389234,6684730,16884259,448637,25406860,4804110,20602750,843766,54982199,657,Moderate,Intermediate,Wealth Creation,13425257,1218463,12206794,7,Bonds,33.19,13.28,79.1,60.0,70.5,Moderately Aggressive
C01881,44,Business Owner,2,109964,43199,33842,32923,519771,5575866,5215302,393303,11704242,4869121,6835121,333176,19484054,753,Moderately Aggressive,Intermediate,Buy House,17494189,3608210,13885979,20,ETF,29.94,30.78,73.15,72.0,72.63,Moderately Aggressive
C01882,41,Accountant,2,121835,42926,31142,47767,412883,3361922,8422619,134546,12331970,3675590,8656380,219984,24620404,715,Moderately Conservative,Beginner,Buy House,10797537,2353345,8444192,10,Gold,39.21,25.56,75.8,24.0,52.49,Moderate
C01883,31,Software Engineer,1,116582,53894,28577,34111,688232,2236887,0,199675,3124794,350288,2774506,94574,14446856,714,Moderate,Intermediate,Child Education,5569773,1565820,4003953,10,Gold,29.26,24.51,78.3,52.0,66.47,Moderate
C01884,30,Bank Employee,1,163011,73570,11007,78434,271843,3361462,10607577,118704,14359586,1788807,12570779,271843,34565895,719,Conservative,Intermediate,Emergency Fund,5187322,506829,4680493,5,Bonds,48.12,6.75,89.65,3.0,50.66,Moderate
C01885,41,Accountant,4,90640,31072,17668,41900,424846,6219355,0,219799,6864000,273967,6590033,176160,7849458,772,Moderately Conservative,Intermediate,Retirement,10474346,2430569,8043777,19,Gold,46.23,19.49,93.6,35.0,67.23,Moderate
C01886,46,Accountant,3,76707,32513,21847,22347,135797,1897905,0,78426,2112128,637379,1474749,135797,9700166,776,Moderate,Intermediate,Buy House,14160386,1328533,12831853,20,Gold,29.13,28.48,68.85,52.0,61.27,Moderate
C01887,41,Business Owner,3,266802,120987,0,145815,1077334,9915030,9890313,293767,21176444,0,21176444,210193,61950106,745,Moderately Aggressive,Intermediate,Buy House,14549852,5303124,9246728,7,Bonds,54.65,0.0,88.0,72.0,80.8,Moderately Aggressive
C01888,56,Doctor,2,239210,119741,46793,72676,1515086,9196588,0,811316,11522990,933527,10589463,860611,29550524,753,Moderately Aggressive,Beginner,Wealth Creation,26581313,6437611,20143702,15,PPF,30.38,19.56,86.35,72.0,79.89,Moderately Aggressive
C01889,55,Bank Employee,0,224891,92574,54144,78173,372779,9931723,13392181,94471,23791154,4838842,18952312,245150,26192238,700,Moderate,Advanced,Wealth Creation,39978722,2935524,37043198,20,Equity MF,34.76,24.08,75.5,68.0,72.12,Moderately Aggressive
C01890,35,Bank Employee,3,239924,87218,58661,94045,291313,6842808,16710882,185864,24030867,5302432,18728435,95690,44358842,749,Aggressive,Intermediate,Retirement,31616768,4789965,26826803,25,PPF,39.2,24.45,73.5,90.0,80.93,Moderately Aggressive
C01891,22,Accountant,0,76611,36282,15463,24866,449711,102861,0,346628,899200,185905,713295,152377,18384451,758,Moderately Aggressive,Intermediate,Child Education,4662029,72002,4590027,10,Gold,32.46,20.18,81.2,72.0,77.06,Moderately Aggressive
C01892,30,Business Owner,2,150284,64464,36103,49717,159763,1171570,11494461,80730,12906524,2942324,9964200,159763,16322818,704,Moderately Aggressive,Intermediate,Emergency Fund,1175608,200900,974708,2,PPF,33.08,24.02,63.05,63.0,45.0,Moderately Conservative
C01893,28,Software Engineer,2,124419,59972,7073,57374,413506,1999503,0,114194,2527203,328089,2199114,400445,23678091,774,Moderately Conservative,Intermediate,Buy House,15711219,1399652,14311567,20,Equity MF,46.11,5.68,99.55,32.0,69.15,Moderately Aggressive
C01894,21,Teacher,0,46043,26055,8129,11859,357324,82355,0,73636,513315,371328,141987,184103,5009493,697,Moderately Aggressive,Intermediate,Buy House,1687679,57648,1630031,5,ETF,25.76,17.66,71.4,72.0,71.67,Moderately Aggressive
C01895,39,Software Engineer,2,210227,82974,49716,77537,364484,2327043,0,198493,2890020,910232,1979788,364484,31122674,773,Conservative,Intermediate,Child Education,5814574,1628930,4185644,7,FD,36.88,23.65,69.3,12.0,43.52,Moderately Conservative
C01896,49,Consultant,2,171175,82708,36614,51853,1151948,7399194,0,863911,9415053,820977,8594076,90669,23801937,746,Moderate,Intermediate,Wealth Creation,17518157,4850013,12668144,15,Debt MF,30.29,21.39,83.4,60.0,72.87,Moderately Aggressive
C01897,59,Designer,1,168584,90974,0,77610,1271487,24893774,10366712,434505,36966478,0,36966478,283921,23993262,799,Moderately Conservative,Beginner,Wealth Creation,9295330,1624865,7670465,7,Equity MF,46.04,0.0,89.3,32.0,63.52,Moderate
C01898,28,Doctor,0,46241,23094,0,23147,138676,455354,0,36966,630996,0,630996,138676,10359141,733,Moderately Aggressive,Beginner,Buy House,4167309,318747,3848562,10,Debt MF,50.06,0.0,96.75,64.0,82.01,Moderately Aggressive
C01899,21,Software Engineer,0,149966,59992,20188,69786,153508,418004,0,92089,663601,889858,-226257,91161,26785694,819,Moderate,Beginner,Child Education,5284370,292602,4991768,7,PPF,46.53,13.46,69.4,44.0,57.97,Moderate
C01900,21,Software Engineer,1,97566,49986,29208,18372,230622,72144,0,72486,375252,1072544,-697292,230225,8449684,723,Moderate,Advanced,Wealth Creation,2574544,50500,2524044,5,Equity MF,18.83,29.94,55.4,68.0,61.07,Moderate
C01901,53,Software Engineer,0,137421,64049,69622,3750,436693,603259,0,157375,1197327,2363784,-1166457,223201,32968688,656,Moderately Aggressive,Intermediate,Wealth Creation,26311534,422281,25889253,20,FD,2.73,50.66,41.8,80.0,50.0,Moderate
C01902,35,Data Scientist,2,107153,43285,22581,41287,368012,1712585,0,294379,2374976,642315,1732661,250841,13021763,687,Moderately Conservative,Beginner,Buy House,8780930,1198809,7582121,15,Bonds,38.53,21.07,82.5,24.0,56.18,Moderate
C01903,33,Bank Employee,1,91866,52496,16581,22789,199434,1413692,3770549,92417,5476092,1863665,3612427,199434,7620838,682,Moderately Conservative,Intermediate,Retirement,20067963,989584,19078379,27,Gold,24.81,18.05,74.8,35.0,56.89,Moderate
C01904,48,Teacher,2,104311,51825,6757,45729,549339,6711955,0,315219,7576513,268143,7308370,165788,18478419,709,Moderate,Beginner,Emergency Fund,6996208,1370704,5625504,10,Hybrid MF,43.84,6.48,93.75,35.0,67.31,Moderate
C01905,50,Business Owner,1,205624,112304,18669,74651,889206,18559041,0,644569,20092816,664056,19428760,750932,16791354,741,Moderate,Intermediate,Child Education,2937312,773993,2163319,2,Hybrid MF,36.3,9.08,80.05,52.0,45.0,Moderately Conservative
C01906,34,Freelancer,2,77879,23180,12195,42504,277078,1130258,4017530,157626,5582492,1522573,4059919,57020,13438669,738,Conservative,Intermediate,Buy House,3920685,272839,3647846,10,Hybrid MF,54.58,15.66,88.85,12.0,54.27,Moderate
C01907,29,Accountant,1,54931,25218,6801,22912,298038,878256,0,67804,1244098,311696,932402,77166,12338154,725,Moderate,Beginner,Higher Education,157846,15605,142241,1,ETF,41.71,12.38,81.2,44.0,45.0,Moderately Conservative
C01908,60,Accountant,2,281927,121937,29861,130129,1068891,22434812,15248471,284240,39036414,5317869,33718545,644516,43828078,737,Moderately Conservative,Intermediate,Wealth Creation,34715422,12777871,21937551,15,Debt MF,46.16,10.59,90.75,40.0,67.91,Moderate
C01909,21,Sales Executive,0,37571,15020,8500,14051,92916,49941,0,46345,189202,159879,29323,87966,8962370,753,Moderate,Intermediate,Retirement,5610206,34958,5575248,39,Hybrid MF,37.4,22.62,75.0,55.0,66.0,Moderate
C01910,57,Business Owner,1,105038,48998,22410,33630,531992,11526221,0,268523,12326736,600503,11726233,301319,19293630,788,Moderately Conservative,Advanced,Wealth Creation,5011446,1628410,3383036,5,ETF,32.02,21.34,76.6,48.0,63.73,Moderate
C01911,31,Accountant,1,135492,62580,38411,34501,540034,1532530,0,211480,2284044,1190054,1093990,82550,20326005,800,Conservative,Beginner,Buy House,11381089,1072771,10308318,10,Equity MF,25.46,28.35,65.3,4.0,37.71,Moderately Conservative
C01912,47,Teacher,2,68203,28171,19071,20961,258446,2290121,0,69969,2618536,583901,2034635,197140,9891715,723,Moderately Conservative,Advanced,Travel,897434,131554,765880,5,Stocks,30.73,27.96,75.1,43.0,60.66,Moderate
C01913,33,Software Engineer,1,81043,40583,5471,34989,484183,1481675,2919780,234001,5119639,502643,4616996,136093,13596065,733,Moderately Conservative,Intermediate,Wealth Creation,11177616,1037172,10140444,15,PPF,43.17,6.75,98.8,40.0,72.34,Moderately Aggressive
C01914,42,Doctor,2,172873,72994,25571,74308,752554,6087749,0,231527,7071830,467129,6604701,447907,16074628,725,Moderate,Advanced,Wealth Creation,14224862,2729935,11494927,10,Debt MF,42.98,14.79,90.65,68.0,80.46,Moderately Aggressive
C01915,50,Freelancer,0,90815,51216,28796,10803,126911,1598267,4724035,62699,6511912,2747313,3764599,126911,12020540,707,Moderately Aggressive,Intermediate,Retirement,20368722,1118786,19249936,10,Hybrid MF,11.9,31.71,55.45,75.0,64.25,Moderate
C01916,48,Doctor,2,140215,82035,29449,28731,585453,3196813,7102739,362877,11247882,3738137,7509745,99234,9637613,786,Conservative,Beginner,Retirement,28553915,2237769,26316146,12,Debt MF,20.49,21.0,68.55,7.0,40.85,Moderately Conservative
C01917,45,Government Employee,1,113012,54234,24484,34294,596667,5810452,7749771,243580,14400470,1660702,12739768,145100,14698561,753,Moderately Aggressive,Advanced,Child Education,2795338,652929,2142409,5,ETF,30.35,21.66,78.4,80.0,79.12,Moderately Aggressive
C01918,64,Data Scientist,1,450000,153591,0,296409,1297570,37574480,18088542,1006012,57966604,0,57966604,961302,77280597,784,Conservative,Beginner,Retirement,67085057,19560676,47524381,1,Debt MF,65.87,0.0,82.95,7.0,45.0,Moderately Conservative
C01919,61,Sales Executive,2,388670,177736,0,210934,358458,37395790,22372087,191229,60317564,0,60317564,358458,43988832,781,Moderate,Intermediate,Wealth Creation,13649134,2982705,10666429,5,FD,54.27,0.0,80.0,60.0,71.0,Moderately Aggressive
C01920,50,Data Scientist,0,199061,92430,55363,51268,589142,6656988,7225771,204086,14675987,8326481,6349506,126105,47525833,744,Moderate,Advanced,Wealth Creation,8000171,960612,7039559,7,Gold,25.75,27.81,59.65,68.0,63.41,Moderate
C01921,42,Teacher,2,57469,22703,0,34766,195341,3854288,0,114875,4164504,0,4164504,168297,4665652,776,Conservative,Intermediate,Higher Education,724755,275436,449319,3,ETF,60.5,0.0,89.05,12.0,54.38,Moderate
C01922,50,Teacher,0,64463,31533,9445,23485,333609,2014509,2816936,117585,5282639,678209,4604430,125817,14621556,725,Moderate,Beginner,Retirement,10060259,1410156,8650103,10,Debt MF,36.43,14.65,84.45,47.0,67.6,Moderate
C01923,36,Consultant,3,207641,85006,51315,71320,1175729,3945487,14855709,330944,20307869,7102637,13205232,120492,24918942,789,Conservative,Advanced,Wealth Creation,26112445,2761840,23350605,20,Equity MF,34.35,24.71,79.35,28.0,56.24,Moderate
C01924,27,Consultant,2,151507,68791,0,82716,942169,3769233,0,271926,4983328,0,4983328,333447,25041898,794,Conservative,Beginner,Buy House,4557298,1150331,3406967,5,PPF,54.6,0.0,94.1,4.0,53.55,Moderate
C01925,50,Software Engineer,2,210631,70335,31568,108728,889051,15396040,9123016,637169,26045276,4198603,21846673,224507,35789743,770,Moderately Conservative,Beginner,Wealth Creation,14027640,2726311,11301329,7,Debt MF,51.62,14.99,86.65,32.0,62.06,Moderate
C01926,48,Business Owner,2,202580,107109,45686,49785,604020,5367951,7746859,167367,13886197,5870875,8015322,604020,27466834,717,Moderate,Intermediate,Child Education,8145865,1068744,7077121,7,ETF,24.58,22.55,62.95,52.0,58.02,Moderate
C01927,32,Business Owner,2,121562,45114,36002,40446,96242,2013396,5111191,74676,7295505,4586213,2709292,96242,16005096,760,Moderately Conservative,Beginner,Travel,4124174,1123846,3000328,7,Stocks,33.27,29.62,62.35,27.0,46.44,Moderately Conservative
C01928,24,Government Employee,0,44876,21501,10795,12580,45053,42968,0,26081,114102,507807,-393705,45053,4747596,761,Moderate,Beginner,Buy House,6882304,30077,6852227,20,Equity MF,28.03,24.06,61.0,44.0,53.35,Moderate
C01929,24,Software Engineer,0,112379,49810,32960,29609,140263,254999,0,107198,502460,1397295,-894835,140263,10002025,775,Moderately Conservative,Beginner,Higher Education,3939352,178499,3760853,7,Stocks,26.35,29.33,55.4,24.0,41.27,Moderately Conservative
C01930,24,Sales Executive,0,68565,27050,16774,24741,161811,126640,0,35077,323528,304883,18645,87435,16239711,797,Moderately Conservative,Intermediate,Emergency Fund,323500,88648,234852,1,Hybrid MF,36.08,24.46,59.8,23.0,43.24,Moderately Conservative
C01931,43,Business Owner,2,91469,37170,5429,48870,236934,2433071,7379099,57892,10106996,627199,9479797,88754,11346814,787,Moderately Aggressive,Intermediate,Travel,2738108,487565,2250543,7,Gold,53.43,5.94,87.7,75.0,81.99,Moderately Aggressive
C01932,32,Teacher,2,80498,34163,23414,22921,183689,1500124,0,124682,1808495,294764,1513731,183689,17185477,707,Moderately Aggressive,Intermediate,Child Education,4323411,1050086,3273325,10,Stocks,28.47,29.09,74.15,72.0,73.18,Moderately Aggressive
C01933,60,Sales Executive,0,95495,32212,22101,41182,190221,10001184,5155185,111245,15457835,3766889,11690946,146761,18152102,678,Conservative,Intermediate,Wealth Creation,2592359,915088,1677271,5,Bonds,43.12,23.14,74.15,20.0,49.78,Moderate
C01934,64,Sales Executive,0,305906,131097,93049,81760,740979,25463449,22431324,542354,49178106,8373732,40804374,350096,42176019,689,Moderately Conservative,Beginner,Buy House,23351981,1769128,21582853,10,FD,26.73,30.42,66.35,24.0,47.29,Moderately Conservative
C01935,48,Sales Executive,2,190447,92420,52000,46027,822922,5325656,7491481,313931,13953990,3534838,10419152,403055,42351177,792,Moderate,Intermediate,Child Education,1760384,306880,1453504,2,Stocks,24.17,27.3,64.35,52.0,45.0,Moderately Conservative
C01936,47,Sales Executive,2,138056,54441,0,83615,241270,15524763,7220279,153025,23139337,0,23139337,144500,13743617,697,Conservative,Beginner,Retirement,17768239,5287266,12480973,13,Hybrid MF,60.57,0.0,92.7,7.0,54.14,Moderate
C01937,38,Sales Executive,2,53789,25678,7028,21083,184136,2633271,0,126863,2944270,233279,2710991,27190,11281044,767,Moderate,Beginner,Wealth Creation,6106402,1699091,4407311,20,Gold,39.2,13.07,85.05,52.0,70.18,Moderately Aggressive
C01938,51,Designer,2,46226,20658,14777,10791,178257,1227014,2200084,96118,3701473,1048010,2653463,76609,4639490,763,Conservative,Beginner,Higher Education,322857,42767,280090,2,ETF,23.34,31.97,63.9,4.0,36.95,Moderately Conservative
C01939,25,Government Employee,0,176680,68391,15125,93164,767644,1157486,0,381457,2306587,397800,1908787,166868,18402346,730,Moderately Conservative,Beginner,Retirement,21374480,810240,20564240,35,Hybrid MF,52.73,8.56,97.0,27.0,65.5,Moderate
C01940,37,Accountant,4,137910,61554,14600,61756,527617,6271657,0,378190,7177464,693540,6483924,287040,22802145,690,Conservative,Intermediate,Wealth Creation,16380691,4390159,11990532,20,Gold,44.78,10.59,94.2,20.0,60.81,Moderate
C01941,24,Sales Executive,0,126677,44594,23384,58699,564071,703918,0,419427,1687416,745584,941832,99175,13216508,823,Conservative,Beginner,Retirement,15002511,492742,14509769,36,Stocks,46.34,18.46,90.0,7.0,52.65,Moderate
C01942,21,Software Engineer,0,197498,85524,0,111974,1073742,736933,0,279680,2090355,0,2090355,173813,29309054,809,Moderate,Intermediate,Wealth Creation,28657917,515853,28142064,20,Equity MF,56.7,0.0,100.0,60.0,82.0,Moderately Aggressive
C01943,34,Government Employee,0,53742,24702,11937,17103,261173,1156144,1956396,78341,3452054,1430383,2021671,153625,11049703,735,Moderately Conservative,Beginner,Retirement,6315289,637127,5678162,26,ETF,31.82,22.21,79.65,27.0,55.96,Moderate
C01944,44,Software Engineer,2,363356,175607,105208,82541,1585040,4104823,28464978,895561,35050402,15018867,20031535,453380,82153035,706,Moderately Conservative,Beginner,Wealth Creation,23691602,2873376,20818226,10,Gold,22.72,28.95,66.35,32.0,50.89,Moderate
C01945,35,Accountant,2,108841,33733,20183,54925,214472,4012175,6991887,100466,11319000,2491578,8827422,214472,14636060,755,Aggressive,Advanced,Child Education,481010,56372,424638,1,PPF,50.46,18.54,80.3,95.0,45.0,Moderately Conservative
C01946,65,Software Engineer,1,128623,56604,0,72019,549498,14242014,6192457,270363,21254332,0,21254332,345299,27461481,850,Moderately Conservative,Intermediate,Buy House,11762452,798857,10963595,15,Gold,55.99,0.0,94.0,32.0,66.1,Moderate
C01947,39,Bank Employee,1,114369,47041,0,67328,499471,4856617,6753038,357367,12466493,0,12466493,87472,19025503,722,Moderately Conservative,Beginner,Retirement,13033785,2053223,10980562,21,Hybrid MF,58.87,0.0,97.9,27.0,66.0,Moderate
C01948,29,Business Owner,2,84727,40538,26094,18095,481764,783172,0,286458,1551394,762270,789124,118975,9862981,684,Moderate,Intermediate,Wealth Creation,5717908,548220,5169688,10,Bonds,21.36,30.8,72.6,60.0,66.93,Moderate
C01949,32,Designer,2,52607,21015,6637,24955,146905,2362298,3828246,37608,6375057,555513,5819544,111646,7270606,771,Moderately Conservative,Intermediate,Retirement,8769224,1653608,7115616,28,PPF,47.44,12.62,94.95,35.0,67.97,Moderate
C01950,49,Software Engineer,1,205825,99198,0,106627,815459,6946437,12990768,411697,21164361,0,21164361,694697,17928252,783,Moderately Aggressive,Intermediate,Buy House,8376101,2330190,6045911,5,Bonds,51.8,0.0,90.8,72.0,82.34,Moderately Aggressive
C01951,46,Freelancer,1,110078,54352,21406,34320,293288,2648728,5894281,189957,9026254,2761330,6264924,251449,13027866,714,Moderately Conservative,Advanced,Buy House,5995619,529017,5466602,10,ETF,31.18,19.45,75.05,40.0,59.28,Moderate
C01952,32,Designer,1,196565,78111,15248,103206,397535,8332741,9325206,198528,18254010,1059556,17194454,266236,29386918,672,Moderate,Advanced,Retirement,27699172,4518571,23180601,28,FD,52.5,7.76,94.95,63.0,80.57,Moderately Aggressive
C01953,50,Government Employee,0,40225,19777,9145,11303,276561,2043801,0,112454,2432816,355222,2077594,144575,6184897,752,Moderate,Beginner,Retirement,8811536,1430660,7380876,10,Equity MF,28.1,22.73,75.45,47.0,62.65,Moderate
C01954,36,Software Engineer,2,145456,70900,27226,47330,178454,3121347,0,49474,3349275,1048632,2300643,178454,19376877,790,Moderate,Advanced,Wealth Creation,16056893,2184942,13871951,15,Debt MF,32.54,18.72,74.35,68.0,71.49,Moderately Aggressive
C01955,55,Sales Executive,0,214387,78992,0,135395,778653,26126725,0,286891,27192269,0,27192269,325840,13453192,759,Moderate,Intermediate,Buy House,7543690,1078732,6464958,5,Gold,63.15,0.0,89.9,52.0,72.85,Moderately Aggressive
C01956,64,Consultant,1,158646,81797,12271,64578,196294,11856985,9697160,122437,21872876,2191625,19681251,180416,13319772,762,Moderately Conservative,Intermediate,Child Education,2973260,301595,2671665,5,PPF,40.71,7.73,79.55,32.0,58.15,Moderate
C01957,47,Teacher,3,93157,40297,15354,37506,98808,3852287,5778534,29173,9758802,1277985,8480817,98808,18761846,817,Aggressive,Intermediate,Retirement,14813822,2696600,12117222,13,Debt MF,40.26,16.48,83.7,90.0,86.53,Aggressive
C01958,34,Software Engineer,0,67939,26020,11365,30554,249917,1421581,0,77189,1748687,249146,1499541,173424,6397895,780,Moderately Aggressive,Intermediate,Retirement,11019603,995106,10024497,26,Hybrid MF,44.97,16.73,94.65,75.0,85.81,Aggressive
C01959,30,Business Owner,1,109709,50629,17941,41139,677541,2182303,0,149245,3009089,514133,2494956,229069,14793848,785,Aggressive,Intermediate,Wealth Creation,7127407,970531,6156876,10,FD,37.5,16.35,84.45,95.0,89.2,Aggressive
C01960,44,Software Engineer,2,107515,35967,9198,62350,329466,4954178,6629350,174252,12087246,1450426,10636820,183915,15479060,757,Moderately Aggressive,Advanced,Higher Education,5127925,422283,4705642,10,Stocks,57.99,8.56,94.35,80.0,87.89,Aggressive
C01961,37,Software Engineer,2,286932,133349,67288,86295,1140493,11081721,12685139,522233,25429586,7418710,18010876,525967,53132844,761,Moderate,Advanced,Retirement,41961550,7757204,34204346,23,Hybrid MF,30.08,23.45,79.2,63.0,71.91,Moderately Aggressive
C01962,22,Teacher,0,61081,22708,15772,22601,86263,164058,0,57461,307782,352814,-45032,86263,4408808,706,Aggressive,Intermediate,Buy House,5088683,114840,4973843,10,Equity MF,37.0,25.82,68.2,87.0,76.66,Moderately Aggressive
C01963,31,Teacher,1,90165,41813,21895,26457,506702,1730314,7298075,166215,9701306,2253175,7448131,167409,16972150,731,Conservative,Beginner,Buy House,17162284,1211219,15951065,20,ETF,29.34,24.28,78.1,4.0,44.75,Moderately Conservative
C01964,49,Sales Executive,2,70017,37033,19646,13338,241265,1696817,5749105,95256,7782443,2765641,5016802,226348,6692431,667,Moderate,Advanced,Travel,3382224,994341,2387883,7,Hybrid MF,19.05,28.06,61.8,63.0,62.34,Moderate
C01965,35,Accountant,3,61829,25978,9194,26657,131498,645097,2321228,44199,3142022,665850,2476172,34186,5238029,724,Moderately Aggressive,Intermediate,Retirement,11344156,451567,10892589,25,Stocks,43.11,14.87,87.5,75.0,81.88,Moderately Aggressive
C01966,47,Consultant,2,95761,35121,12045,48595,446277,6935313,3845576,157773,11384939,820842,10564097,221284,8853814,692,Aggressive,Advanced,Wealth Creation,12801564,1531568,11269996,15,Equity MF,50.75,12.58,92.7,100.0,95.99,Aggressive
C01967,30,Software Engineer,1,53301,33135,3209,16957,195171,368942,4444959,135204,5144276,501234,4643042,195171,11497515,692,Conservative,Beginner,Child Education,745186,151549,593637,2,Bonds,31.81,6.02,79.05,4.0,45.0,Moderately Conservative
C01968,41,Data Scientist,2,91454,28280,41615,21559,283235,1897641,5478558,185644,7845078,2584929,5260149,116781,5722207,649,Moderate,Beginner,Retirement,9571605,1328348,8243257,19,Hybrid MF,23.57,45.5,68.6,47.0,58.88,Moderate
C01969,46,Bank Employee,2,49045,17552,12255,19238,129734,3344539,0,87853,3562126,571598,2990528,50241,7091845,677,Moderately Conservative,Advanced,Wealth Creation,4571225,1442960,3128265,15,Bonds,39.23,24.99,79.85,48.0,65.52,Moderate
C01970,32,Data Scientist,2,40603,18058,8238,14307,152123,540201,2412047,92294,3196665,763122,2433543,119958,8360432,757,Moderately Conservative,Beginner,Wealth Creation,3730174,378140,3352034,10,Stocks,35.24,20.29,80.15,32.0,58.48,Moderate
C01971,41,Teacher,2,44001,21437,6408,16156,90856,1787684,0,23178,1901718,241329,1660389,90856,6789762,799,Moderately Aggressive,Advanced,Child Education,516105,82492,433613,2,FD,36.72,14.56,73.4,80.0,45.0,Moderately Conservative
C01972,26,Freelancer,1,68755,24129,13084,31542,56785,1082319,0,27579,1166683,525126,641557,25071,14874521,682,Moderate,Beginner,Wealth Creation,6541984,757623,5784361,10,Hybrid MF,45.88,19.03,78.05,52.0,66.33,Moderate
C01973,24,Accountant,0,98499,38599,17753,42147,93278,371946,0,72384,537608,660581,-122973,89581,12361374,815,Moderate,Advanced,Wealth Creation,7178119,260362,6917757,15,Bonds,42.79,18.02,75.0,68.0,71.85,Moderately Aggressive
C01974,29,Sales Executive,0,88671,31542,22290,34839,156445,1551151,0,113315,1820911,972725,848186,116483,10505823,787,Moderate,Beginner,Wealth Creation,10477083,1085805,9391278,15,Gold,39.29,25.14,73.4,52.0,63.77,Moderate
C01975,39,Freelancer,3,140465,57911,33412,49142,711397,5407419,8254885,176962,14550663,2570032,11980631,434567,22172467,805,Moderately Conservative,Intermediate,Retirement,16592492,1849127,14743365,21,PPF,34.99,23.79,81.9,35.0,60.8,Moderate
C01976,26,Business Owner,1,73257,25113,13908,34236,105519,1174170,0,76781,1356470,367301,989169,98082,15590473,757,Moderately Conservative,Intermediate,Retirement,9122233,821919,8300314,34,PPF,46.73,18.99,88.85,35.0,64.62,Moderate
C01977,22,Bank Employee,0,25000,11664,12628,708,98669,10000,0,77038,185707,187240,-1533,33302,5858829,733,Moderately Aggressive,Beginner,Retirement,3162237,7000,3155237,38,PPF,2.83,50.51,46.0,67.0,50.0,Moderate
C01978,54,Sales Executive,1,68951,29486,5432,34033,100847,5776810,3373878,76100,9327635,346131,8981504,100847,13564707,736,Moderately Conservative,Intermediate,Wealth Creation,5712525,1061564,4650961,10,Equity MF,49.36,7.88,88.85,40.0,66.87,Moderate
C01979,26,Software Engineer,0,201878,94061,0,107817,512131,2948347,0,177919,3638397,0,3638397,485818,16824164,790,Moderately Aggressive,Intermediate,Wealth Creation,21584070,2063842,19520228,20,Stocks,53.41,0.0,95.85,80.0,88.72,Aggressive
C01980,47,Sales Executive,2,285382,116202,90900,78280,691147,10785835,11791343,413442,23681767,6799400,16882367,691147,20303070,807,Conservative,Intermediate,Emergency Fund,3880059,1320881,2559178,5,Equity MF,27.43,31.85,63.1,3.0,36.06,Moderately Conservative
C01981,58,Government Employee,0,196665,93963,54260,48442,1104792,8776374,8698565,661905,19241636,8496984,10744652,476463,31132023,715,Moderate,Beginner,Retirement,33312918,6143461,27169457,2,Gold,24.63,27.59,59.85,47.0,45.0,Moderately Conservative
C01982,28,Consultant,0,139153,39134,37167,62852,535268,1308754,0,400752,2244774,1334284,910490,217036,17005261,720,Moderately Conservative,Beginner,Wealth Creation,7619319,916127,6703192,10,Debt MF,45.17,26.71,79.75,32.0,58.26,Moderate
C01983,33,Software Engineer,0,135398,62954,7339,65105,418409,2081045,11354774,195994,14050222,676214,13374008,242338,14933639,705,Moderately Aggressive,Beginner,Retirement,25500396,1456731,24043665,27,Bonds,48.08,5.42,94.8,67.0,82.29,Moderately Aggressive
C01984,34,Accountant,2,81284,37103,4603,39578,219542,3476051,4643715,142179,8481487,807118,7674369,121116,15827495,774,Moderately Aggressive,Intermediate,Retirement,14875106,2433235,12441871,26,FD,48.69,5.66,94.65,75.0,85.81,Aggressive
C01985,33,Software Engineer,1,106978,45095,27181,34702,129456,1787250,0,99648,2016354,586761,1429593,129456,16155217,772,Moderate,Intermediate,Child Education,1112449,87328,1025121,2,Bonds,32.44,25.41,59.6,52.0,45.0,Moderately Conservative
C01986,60,Accountant,0,142701,60708,31444,50549,571119,9991070,7114305,168494,17844988,4176778,13668210,80680,10236977,710,Moderately Conservative,Intermediate,Retirement,17392180,1063228,16328952,1,Bonds,35.42,22.03,63.55,35.0,45.0,Moderately Conservative
C01987,61,Teacher,2,106295,49206,29285,27804,104634,7467096,0,66483,7638213,844652,6793561,104634,19293407,671,Moderately Conservative,Intermediate,Travel,3251241,317297,2933944,5,PPF,26.16,27.55,62.0,35.0,49.85,Moderate
C01988,29,Designer,1,101128,49342,0,51786,675023,2172673,0,480269,3327965,0,3327965,303920,8736021,766,Moderate,Intermediate,Travel,2780383,959681,1820702,5,FD,51.21,0.0,93.8,55.0,76.34,Moderately Aggressive
C01989,22,Consultant,0,80610,36492,17283,26835,246893,146342,0,190734,583969,529975,53994,246893,17356274,712,Conservative,Intermediate,Retirement,12014268,102439,11911829,38,Bonds,33.29,21.44,75.0,15.0,48.0,Moderately Conservative
C01990,43,Accountant,3,53312,24202,5635,23475,157029,2266584,4289660,106156,6819429,920648,5898781,46928,4626499,769,Moderately Conservative,Intermediate,Wealth Creation,3574016,1195700,2378316,10,Stocks,44.03,10.57,86.5,40.0,65.58,Moderate
C01991,28,Sales Executive,1,49498,18508,3720,27270,77576,306973,0,21856,406405,79751,326654,62283,9691654,716,Moderately Aggressive,Advanced,Child Education,1246586,214881,1031705,10,Gold,55.09,7.52,89.75,80.0,85.36,Aggressive
C01992,28,Software Engineer,1,137316,47606,22953,66757,147939,1252691,0,52720,1453350,371088,1082262,131844,8845610,693,Moderately Conservative,Advanced,Emergency Fund,1335696,311796,1023900,2,Equity MF,48.62,16.72,72.35,31.0,45.0,Moderately Conservative
C01993,56,Bank Employee,2,111895,49468,13108,49319,301063,10543648,0,137970,10982681,248562,10734119,301063,8597516,753,Moderately Conservative,Intermediate,Buy House,4139065,867055,3272010,5,Debt MF,44.08,11.71,85.75,32.0,61.56,Moderate
C01994,49,Accountant,3,149295,88738,21488,39069,643300,3537842,12242401,244940,16668483,2905800,13762683,303251,30747472,697,Moderately Aggressive,Intermediate,Child Education,7941717,537035,7404682,7,Gold,26.17,14.39,69.8,72.0,70.79,Moderately Aggressive
C01995,38,Bank Employee,4,177432,58812,10606,108014,532828,6879789,9874731,259645,17546993,1050511,16496482,392417,22324047,712,Conservative,Intermediate,Retirement,26175277,4815852,21359425,22,Equity MF,60.88,5.98,98.05,15.0,60.68,Moderate
C01996,30,Teacher,1,37342,15527,6895,14920,139796,1018966,0,59275,1218037,193970,1024067,89208,2987046,692,Moderate,Advanced,Higher Education,880921,278394,602527,5,Gold,39.96,18.46,84.65,60.0,73.56,Moderately Aggressive
C01997,47,Doctor,2,165700,78138,18626,68936,247985,8114457,0,61687,8424129,396129,8028000,247985,26101098,754,Moderately Conservative,Intermediate,Wealth Creation,10686351,3696013,6990338,10,Stocks,41.6,11.24,85.9,40.0,65.25,Moderate
C01998,36,Accountant,1,99475,38201,28211,33063,395226,2111386,7506691,261913,10275216,2478522,7796694,205522,18147610,712,Moderately Aggressive,Intermediate,Retirement,12345161,1477970,10867191,24,Debt MF,33.24,28.36,82.35,75.0,79.04,Moderately Aggressive
C01999,45,Freelancer,2,110411,53250,0,57161,370287,6178761,8719052,215498,15483598,0,15483598,218132,15663002,744,Moderate,Beginner,Retirement,17346879,1930441,15416438,15,Bonds,51.77,0.0,93.0,47.0,72.3,Moderately Aggressive
C02000,41,Designer,3,138078,71776,28027,38275,319500,4178139,11187163,71153,15755955,4904118,10851837,319500,21377545,698,Moderate,Beginner,Wealth Creation,6460799,722739,5738060,7,Debt MF,27.72,20.3,64.0,52.0,58.6,Moderate
C02001,60,Designer,1,124807,43822,27082,53903,124826,9256050,0,28681,9409557,647630,8761927,124826,18692258,711,Moderately Conservative,Intermediate,Wealth Creation,4295002,477546,3817456,5,Equity MF,43.19,21.7,72.15,40.0,57.68,Moderate
C02002,28,Sales Executive,1,32540,12379,1920,18241,166847,810766,0,105322,1082935,87684,995251,34145,3801111,746,Moderately Aggressive,Beginner,Higher Education,1109758,348619,761139,7,PPF,56.06,5.9,93.95,64.0,80.47,Moderately Aggressive
C02003,34,Bank Employee,1,61521,29410,9104,23007,347650,992308,0,162537,1502495,415672,1086823,142018,4149442,773,Moderately Conservative,Intermediate,Wealth Creation,8060560,694615,7365945,15,Debt MF,37.4,14.8,86.65,40.0,65.66,Moderate
C02004,48,Software Engineer,3,169496,54631,22031,92834,393196,11188662,0,119436,11701294,584410,11116884,160942,39576906,798,Aggressive,Intermediate,Wealth Creation,12624474,3079417,9545057,15,Gold,54.77,13.0,88.55,95.0,91.45,Aggressive
C02005,44,Software Engineer,3,111638,40064,26482,45092,177966,8869848,9018828,106132,18172774,3945394,14227380,102395,13630919,783,Moderately Aggressive,Intermediate,Emergency Fund,500867,173417,327450,1,Stocks,40.39,23.72,70.95,63.0,45.0,Moderately Conservative
C02006,39,Doctor,2,90821,40688,0,50133,544975,3110438,5561056,145492,9361961,0,9361961,317048,6830414,749,Moderate,Intermediate,Emergency Fund,3558411,464859,3093552,7,Equity MF,55.2,0.0,92.3,43.0,70.12,Moderately Aggressive
C02007,63,Doctor,0,256250,111209,13347,131694,547021,19712063,16898984,296719,37454787,1993263,35461524,547021,46443249,765,Moderate,Intermediate,Higher Education,2927719,971456,1956263,3,Debt MF,51.39,5.21,81.9,52.0,68.45,Moderately Aggressive
C02008,35,Business Owner,3,263170,127286,26657,109227,1301818,5963158,0,564718,7829694,770405,7059289,246941,46641466,763,Moderate,Intermediate,Buy House,9665084,1776169,7888915,5,Hybrid MF,41.5,10.13,88.9,52.0,72.3,Moderately Aggressive
C02009,63,Bank Employee,1,135125,60527,29997,44601,217676,15568644,5481359,152999,21420678,3573376,17847302,217676,19336055,738,Moderate,Intermediate,Travel,395727,138769,256958,1,Hybrid MF,33.01,22.2,63.1,55.0,45.0,Moderately Conservative
C02010,38,Sales Executive,3,105577,40441,45873,19263,232835,1734972,0,129345,2097152,686204,1410948,232835,18064228,645,Aggressive,Intermediate,Retirement,13007868,1214480,11793388,22,Equity MF,18.25,43.45,60.05,90.0,73.53,Moderately Aggressive
C02011,43,Software Engineer,2,270915,103729,37462,129724,394068,22310146,11587056,118652,34409922,5229156,29180766,394068,48231547,704,Conservative,Beginner,Retirement,39091116,15433697,23657419,17,Debt MF,47.88,13.83,89.3,7.0,52.27,Moderate
C02012,50,Business Owner,0,344662,167330,0,177332,2064632,16437718,17022166,1331725,36856241,0,36856241,799431,79569574,761,Conservative,Intermediate,Child Education,10209313,3465901,6743412,5,Gold,51.45,0.0,90.65,12.0,55.26,Moderate
C02013,55,Teacher,1,106119,53159,18016,34944,584079,5783835,7144090,208934,13720938,1583277,12137661,142436,6930587,758,Moderate,Intermediate,Wealth Creation,6132695,1302531,4830164,10,Debt MF,32.93,16.98,83.7,60.0,73.03,Moderately Aggressive
C02014,25,Data Scientist,0,102708,35496,21992,45220,171146,550402,0,58217,779765,956739,-176974,171146,13123694,734,Moderate,Intermediate,Retirement,9097077,385281,8711796,35,ETF,44.03,21.41,76.0,55.0,66.55,Moderate
C02015,52,Business Owner,0,248995,115597,61997,71401,1113825,11779103,0,473065,13365993,2824904,10541089,783280,16607925,694,Moderately Conservative,Intermediate,Wealth Creation,15032338,1319797,13712541,7,ETF,28.68,24.9,69.35,40.0,56.14,Moderate
C02016,51,Teacher,2,75400,41065,16330,18005,417475,2707075,4189503,332354,7646407,2698227,4948180,284482,12242182,725,Moderate,Beginner,Child Education,499686,168836,330850,1,Stocks,23.88,21.66,60.9,44.0,45.0,Moderately Conservative
C02017,45,Bank Employee,1,139860,69769,33588,36503,571041,6431253,0,227070,7229364,1376066,5853298,504971,23956045,816,Moderately Conservative,Beginner,Wealth Creation,15071333,2949630,12121703,20,FD,26.1,24.02,76.0,32.0,56.2,Moderate
C02018,30,Designer,1,115772,39844,31892,44036,133914,1105829,5607961,73795,6921499,3459273,3462226,133914,11647846,695,Moderate,Intermediate,Travel,1907260,160747,1746513,5,PPF,38.04,27.55,70.65,55.0,63.61,Moderate
C02019,58,Accountant,0,156507,66458,20876,69173,583084,15786663,0,454962,16824709,771435,16053274,191623,17489341,728,Moderately Conservative,Intermediate,Higher Education,1662864,511595,1151269,2,Stocks,44.2,13.34,75.85,32.0,45.0,Moderately Conservative
C02020,33,Sales Executive,0,163591,85042,37597,40952,545052,2248374,0,241573,3034999,1694481,1340518,434208,35379795,767,Moderately Aggressive,Advanced,Child Education,985875,318404,667471,1,Hybrid MF,25.03,22.98,56.6,80.0,45.0,Moderately Conservative
C02021,26,Freelancer,1,57742,32235,18173,7334,177443,189473,0,59907,426823,557547,-130724,177443,4148113,793,Conservative,Intermediate,Buy House,2654119,132631,2521488,5,Equity MF,12.7,31.47,55.25,12.0,35.79,Moderately Conservative
C02022,35,Government Employee,1,63484,27265,0,36219,160798,1330774,3998083,43048,5532703,0,5532703,65653,10230971,773,Aggressive,Intermediate,Wealth Creation,5738134,931541,4806593,10,Gold,57.05,0.0,91.7,95.0,93.19,Aggressive
C02023,49,Government Employee,1,119746,64007,0,55739,222828,3988056,4855397,149649,9215930,0,9215930,153688,19265166,791,Moderate,Advanced,Wealth Creation,7431996,1085961,6346035,7,ETF,46.55,0.0,81.8,68.0,75.59,Moderately Aggressive
C02024,35,Freelancer,2,95894,44125,6534,45235,180007,1981939,0,70165,2232111,109095,2123016,180007,20569754,716,Conservative,Beginner,Wealth Creation,11285465,1387357,9898108,20,Equity MF,47.17,6.81,94.5,12.0,57.38,Moderate
C02025,64,Government Employee,0,71495,25103,0,46392,217253,15407870,2993495,133514,18752132,0,18752132,190718,11768352,777,Moderately Aggressive,Intermediate,Retirement,9830650,2072000,7758650,1,Hybrid MF,64.89,0.0,82.95,75.0,45.0,Moderately Conservative
C02026,31,Software Engineer,2,73452,38554,0,34898,403741,741815,6106602,272449,7524607,0,7524607,194681,13689930,803,Conservative,Intermediate,Retirement,16322767,519270,15803497,29,Stocks,47.51,0.0,99.1,15.0,61.26,Moderate
C02027,59,Bank Employee,0,246719,85522,35753,125444,1066553,21820680,0,756326,23643559,744928,22898631,551088,43609853,704,Moderately Aggressive,Intermediate,Wealth Creation,8898902,3226159,5672743,7,ETF,50.84,14.49,85.3,80.0,82.91,Moderately Aggressive
C02028,45,Designer,1,119032,53165,17126,48741,507040,3112123,0,372880,3992043,517444,3474599,279932,15994975,652,Moderately Conservative,Beginner,Buy House,10722897,1225317,9497580,10,PPF,40.95,14.39,90.2,24.0,60.41,Moderate
C02029,39,Bank Employee,3,201361,74906,110463,15992,690047,2097921,7994884,436519,11219371,17605112,-6385741,337956,41824904,577,Aggressive,Intermediate,Wealth Creation,11458846,1468544,9990302,10,Hybrid MF,7.94,54.86,45.1,95.0,50.0,Moderate
C02030,24,Doctor,1,100946,47016,25625,28305,248171,301918,0,98415,648504,857504,-209000,138676,22285308,762,Moderate,Beginner,Retirement,11441833,211342,11230491,36,Equity MF,28.04,25.38,66.0,47.0,57.45,Moderate
C02031,58,Business Owner,0,339333,209521,18737,111075,983010,9838305,0,770249,11591564,661390,10930174,983010,75374644,746,Moderate,Intermediate,Wealth Creation,26823765,6886813,19936952,15,ETF,32.73,5.52,86.05,60.0,74.33,Moderately Aggressive
C02032,26,Software Engineer,1,198833,85284,0,113549,188994,2714974,0,124856,3028824,0,3028824,188994,46675533,746,Moderately Aggressive,Advanced,Emergency Fund,5981423,646231,5335192,7,ETF,57.11,0.0,85.25,71.0,78.84,Moderately Aggressive
C02033,30,Accountant,0,99967,40732,27144,32091,182173,1187253,0,91249,1460675,642700,817975,55385,16904664,825,Conservative,Beginner,Buy House,5330543,831077,4499466,7,Gold,32.1,27.15,65.65,4.0,37.91,Moderately Conservative
C02034,56,Software Engineer,2,121264,41917,0,79347,137106,11540468,6593277,60814,18331665,0,18331665,77207,8239943,749,Moderate,Beginner,Wealth Creation,5677719,1515743,4161976,7,FD,65.43,0.0,80.75,52.0,67.81,Moderate
C02035,46,Government Employee,2,162251,49868,22105,90278,366670,10351954,12425013,232606,23376243,2020994,21355249,54694,11978601,746,Moderately Conservative,Intermediate,Wealth Creation,15247478,2417741,12829737,15,Hybrid MF,55.64,13.62,88.85,40.0,66.87,Moderate
C02036,40,Software Engineer,3,167071,55845,0,111226,160291,12754400,11328444,45378,24288513,0,24288513,101731,17464988,707,Moderately Conservative,Beginner,Retirement,14949922,1277726,13672196,20,Stocks,66.57,0.0,88.75,27.0,60.96,Moderate
C02037,60,Data Scientist,0,177407,64723,49705,62979,272583,21409337,11996456,199911,33878287,4892739,28985548,252842,42098320,720,Moderate,Advanced,Retirement,27812242,6265233,21547009,1,ETF,35.5,28.02,66.55,63.0,45.0,Moderately Conservative
C02038,50,Bank Employee,2,179045,83183,13183,82679,1160479,5657242,13506713,314469,20638903,1293038,19345865,175932,12758764,756,Conservative,Intermediate,Higher Education,4936228,692410,4243818,7,Equity MF,46.18,7.36,90.65,12.0,55.26,Moderate
C02039,45,Doctor,2,133190,50562,37441,45187,104809,1854220,8438750,28111,10425890,2571233,7854657,104809,19126660,785,Moderately Conservative,Advanced,Retirement,19214368,1297954,17916414,15,FD,33.93,28.11,72.0,43.0,58.95,Moderate
C02040,42,Software Engineer,2,201809,103533,112874,0,1094160,10000,10857388,277976,12239524,11144571,1094953,804234,29769506,741,Moderate,Intermediate,Retirement,28990327,7000,28983327,18,Debt MF,0.0,55.93,42.45,55.0,48.1,Moderate
C02041,52,Data Scientist,2,157445,64498,47659,45288,532492,5110764,10405607,367536,16416399,5566760,10849639,248831,14563702,693,Moderate,Advanced,Child Education,3300259,482359,2817900,5,PPF,28.76,30.27,66.35,60.0,63.49,Moderate
C02042,30,Software Engineer,0,113800,45629,31316,36855,593359,1730591,6180662,367543,8872155,3664430,5207725,179585,20583940,693,Moderately Conservative,Beginner,Higher Education,1025845,357682,668163,3,Bonds,32.39,27.52,71.85,24.0,50.32,Moderate
C02043,39,Sales Executive,2,197531,89625,18040,89866,408344,6342555,0,278464,7029363,512972,6516391,408344,27838242,702,Moderately Conservative,Beginner,Retirement,34986526,4439788,30546738,21,PPF,45.49,9.13,93.9,27.0,63.8,Moderate
C02044,23,Doctor,0,33384,11717,8498,13169,104776,72542,0,21860,199178,139156,60022,18252,2064363,669,Moderately Conservative,Intermediate,Travel,465036,50779,414257,3,Stocks,39.45,25.46,65.6,35.0,51.83,Moderate
C02045,34,Data Scientist,1,229524,136174,0,93350,880572,3951745,16756725,398258,21987300,0,21987300,880572,48298942,757,Moderate,Beginner,Retirement,49026655,2766221,46260434,26,ETF,40.67,0.0,98.65,47.0,75.41,Moderately Aggressive
C02046,52,Software Engineer,1,175641,66209,17776,91656,140147,14170361,8699545,58588,23068641,1286651,21781990,140147,23164073,749,Moderate,Intermediate,Emergency Fund,2937475,991034,1946441,7,FD,52.18,10.12,77.35,43.0,61.89,Moderate
C02047,44,Software Engineer,2,252616,119930,20533,112153,719582,4583957,0,264269,5567808,894998,4672810,638200,33057197,726,Aggressive,Intermediate,Retirement,42966589,2258531,40708058,16,Debt MF,44.4,8.13,93.15,90.0,91.73,Aggressive
C02048,31,Doctor,0,194949,99466,14378,81105,1357223,3833158,9686697,1043364,15920442,1243963,14676479,406453,24175588,741,Moderately Conservative,Intermediate,Wealth Creation,25357445,2485358,22872087,15,Hybrid MF,41.6,7.38,99.1,40.0,72.5,Moderately Aggressive
C02049,23,Software Engineer,0,72293,28191,8565,35537,190765,132641,0,140869,464275,376543,87732,158030,7360462,739,Conservative,Beginner,Buy House,9700028,92848,9607180,15,Equity MF,49.16,11.85,87.0,4.0,49.65,Moderate
C02050,46,Software Engineer,3,261975,105743,0,156232,612993,17822601,17107874,434114,35977582,0,35977582,494575,26011470,784,Conservative,Beginner,Wealth Creation,33382356,11506985,21875371,15,Equity MF,59.64,0.0,92.85,12.0,56.47,Moderate
C02051,32,Sales Executive,1,132481,71909,20560,40012,538100,1291046,0,316699,2145845,728350,1417495,467760,20105967,743,Moderate,Beginner,Emergency Fund,2089956,230890,1859066,3,PPF,30.2,15.52,75.55,35.0,57.3,Moderate
C02052,31,Government Employee,1,146471,66014,19423,61034,262655,1359372,11569855,138517,13330399,2627128,10703271,262655,22804460,689,Moderately Aggressive,Intermediate,Child Education,943034,259256,683778,1,Hybrid MF,41.67,13.26,76.9,72.0,45.0,Moderately Conservative
C02053,48,Government Employee,2,125981,57637,9256,59088,347124,9354433,5207688,179807,15089052,1056581,14032471,347124,18956976,786,Moderate,Intermediate,Child Education,2581100,750905,1830195,5,Stocks,46.9,7.35,90.95,52.0,73.42,Moderately Aggressive
C02054,26,Bank Employee,1,61714,29410,13069,19235,287955,432050,0,127727,847732,410644,437088,208813,13301749,761,Moderately Conservative,Intermediate,Retirement,11444473,302435,11142038,34,PPF,31.17,21.18,80.85,35.0,60.22,Moderate
C02055,46,Software Engineer,2,131150,64358,12076,54716,353191,5907820,0,241261,6502272,329301,6172971,265938,10578910,731,Conservative,Advanced,Wealth Creation,11222091,3046495,8175596,15,Bonds,41.72,9.21,92.85,28.0,63.67,Moderate
C02056,21,Software Engineer,0,89633,37854,20380,31399,312707,106178,0,220497,639382,836234,-196852,88227,20159762,722,Moderately Conservative,Beginner,Retirement,10309237,74324,10234913,39,PPF,35.03,22.74,71.0,27.0,51.2,Moderate
C02057,64,Freelancer,0,122090,43237,75976,2877,256577,332656,0,202334,791567,3277138,-2485571,70712,25821660,621,Conservative,Intermediate,Wealth Creation,4021997,232859,3789138,5,ETF,2.36,62.23,34.55,20.0,28.0,Conservative
C02058,26,Sales Executive,2,115986,51943,0,64043,523744,1776400,0,302587,2602731,0,2602731,360301,12514593,771,Conservative,Beginner,Child Education,3341888,1050628,2291260,10,FD,55.22,0.0,97.05,4.0,55.18,Moderate
C02059,54,Accountant,2,183051,86550,49627,46874,1196939,8932085,8005050,273473,18407547,4031785,14375762,258919,23868246,769,Conservative,Beginner,Child Education,915726,138719,777007,1,PPF,25.61,27.11,63.45,4.0,36.7,Moderately Conservative
C02060,61,Business Owner,1,208403,84668,25904,97831,541853,15766325,11039954,425671,27773803,2756341,25017462,271045,33751082,771,Conservative,Intermediate,Travel,1960045,101410,1858635,2,FD,46.94,12.43,75.4,15.0,45.0,Moderately Conservative
C02061,38,Bank Employee,1,64206,25218,4046,34942,89156,1190372,0,47717,1327245,161677,1165568,28716,6916326,707,Moderate,Intermediate,Retirement,8812352,833260,7979092,22,Bonds,54.42,6.3,89.05,55.0,73.73,Moderately Aggressive
C02062,62,Sales Executive,0,232754,93216,56432,83106,736104,10582326,16965907,513219,28797556,4956844,23840712,249582,31978628,765,Conservative,Advanced,Wealth Creation,10120788,703230,9417558,5,Debt MF,35.71,24.25,68.85,28.0,50.47,Moderate
C02063,30,Sales Executive,2,125561,46504,36267,42790,283554,689095,0,202576,1175225,1066578,108647,53273,9843438,756,Moderate,Intermediate,Travel,1769019,138518,1630501,3,FD,34.08,28.88,61.85,55.0,58.77,Moderate
C02064,48,Software Engineer,2,160542,89975,40754,29813,1258073,2410348,11698827,666588,16033836,3053735,12980101,326356,11490304,757,Moderately Aggressive,Intermediate,Wealth Creation,6655742,1176297,5479445,7,Bonds,18.57,25.39,64.95,80.0,71.72,Moderately Aggressive
C02065,32,Freelancer,1,89784,34881,12764,42139,100237,3407285,0,37187,3544709,404562,3140147,80579,6855380,687,Moderate,Intermediate,Buy House,3649747,1281605,2368142,7,Hybrid MF,46.93,14.22,80.35,52.0,67.59,Moderate
C02066,60,Government Employee,1,97378,41895,16941,38542,224759,8293627,0,49048,8567434,379722,8187712,124388,23061698,772,Moderate,Beginner,Child Education,546687,217274,329413,1,PPF,39.58,17.4,70.55,44.0,45.0,Moderately Conservative
C02067,38,Accountant,3,176162,82499,36221,57442,501168,3925523,6375290,146787,10948768,3001671,7947097,390785,40691192,794,Moderately Conservative,Beginner,Wealth Creation,14868932,2747866,12121066,10,Bonds,32.61,20.56,75.25,32.0,55.79,Moderate
C02068,62,Teacher,0,69583,29047,22245,18291,82943,4344891,0,24670,4452504,286269,4166235,56663,8232639,752,Conservative,Advanced,Wealth Creation,7474615,435160,7039455,15,Gold,26.29,31.97,67.45,28.0,49.7,Moderate
C02069,39,Software Engineer,2,151797,75649,0,76148,818255,6408522,0,182009,7408786,0,7408786,161811,36037185,820,Conservative,Beginner,Wealth Creation,5738408,455182,5283226,7,PPF,50.16,0.0,92.3,12.0,56.16,Moderate
C02070,26,Sales Executive,0,126254,72554,15577,38123,805886,554609,0,483673,1844168,281735,1562433,239179,23850332,710,Moderate,Intermediate,Higher Education,4485702,388226,4097476,7,FD,30.2,12.34,85.25,52.0,70.29,Moderately Aggressive
C02071,55,Accountant,1,118439,39890,13470,65079,271924,11501510,6900669,77781,18751884,870262,17881622,271924,22521167,775,Moderate,Intermediate,Buy House,5041631,825818,4215813,5,Equity MF,54.95,11.37,85.9,52.0,70.65,Moderately Aggressive
C02072,27,Software Engineer,0,61210,27533,0,33677,158680,1156763,0,87204,1402647,0,1402647,145191,8743660,750,Moderately Conservative,Intermediate,Child Education,1360505,279735,1080770,5,Gold,55.02,0.0,90.1,32.0,63.95,Moderate
C02073,48,Freelancer,2,91062,42660,9133,39269,477230,5209466,0,265927,5952623,128960,5823663,98818,11206337,769,Moderate,Advanced,Retirement,14960821,1266754,13694067,12,Equity MF,43.12,10.03,92.55,63.0,79.25,Moderately Aggressive
C02074,54,Software Engineer,0,207752,90632,35084,82036,1177261,7852480,0,777457,9807198,1289740,8517458,98498,29238110,793,Moderately Aggressive,Intermediate,Retirement,36606932,5496736,31110196,6,Gold,39.49,16.89,81.05,75.0,78.33,Moderately Aggressive
C02075,35,Business Owner,2,88866,31627,15657,41582,96870,2685564,3266433,31155,6080022,1759203,4320819,96870,21172340,719,Moderately Aggressive,Intermediate,Child Education,754841,232757,522084,3,Gold,46.79,17.62,76.1,72.0,74.25,Moderately Aggressive
C02076,22,Teacher,0,73995,24652,0,49343,267873,202357,0,76953,547183,0,547183,197135,13107254,720,Aggressive,Advanced,Retirement,10801108,141649,10659459,38,Stocks,66.68,0.0,100.0,98.0,99.1,Aggressive
C02077,59,Government Employee,0,73407,37509,19016,16882,253669,2504232,3865590,105233,6728724,2431362,4297362,92222,6910461,744,Moderately Conservative,Intermediate,Wealth Creation,6849443,1752962,5096481,10,Gold,23.0,25.9,64.1,40.0,53.26,Moderate
C02078,42,Government Employee,3,72914,30123,20147,22644,366739,1420473,0,279226,2066438,828436,1238002,141902,6245858,742,Moderately Conservative,Beginner,Retirement,10002144,994331,9007813,18,Hybrid MF,31.06,27.63,78.45,27.0,55.3,Moderate
C02079,49,Software Engineer,2,422793,221074,24704,177015,2275145,25777012,0,614274,28666431,446962,28219469,1122870,86301946,714,Moderate,Beginner,Retirement,80962875,18043908,62918967,11,Equity MF,41.87,5.84,93.6,47.0,72.63,Moderately Aggressive
C02080,35,Accountant,1,78066,36386,17819,23861,302435,1865033,3750177,191488,6109133,3090715,3018418,174378,14879882,714,Moderate,Intermediate,Travel,1308804,283847,1024957,3,FD,30.57,22.83,68.1,55.0,62.2,Moderate
C02081,28,Consultant,0,115947,46224,28180,41543,399203,1844019,0,304114,2547336,782350,1764986,138167,17581331,789,Moderate,Intermediate,Retirement,16969046,1290813,15678233,32,PPF,35.83,24.3,76.55,55.0,66.85,Moderate
C02082,37,Doctor,1,79299,32032,13368,33899,393832,3408967,3853111,191678,7847588,2319568,5528020,215892,5143899,794,Moderate,Intermediate,Wealth Creation,2971406,568582,2402824,5,Stocks,42.75,16.86,82.6,60.0,72.43,Moderately Aggressive
C02083,31,Business Owner,2,152790,71477,0,81313,667170,1618970,8660586,256233,11202959,0,11202959,359976,34739329,709,Moderately Aggressive,Beginner,Travel,1713855,534758,1179097,2,Bonds,53.22,0.0,87.9,67.0,45.0,Moderately Conservative
C02084,35,Business Owner,3,251905,116359,33372,102174,689565,4628920,0,215340,5533825,414881,5118944,661365,41368234,782,Moderate,Beginner,Travel,10276048,2521624,7754424,10,Hybrid MF,40.56,13.25,87.7,47.0,69.39,Moderately Aggressive
C02085,41,Data Scientist,1,188559,106137,98436,0,1391938,10000,0,549037,1950975,2194585,-243610,142630,28392549,614,Moderately Conservative,Intermediate,Retirement,30012558,7000,30005558,19,Equity MF,0.0,52.2,42.6,35.0,39.18,Moderately Conservative
C02086,63,Software Engineer,0,224494,117077,51155,56262,1556626,11487244,10441945,369029,23854844,7564448,16290396,236449,17215926,771,Moderate,Intermediate,Wealth Creation,5928988,1410125,4518863,5,Equity MF,25.06,22.79,64.7,60.0,62.59,Moderate
C02087,48,Government Employee,2,247542,104344,0,143198,1118077,11408812,0,412527,12939416,0,12939416,534388,57910430,768,Moderately Conservative,Advanced,Buy House,18225531,4419441,13806090,10,FD,57.85,0.0,93.75,40.0,69.56,Moderately Aggressive
C02088,36,Accountant,1,179545,101468,38120,39957,375783,1248505,0,220913,1845201,1309869,535332,375783,15901978,787,Moderate,Beginner,Wealth Creation,6853969,873953,5980016,5,Debt MF,22.25,21.23,61.75,52.0,57.36,Moderate
C02089,59,Freelancer,0,244524,128595,0,115929,505940,19596716,19935922,175969,40214547,0,40214547,505940,16113004,706,Moderately Aggressive,Beginner,Child Education,3869024,823147,3045877,5,Gold,47.41,0.0,85.3,64.0,75.72,Moderately Aggressive
C02090,48,Consultant,2,213718,97645,37827,78246,927904,10681967,11309366,266080,23185317,2841635,20343682,661590,41702759,775,Moderately Conservative,Intermediate,Wealth Creation,13677730,5013567,8664163,10,ETF,36.61,17.7,84.75,40.0,64.61,Moderate
C02091,51,Accountant,2,178789,82067,37510,59212,506159,9839381,0,290116,10635656,879179,9756477,129263,24705691,809,Conservative,Advanced,Wealth Creation,15992389,1856697,14135692,15,Equity MF,33.12,20.98,79.1,28.0,56.11,Moderate
C02092,25,Software Engineer,0,88386,34706,43361,10319,211073,163119,0,158599,532791,984305,-451514,211073,18549961,544,Moderate,Intermediate,Buy House,4667645,114183,4553462,10,Hybrid MF,11.67,49.06,57.2,52.0,54.86,Moderate
C02093,37,Bank Employee,3,66806,30187,0,36619,143512,4030462,0,97327,4271301,0,4271301,116424,8196722,714,Moderate,Intermediate,Retirement,7589678,2263071,5326607,23,Gold,54.81,0.0,94.2,55.0,76.56,Moderately Aggressive
C02094,52,Data Scientist,0,312694,145207,53598,113889,1881883,11793788,14596458,742386,29014515,8024826,20989689,493894,47239476,729,Moderately Conservative,Beginner,Emergency Fund,12555683,2157152,10398531,10,Debt MF,36.42,17.14,81.15,15.0,51.38,Moderate
C02095,60,Data Scientist,1,64784,29847,10052,24885,408953,4758085,0,136157,5303195,235364,5067831,111664,7582835,782,Conservative,Advanced,Retirement,7396724,727256,6669468,1,Bonds,38.41,15.52,74.55,23.0,45.0,Moderately Conservative
C02096,27,Freelancer,0,144551,59925,44155,40471,365653,919461,0,251069,1536183,1586756,-50573,272189,9133895,707,Moderate,Beginner,Wealth Creation,5296524,643622,4652902,7,Gold,28.0,30.55,60.1,52.0,56.46,Moderate
C02097,31,Doctor,0,121996,41893,20411,59692,297835,3266177,9195002,226889,12985903,3048039,9937864,297835,21433552,711,Moderate,Advanced,Buy House,11225409,2286323,8939086,10,Bonds,48.93,16.73,89.3,60.0,76.12,Moderately Aggressive
C02098,36,Doctor,2,127077,57549,0,69528,117354,6415838,5185147,47485,11765824,0,11765824,76106,19768247,793,Conservative,Beginner,Retirement,25470866,4491086,20979780,24,Gold,54.71,0.0,89.35,7.0,52.29,Moderate
C02099,45,Freelancer,1,172575,61565,15613,95397,825082,6715262,7387123,640005,15567472,1387917,14179555,260639,29329748,796,Conservative,Beginner,Retirement,20843263,4700683,16142580,15,Hybrid MF,55.28,9.05,97.0,7.0,56.5,Moderate
C02100,63,Government Employee,1,116338,45506,31920,38912,203895,8845405,0,139512,9188812,639008,8549804,180707,8408628,701,Aggressive,Beginner,Wealth Creation,14221978,5213158,9008820,15,Stocks,33.45,27.44,77.3,87.0,81.66,Moderately Aggressive
C02101,28,Software Engineer,0,139061,72350,16698,50013,556204,723431,0,360802,1640437,547425,1093012,331926,30177268,766,Moderately Conservative,Intermediate,Wealth Creation,11137797,506401,10631396,10,ETF,35.96,12.01,81.75,40.0,62.96,Moderate
C02102,42,Software Engineer,2,164312,98925,44669,20718,780168,3066826,0,346150,4193144,2111929,2081215,269208,38090283,723,Moderately Aggressive,Advanced,Wealth Creation,7864822,2146778,5718044,7,FD,12.61,27.19,55.85,88.0,70.32,Moderately Aggressive
C02103,51,Software Engineer,0,183805,72167,0,111638,386838,7980920,15410889,309368,24088015,0,24088015,334755,29820838,739,Moderately Aggressive,Advanced,Child Education,924822,298983,625839,1,Hybrid MF,60.74,0.0,80.9,80.0,45.0,Moderately Conservative
C02104,56,Designer,1,147646,69213,0,78433,280820,7683130,9749323,114079,17827352,0,17827352,219024,11369091,745,Conservative,Intermediate,Retirement,25423612,5378191,20045421,4,Hybrid MF,53.12,0.0,82.95,15.0,52.37,Moderate
C02105,47,Sales Executive,2,136955,54638,10364,71953,293295,7035550,6198609,147016,13674470,1722337,11952133,293295,26098928,641,Conservative,Advanced,Retirement,13760561,2286035,11474526,13,Debt MF,52.54,7.57,92.7,23.0,61.34,Moderate
C02106,27,Sales Executive,0,77433,34195,14485,28753,364294,373400,0,269191,1006885,655258,351627,64236,18529715,688,Moderately Conservative,Advanced,Buy House,10985246,261379,10723867,15,Equity MF,37.13,18.71,81.7,40.0,62.94,Moderate
C02107,59,Accountant,1,68544,24046,4762,39736,53490,11294070,4436007,34748,15818315,649707,15168608,53490,15126278,759,Conservative,Intermediate,Buy House,2687339,439347,2247992,5,Bonds,57.97,6.95,80.3,12.0,49.56,Moderate
C02108,56,Accountant,0,81557,36432,0,45125,397530,6270199,4487773,308275,11463777,0,11463777,144348,8704974,812,Moderately Conservative,Intermediate,Child Education,853737,318093,535644,3,Debt MF,55.33,0.0,86.95,32.0,62.22,Moderate
C02109,41,Sales Executive,4,129688,54988,32347,42353,526214,2720745,9965894,120817,13333670,3044370,10289300,415922,18493000,739,Moderately Conservative,Intermediate,Wealth Creation,5098606,1904521,3194085,5,Hybrid MF,32.66,24.94,76.0,40.0,59.8,Moderate
C02110,41,Software Engineer,2,107441,49440,13374,44627,624808,6100089,7810912,476371,15012180,1069171,13943009,347659,22862163,699,Moderately Conservative,Intermediate,Retirement,18304015,2915028,15388987,19,Equity MF,41.54,12.45,93.6,35.0,67.23,Moderate
C02111,63,Freelancer,1,194115,63793,18475,111847,752885,10044541,0,588379,11385805,881357,10504448,501274,16853753,649,Conservative,Intermediate,Retirement,24340182,4659838,19680344,1,PPF,57.62,9.52,83.1,15.0,45.0,Moderately Conservative
C02112,26,Business Owner,1,115358,44370,25697,45291,557273,1004371,0,216591,1778235,1049572,728663,199947,16548962,763,Moderate,Intermediate,Retirement,14755137,703059,14052078,34,PPF,39.26,22.28,77.85,55.0,67.57,Moderate
C02113,48,Business Owner,1,213282,100400,18568,94314,312885,5336628,16625790,78257,22353560,2100500,20253060,312885,32103777,724,Moderately Aggressive,Beginner,Retirement,36168583,3735639,32432944,12,Bonds,44.22,8.71,92.55,67.0,81.05,Moderately Aggressive
C02114,57,Software Engineer,0,290766,153128,62840,74798,1208584,22594876,15989117,615235,40407812,9638270,30769542,511657,68754685,734,Moderately Aggressive,Intermediate,Buy House,46871907,11960292,34911615,20,Debt MF,25.72,21.61,70.2,72.0,71.01,Moderately Aggressive
C02115,34,Bank Employee,0,75270,38255,0,37015,482307,2919392,4448879,161022,8011600,0,8011600,278409,4559953,769,Conservative,Beginner,Retirement,15366699,944648,14422051,26,Bonds,49.18,0.0,98.65,7.0,57.41,Moderate
C02116,44,Teacher,1,196621,100261,18595,77765,236786,12114926,0,132179,12483891,813421,11670470,159569,19878778,725,Conservative,Beginner,Child Education,1348523,500332,848191,1,Bonds,39.55,9.46,71.95,4.0,41.37,Moderately Conservative
C02117,57,Freelancer,0,196188,81013,25170,90005,368422,17084674,11628138,249728,29330962,2663546,26667416,137790,37910659,783,Moderately Conservative,Intermediate,Retirement,33928843,2027653,31901190,3,Stocks,45.88,12.83,78.8,35.0,59.09,Moderate
C02118,43,Designer,2,97150,42244,9517,45389,447926,3603566,0,334922,4386414,419155,3967259,272360,21534545,717,Conservative,Beginner,Child Education,321000,44457,276543,1,ETF,46.72,9.8,86.1,4.0,45.0,Moderately Conservative
C02119,26,Business Owner,2,324804,161988,193970,0,1180013,10000,0,321931,1511944,8018903,-6506959,1068222,45507436,630,Moderately Conservative,Advanced,Retirement,51455232,7000,51448232,34,Gold,0.0,59.72,44.85,43.0,44.02,Moderately Conservative
C02120,43,Software Engineer,2,207376,88042,49541,69793,893750,7380148,11517900,303427,20095225,5089735,15005490,413950,47683901,700,Conservative,Beginner,Wealth Creation,19928602,5166103,14762499,15,Equity MF,33.66,23.89,81.3,12.0,50.12,Moderate
C02121,50,Accountant,2,61184,26905,0,34279,170180,5579021,2267233,123539,8139973,0,8139973,54916,10082581,789,Moderate,Advanced,Wealth Creation,2090315,455307,1635008,5,Stocks,56.03,0.0,86.65,68.0,78.26,Moderately Aggressive
C02122,21,Teacher,0,71976,37065,5183,29728,353235,110467,0,173105,636807,139309,497498,282820,7440756,783,Moderate,Beginner,Higher Education,2388517,77326,2311191,5,ETF,41.3,7.2,91.4,44.0,70.07,Moderately Aggressive
C02123,33,Doctor,1,104024,49195,30516,24313,138048,1209598,8683383,46768,10077797,3279228,6798569,138048,22372589,743,Moderately Conservative,Intermediate,Child Education,1071351,250951,820400,2,Hybrid MF,23.37,29.34,54.6,32.0,44.43,Moderately Conservative
C02124,26,Accountant,2,121769,60790,12427,48552,304401,1199005,0,237212,1740618,199834,1540784,304401,12308535,677,Moderately Conservative,Intermediate,Child Education,4113384,517076,3596308,5,FD,39.87,10.21,81.25,32.0,59.09,Moderate
C02125,24,Sales Executive,0,73367,38396,22271,12700,424037,110201,0,210498,744736,374563,370173,92984,11905819,748,Moderately Conservative,Beginner,Higher Education,3326437,77140,3249297,7,Bonds,17.31,30.36,62.4,24.0,45.12,Moderately Conservative
C02126,41,Doctor,4,173107,85736,9017,78354,597023,5517853,0,238457,6353333,243352,6109981,122707,32723179,800,Moderately Conservative,Beginner,Wealth Creation,11581077,2890588,8690489,7,Gold,45.26,5.21,88.0,32.0,62.8,Moderate
C02127,29,Consultant,2,63761,23950,15881,23930,320035,473841,0,199814,993690,431815,561875,185864,3829369,659,Moderately Aggressive,Beginner,Child Education,526707,124417,402290,2,ETF,37.53,24.91,69.2,64.0,45.0,Moderately Conservative
C02128,39,Freelancer,4,44394,24895,5067,14432,184450,992802,1720236,72230,2969718,345983,2623735,184450,3476683,778,Moderately Conservative,Advanced,Higher Education,992321,110971,881350,5,ETF,32.51,11.41,83.3,40.0,63.82,Moderate
C02129,41,Accountant,3,186284,83373,38188,64723,380455,7187320,10143695,278735,17990205,6092127,11898078,128156,44229652,679,Moderate,Beginner,Wealth Creation,8374603,2858307,5516296,5,FD,34.74,20.5,69.0,52.0,61.35,Moderate
C02130,39,Government Employee,4,76491,36597,9178,30716,460324,2375603,5219218,261052,8316197,1167933,7148264,136803,5583541,690,Moderately Aggressive,Intermediate,Wealth Creation,3169707,212846,2956861,5,Stocks,40.16,12.0,88.3,80.0,84.56,Aggressive
C02131,32,Teacher,0,180622,80239,19971,80412,1072725,2379431,12584117,435979,16472252,3361015,13111237,411084,29279268,700,Conservative,Intermediate,Buy House,34077991,1665601,32412390,20,Bonds,44.52,11.06,91.95,12.0,55.97,Moderate
C02132,22,Freelancer,0,79349,37762,13560,28027,406646,68844,0,155215,630705,303443,327262,39799,15368007,742,Moderately Conservative,Beginner,Buy House,8302279,48190,8254089,20,Equity MF,35.32,17.09,81.0,24.0,55.35,Moderate
C02133,24,Freelancer,0,45927,17268,0,28659,102797,195740,0,29429,327966,0,327966,102797,6205974,770,Conservative,Advanced,Wealth Creation,5796910,137018,5659892,20,Debt MF,62.4,0.0,96.0,28.0,65.4,Moderate
C02134,36,Sales Executive,4,110181,41112,26771,42298,221869,5265412,0,54710,5541991,687800,4854191,178268,13601591,745,Moderately Aggressive,Beginner,Higher Education,1350341,328500,1021841,5,Equity MF,38.39,24.3,75.75,64.0,70.46,Moderately Aggressive
C02135,42,Designer,1,70946,28430,22701,19815,249860,2952395,5598506,118773,8919534,2782290,6137244,202191,4336578,833,Moderately Conservative,Beginner,Wealth Creation,8086230,2028491,6057739,15,ETF,27.93,32.0,73.45,32.0,54.8,Moderate
C02136,25,Freelancer,0,75587,31136,9173,35278,93615,448861,0,68965,611441,383987,227454,93615,14735844,710,Moderate,Beginner,Buy House,9396967,314202,9082765,15,ETF,46.67,12.14,83.0,44.0,65.45,Moderate
C02137,26,Bank Employee,2,64508,32458,4276,27774,87645,474097,0,28374,590116,117058,473058,87645,14450411,745,Conservative,Intermediate,Higher Education,776102,193221,582881,3,Hybrid MF,43.06,6.63,79.45,12.0,49.1,Moderate
C02138,39,Sales Executive,3,108719,56939,22632,29148,434157,1550813,6235506,118727,8339203,2580684,5758519,214685,23803732,778,Moderate,Advanced,Wealth Creation,2716926,755914,1961012,5,Debt MF,26.81,20.82,64.3,68.0,65.97,Moderate
C02139,36,Bank Employee,1,305107,124015,0,181092,468762,11774854,0,326614,12570230,0,12570230,128738,37609631,760,Moderate,Advanced,Retirement,42411361,6260594,36150767,24,Equity MF,59.35,0.0,89.35,63.0,77.49,Moderately Aggressive
C02140,24,Business Owner,0,100031,50312,30277,19442,561785,302826,0,290247,1154858,548102,606756,150876,16407155,782,Moderate,Intermediate,Wealth Creation,12232266,211978,12020288,15,PPF,19.44,30.27,71.0,60.0,66.05,Moderate
C02141,53,Freelancer,0,101742,43875,24223,33644,231779,3844943,4948062,172212,9196996,4050891,5146105,231779,19094689,791,Moderate,Intermediate,Buy House,4328517,1629278,2699239,5,PPF,33.07,23.81,67.2,52.0,60.36,Moderate
C02142,46,Software Engineer,2,220264,76405,56361,87498,471961,4594690,0,169844,5236495,926928,4309567,127872,17755314,771,Aggressive,Beginner,Retirement,29139924,2891943,26247981,14,Hybrid MF,39.72,25.59,76.85,82.0,79.17,Moderately Aggressive
C02143,31,Data Scientist,0,92411,33910,0,58501,266068,2244894,5148420,108175,7767557,0,7767557,40287,11455839,754,Moderately Conservative,Intermediate,Retirement,9842191,697900,9144291,29,Hybrid MF,63.31,0.0,95.1,35.0,68.06,Moderately Aggressive
C02144,26,Doctor,2,130562,60026,22698,47838,155904,688057,0,105895,949856,884688,65168,155904,26955390,714,Moderately Conservative,Intermediate,Retirement,14481325,481639,13999686,34,ETF,36.64,17.38,69.85,35.0,54.17,Moderate
C02145,23,Bank Employee,0,64951,30593,0,34358,75074,89041,0,35315,199430,0,199430,43707,6964456,731,Aggressive,Intermediate,Child Education,317805,32079,285726,1,Gold,52.9,0.0,79.8,87.0,45.0,Moderately Conservative
C02146,28,Government Employee,2,45726,19549,11555,14622,220796,465128,0,123980,809904,242133,567771,118101,9690372,691,Moderate,Advanced,Wealth Creation,3590793,325589,3265204,15,Stocks,31.98,25.27,80.55,68.0,74.9,Moderately Aggressive
C02147,51,Sales Executive,0,153714,89970,34370,29374,627260,2474154,11331493,150468,14583375,2786112,11797263,620641,24937106,691,Aggressive,Intermediate,Child Education,1049235,230407,818828,1,Equity MF,19.11,22.36,58.9,87.0,45.0,Moderately Conservative
C02148,25,Consultant,0,189627,76361,48903,64363,794718,941110,0,440387,2176215,2103051,73164,196441,42453225,711,Moderately Conservative,Advanced,Buy House,9347571,658777,8688794,7,Bonds,33.94,25.79,69.4,40.0,56.17,Moderate
C02149,62,Accountant,0,120412,44093,25327,50992,418777,10117605,0,232208,10768590,448080,10320510,115234,9837223,711,Conservative,Beginner,Retirement,17668091,3476435,14191656,1,Stocks,42.35,21.03,75.25,7.0,44.54,Moderately Conservative
C02150,52,Sales Executive,0,230910,93195,54672,83043,227459,5609946,0,118381,5955786,1460703,4495083,227459,34526838,743,Moderately Aggressive,Intermediate,Child Education,6492429,1311689,5180740,5,ETF,35.96,23.68,65.35,72.0,68.34,Moderately Aggressive
C02151,38,Teacher,4,89291,36873,0,52418,79364,7177350,0,19348,7276062,0,7276062,79364,14179463,776,Moderate,Beginner,Retirement,9290474,974524,8315950,22,FD,58.7,0.0,89.05,47.0,70.13,Moderately Aggressive
C02152,27,Software Engineer,1,128858,50902,37242,40714,115787,663349,0,30557,809693,1607695,-798002,115787,15408413,723,Conservative,Intermediate,Higher Education,3561688,464344,3097344,10,PPF,31.6,28.9,62.900000000000006,12.0,40.0,Moderately Conservative
C02153,63,Business Owner,0,217865,102228,25748,89889,1123510,20059128,7956150,556708,29695496,1765656,27929840,622088,28006177,706,Conservative,Intermediate,Child Education,5160081,1275120,3884961,7,FD,41.26,11.82,84.7,12.0,51.99,Moderate
C02154,21,Sales Executive,0,156335,72285,29977,54073,962988,436092,0,719407,2118487,1355966,762521,204854,37349579,756,Moderately Conservative,Beginner,Wealth Creation,13562622,305264,13257358,10,FD,34.59,19.17,79.2,32.0,57.96,Moderate
C02155,26,Accountant,1,83574,29075,4513,49986,194931,1097353,0,149414,1441698,156238,1285460,38397,7890979,761,Moderate,Beginner,Child Education,1030734,331393,699341,3,ETF,59.81,5.4,87.45,44.0,67.9,Moderate
C02156,53,Business Owner,0,190033,93485,0,96548,1209692,22546327,11310101,795459,35861579,0,35861579,625526,23146383,801,Moderate,Intermediate,Retirement,35143979,8738011,26405968,7,Equity MF,50.81,0.0,90.2,55.0,74.36,Moderately Aggressive
C02157,59,Doctor,1,150277,75732,13397,61148,636035,10765583,9056851,178239,20636708,1714344,18922364,228552,35836509,783,Moderately Conservative,Beginner,Wealth Creation,20549940,4867186,15682754,15,Equity MF,40.69,8.91,90.9,32.0,64.4,Moderate
C02158,43,Designer,3,91521,45162,28182,18177,166560,1038990,7418959,128750,8753259,3479917,5273342,166560,18603038,733,Moderately Conservative,Intermediate,Emergency Fund,6161836,727293,5434543,10,Equity MF,19.86,30.79,61.5,23.0,44.18,Moderately Conservative
C02159,54,Accountant,0,110752,52727,47687,10338,139562,597562,0,37475,774599,1021157,-246558,139562,8883176,637,Moderate,Advanced,Wealth Creation,15347424,418293,14929131,20,Equity MF,9.33,43.06,41.65,68.0,53.51,Moderate
C02160,52,Software Engineer,0,287269,138457,18608,130204,971256,14086172,0,649943,15707371,493873,15213498,937253,28533919,801,Moderate,Beginner,Emergency Fund,9033253,2647479,6385774,10,FD,45.32,6.48,93.15,35.0,66.98,Moderate
C02161,36,Government Employee,1,107840,32721,0,75119,342144,4839558,4972693,117640,10272035,0,10272035,145446,16883643,775,Moderately Aggressive,Beginner,Higher Education,586659,39175,547484,2,PPF,69.66,0.0,87.15,64.0,45.0,Moderately Conservative
C02162,22,Teacher,1,105333,40565,14260,50508,377059,341031,0,247668,965758,340471,625287,148336,10860883,736,Moderately Aggressive,Advanced,Buy House,3286013,238721,3047292,5,Stocks,47.95,13.54,84.4,80.0,82.42,Moderately Aggressive
C02163,38,Doctor,2,118369,62586,18585,37198,850450,3891241,0,462857,5204548,751719,4452829,474707,22260846,716,Moderate,Advanced,Wealth Creation,16033191,2107524,13925667,15,Gold,31.43,15.7,89.05,68.0,79.58,Moderately Aggressive
C02164,57,Sales Executive,0,212366,114411,137772,0,451136,10000,9162571,316468,9940175,23896591,-13956416,451136,20334358,633,Moderately Aggressive,Intermediate,Retirement,29743468,7000,29736468,3,Stocks,0.0,64.87,27.8,75.0,49.04,Moderate
C02165,54,Doctor,0,159307,71047,0,88260,286722,15448672,7817881,110461,23663736,0,23663736,286722,17201922,796,Moderately Aggressive,Beginner,Buy House,11413315,2420254,8993061,10,Debt MF,55.4,0.0,88.85,64.0,77.67,Moderately Aggressive
C02166,61,Sales Executive,1,183922,78848,0,105074,475355,32302746,0,207649,32985750,0,32985750,222758,12985358,719,Moderate,Advanced,Buy House,8022194,1811322,6210872,5,Debt MF,57.13,0.0,85.0,60.0,73.75,Moderately Aggressive
C02167,38,Software Engineer,1,171380,91445,37318,42617,964434,2962703,8112804,588478,12628419,4380381,8248038,437630,20246784,765,Moderately Aggressive,Advanced,Travel,1731931,492726,1239205,3,Gold,24.87,21.78,65.65,83.0,73.46,Moderately Aggressive
C02168,24,Sales Executive,0,164188,65172,9427,89589,425338,841861,0,306183,1573382,341137,1232245,227299,23117128,756,Aggressive,Advanced,Buy House,6332003,589302,5742701,5,Hybrid MF,54.56,5.74,87.4,95.0,90.82,Aggressive
C02169,44,Consultant,2,128095,62198,18572,47325,839646,7118783,8793416,531619,17283464,2570551,14712913,111401,20124444,708,Moderately Conservative,Intermediate,Wealth Creation,17140939,1872152,15268787,15,PPF,36.95,14.5,88.15,40.0,66.48,Moderate
C02170,51,Accountant,1,30343,14350,7531,8462,52819,1432639,0,14414,1499872,108560,1391312,52819,4556657,766,Moderately Conservative,Intermediate,Retirement,5140383,544534,4595849,9,Bonds,27.89,24.82,71.3,35.0,54.97,Moderate
C02171,48,Sales Executive,3,60074,26195,12850,21029,238161,2778928,5034466,187853,8239408,1579550,6659858,64398,5582651,777,Moderately Conservative,Beginner,Buy House,2750787,818951,1931836,7,FD,35.01,21.39,70.95,24.0,49.82,Moderate
C02172,48,Business Owner,3,82830,37055,8486,37289,414787,3782060,6537329,264835,10999011,1082211,9916800,195104,14302880,708,Aggressive,Intermediate,Child Education,513480,30222,483258,2,Bonds,45.02,10.25,81.35,87.0,45.0,Moderately Conservative
C02173,26,Software Engineer,0,282575,109548,17717,155310,1276663,3837877,0,347693,5462233,751468,4710765,168805,63955670,725,Conservative,Beginner,Wealth Creation,13188046,2012169,11175877,5,Stocks,54.96,6.27,94.25,12.0,57.24,Moderate
C02174,41,Sales Executive,2,109807,57969,0,51838,347689,3079577,0,241050,3668316,0,3668316,219267,26230325,736,Moderately Conservative,Intermediate,Child Education,767906,249379,518527,2,Hybrid MF,47.21,0.0,82.4,32.0,45.0,Moderately Conservative
C02175,29,Government Employee,0,82605,38119,8963,35523,133435,1046328,0,62438,1242201,202646,1039555,56581,18805095,738,Moderately Conservative,Intermediate,Retirement,11558104,732429,10825675,31,Equity MF,43.0,10.85,86.4,35.0,63.27,Moderate
C02176,34,Designer,0,139834,58175,0,81659,156452,4101593,10307221,58531,14623797,0,14623797,156452,16172751,822,Moderately Conservative,Beginner,Buy House,3897987,922211,2975776,5,FD,58.4,0.0,84.05,24.0,57.03,Moderate
C02177,51,Software Engineer,2,284600,107867,79709,97024,1244700,7233116,0,463749,8941565,3617640,5323925,564970,44407020,658,Conservative,Beginner,Retirement,32571223,5063181,27508042,9,ETF,34.09,28.01,74.3,7.0,44.02,Moderately Conservative
C02178,37,Accountant,3,162569,85993,8174,68402,406413,3693455,6809388,92466,11001722,926638,10075084,244035,17251001,700,Conservative,Beginner,Retirement,22858221,2585418,20272803,23,Stocks,42.08,5.03,94.2,7.0,54.96,Moderate
C02179,26,Sales Executive,1,196558,92519,108077,0,1030206,10000,0,648694,1688900,2453671,-764771,580607,42041363,563,Aggressive,Beginner,Wealth Creation,6085779,7000,6078779,5,ETF,0.0,54.98,39.25,87.0,50.0,Moderate
C02180,39,Designer,2,62771,23046,28362,11363,207936,1288116,4010377,157936,5664365,4837282,827083,29175,8440209,623,Moderate,Intermediate,Retirement,7681534,901681,6779853,21,Hybrid MF,18.1,45.18,53.900000000000006,55.0,54.4,Moderate
C02181,21,Consultant,0,129192,63913,28634,36645,393420,123722,0,267885,785027,1009452,-224425,386466,16910701,661,Conservative,Advanced,Retirement,27691029,86605,27604424,39,PPF,28.36,22.16,70.0,23.0,48.85,Moderate
C02182,27,Doctor,1,90109,42988,24132,22989,124369,666595,0,30750,821714,828084,-6370,66168,6191809,737,Moderate,Beginner,Higher Education,1803715,101232,1702483,5,Equity MF,25.51,26.78,55.1,44.0,50.11,Moderate
C02183,30,Government Employee,1,115611,46188,12269,57154,312921,3806465,0,205718,4325104,158832,4166272,185200,24772758,742,Moderately Aggressive,Intermediate,Child Education,675108,204958,470150,2,PPF,49.44,10.61,80.05,72.0,45.0,Moderately Conservative
C02184,22,Accountant,1,108761,58346,10972,39443,678379,351178,0,164877,1194434,168842,1025592,241610,18110287,775,Moderately Conservative,Beginner,Wealth Creation,4255212,245824,4009388,5,Debt MF,36.27,10.09,85.4,32.0,61.37,Moderate
C02185,42,Doctor,1,129511,56603,40825,32083,147803,4260115,0,70724,4478642,657352,3821290,66359,22072796,725,Moderately Aggressive,Intermediate,Wealth Creation,4861793,782395,4079398,5,Equity MF,24.77,31.52,64.85,80.0,71.67,Moderately Aggressive
C02186,59,Software Engineer,1,133172,53543,36315,43314,686613,5385003,6152957,187203,12411776,2206575,10205201,204454,25345317,728,Moderately Conservative,Intermediate,Buy House,22084180,3769502,18314678,20,Gold,32.52,27.27,78.9,32.0,57.8,Moderate
C02187,41,Software Engineer,3,66953,29151,8728,29074,147461,1759151,4763016,48412,6718040,1313916,5404124,147461,10131774,811,Moderately Aggressive,Advanced,Emergency Fund,728770,271153,457617,3,Equity MF,43.42,13.04,78.2,71.0,74.96,Moderately Aggressive
C02188,58,Government Employee,0,82971,36762,7610,38599,281167,6872502,3821150,138690,11113509,630308,10483201,232251,9769365,787,Moderate,Intermediate,Child Education,1515494,79978,1435516,3,ETF,46.52,9.17,86.65,52.0,71.06,Moderately Aggressive
C02189,49,Consultant,2,172028,64982,43266,63780,386343,3600345,0,287666,4274354,1903967,2370387,213474,17574294,634,Moderately Conservative,Beginner,Retirement,21604549,2520241,19084308,11,Debt MF,37.08,25.15,70.6,27.0,50.98,Moderate
C02190,65,Designer,0,78241,34833,0,43408,331428,7392288,5098969,85702,12908387,0,12908387,271835,16644250,724,Moderate,Beginner,Retirement,10322268,702309,9619959,1,Bonds,55.48,0.0,82.8,47.0,45.0,Moderately Conservative
C02191,35,Bank Employee,2,111605,36363,0,75242,499242,1912635,7940424,274059,10626360,0,10626360,154359,9035445,782,Moderate,Beginner,Child Education,886054,330604,555450,2,PPF,67.42,0.0,87.3,44.0,45.0,Moderately Conservative
C02192,57,Designer,0,165345,69138,10023,86184,657780,17386797,0,456831,18501408,237377,18264031,474688,20193339,729,Moderate,Intermediate,Wealth Creation,10433370,993255,9440115,10,PPF,52.12,6.06,92.4,60.0,77.82,Moderately Aggressive
C02193,37,Sales Executive,1,97149,42742,0,54407,371222,3168204,3678447,153161,7371034,0,7371034,151435,20220295,736,Moderate,Intermediate,Emergency Fund,3869890,690013,3179877,7,Bonds,56.0,0.0,92.6,43.0,70.28,Moderately Aggressive
C02194,23,Business Owner,0,87037,37849,0,49188,243558,126322,0,168142,538022,0,538022,220365,13495507,788,Moderately Conservative,Intermediate,Emergency Fund,5299656,88425,5211231,10,Debt MF,56.51,0.0,97.2,23.0,63.81,Moderate
C02195,52,Government Employee,2,115041,50532,14187,50322,580668,7734407,7738644,159557,16213276,2261873,13951403,346577,18106117,812,Moderate,Beginner,Retirement,13923760,2801295,11122465,8,Bonds,43.74,12.33,89.15,47.0,70.18,Moderately Aggressive
C02196,39,Accountant,1,156651,54663,43201,58787,592785,4865190,0,261243,5719218,921877,4797341,249024,37418127,743,Conservative,Advanced,Retirement,22176593,3405633,18770960,21,PPF,37.53,27.58,84.9,23.0,57.05,Moderate
C02197,59,Software Engineer,1,112195,60867,61578,0,177163,10000,0,123866,311029,831260,-520231,177163,22826721,630,Conservative,Intermediate,Buy House,4043380,7000,4036380,5,FD,0.0,54.88,25.3,12.0,19.32,Conservative
C02198,33,Business Owner,0,231025,118906,18075,94044,489436,7368996,17263643,156383,25278458,2295431,22983027,489436,26170621,771,Aggressive,Beginner,Buy House,14930222,4433956,10496266,10,Bonds,40.71,7.82,92.0,79.0,86.15,Aggressive
C02199,28,Consultant,0,83844,41934,9717,32193,309026,1038822,0,99531,1447379,338176,1109203,139881,17299144,704,Moderate,Advanced,Wealth Creation,7853634,727175,7126459,15,Stocks,38.4,11.59,83.55,68.0,76.55,Moderately Aggressive
C02200,52,Data Scientist,0,135515,44993,32276,58246,352651,6824958,0,235786,7413395,550725,6862670,160702,21354965,753,Conservative,Intermediate,Retirement,15587221,4451986,11135235,8,Hybrid MF,42.98,23.82,81.15,15.0,51.38,Moderate
C02201,53,Teacher,0,75637,25376,18906,31355,243709,2955672,0,73756,3273137,325223,2947914,43386,11946020,731,Moderately Conservative,Beginner,Wealth Creation,4197213,735610,3461603,10,FD,41.45,25.0,81.0,32.0,58.95,Moderate
C02202,35,Designer,2,45351,22346,4824,18181,79479,896410,0,59917,1035806,223387,812419,79479,7794876,739,Conservative,Beginner,Emergency Fund,630676,187236,443440,2,Hybrid MF,40.09,10.64,76.3,0.0,41.97,Moderately Conservative
C02203,37,Software Engineer,1,276583,111011,33118,132454,323935,14791754,22518625,189123,37823437,3568678,34254759,323935,24816294,739,Moderate,Intermediate,Higher Education,3602374,402375,3199999,3,Hybrid MF,47.89,11.97,76.8,52.0,65.64,Moderate
C02204,48,Freelancer,2,152698,76258,14213,62227,424856,10332253,7295414,199569,18252092,1274527,16977565,424856,19355895,769,Moderately Aggressive,Intermediate,Buy House,13770947,1538667,12232280,15,Debt MF,40.75,9.31,92.55,72.0,83.3,Moderately Aggressive
C02205,56,Sales Executive,0,160538,51532,45014,63992,372395,5766848,0,96310,6235553,1681549,4554004,118980,30832408,782,Moderately Aggressive,Intermediate,Child Education,1732962,228974,1503988,3,Stocks,39.86,28.04,66.95,72.0,69.22,Moderately Aggressive
C02206,29,Software Engineer,1,102544,49388,0,53156,632734,1835326,0,304547,2772607,0,2772607,192704,22675440,797,Aggressive,Advanced,Wealth Creation,8716559,550667,8165892,10,ETF,51.84,0.0,96.6,100.0,98.13,Aggressive
C02207,25,Business Owner,0,167296,70659,24734,71903,421712,1627489,0,203225,2252426,1135294,1117132,149482,22946023,757,Conservative,Beginner,Buy House,23930984,1139242,22791742,15,ETF,42.98,14.78,83.0,4.0,47.45,Moderately Conservative
C02208,21,Business Owner,1,67056,27141,17757,22158,141717,92096,0,106988,340801,620323,-279522,141717,6745373,705,Moderately Aggressive,Intermediate,Wealth Creation,3286592,64467,3222125,7,Stocks,33.04,26.48,65.4,80.0,71.97,Moderately Aggressive
C02209,24,Government Employee,0,92512,46373,42580,3559,206136,41638,0,75054,322828,584258,-261430,206136,16020882,668,Moderate,Intermediate,Retirement,19797268,29146,19768122,36,PPF,3.85,46.03,51.0,55.0,52.8,Moderate
C02210,26,Business Owner,1,261609,120361,78129,63119,582443,1500739,0,247688,2330870,1739475,591395,329649,19433742,714,Moderate,Advanced,Buy House,12936817,1050517,11886300,10,Debt MF,24.13,29.86,66.05,60.0,63.33,Moderate
C02211,31,Teacher,1,80607,41705,16736,22166,261863,482565,6411864,54574,7210866,1070678,6140188,101737,15622581,715,Moderately Conservative,Intermediate,Buy House,4151375,222944,3928431,7,Stocks,27.5,20.76,71.5,32.0,53.73,Moderate
C02212,37,Software Engineer,1,166639,96843,16727,53069,768647,2642102,0,532681,3943430,403048,3540382,402437,39291101,671,Moderately Aggressive,Advanced,Wealth Creation,9501766,1088615,8413151,10,Debt MF,31.85,10.04,86.4,88.0,87.12,Aggressive
C02213,57,Designer,0,183650,110329,49214,24107,1509466,3050941,6794628,450885,11805920,5424403,6381517,112634,12369064,688,Moderately Conservative,Beginner,Child Education,801715,310344,491371,1,PPF,13.13,26.8,55.0,24.0,41.05,Moderately Conservative
C02214,48,Government Employee,2,104222,37912,30063,36247,192174,2114790,0,153400,2460364,762080,1698284,192174,13133990,696,Moderately Conservative,Intermediate,Wealth Creation,4438916,742050,3696866,5,PPF,34.78,28.85,67.95,40.0,55.37,Moderate
C02215,63,Freelancer,0,104869,53448,6481,44940,165106,11213512,8727837,103301,20209756,879122,19330634,123184,16259910,764,Moderately Aggressive,Intermediate,Retirement,17634851,4160828,13474023,1,Stocks,42.85,6.18,74.1,75.0,45.0,Moderately Conservative
C02216,25,Sales Executive,0,70010,26144,17539,26327,185588,143330,0,122971,451889,635649,-183760,155488,6072948,752,Moderate,Intermediate,Child Education,1232233,100331,1131902,7,Hybrid MF,37.6,25.05,69.4,52.0,61.57,Moderate
C02217,27,Business Owner,0,92585,38397,0,54188,316869,637070,0,163880,1117819,0,1117819,158747,15361145,767,Conservative,Advanced,Wealth Creation,11772237,445949,11326288,15,Bonds,58.53,0.0,99.7,28.0,67.44,Moderate
C02218,39,Designer,2,92601,56508,25097,10996,202297,1289542,0,113244,1605083,922914,682169,202297,20000736,680,Moderate,Beginner,Wealth Creation,8267168,902679,7364489,10,Equity MF,11.87,27.1,59.1,52.0,55.91,Moderate
C02219,50,Software Engineer,1,253903,117823,29147,106933,477356,15319346,16183172,200043,32179917,3283287,28896630,477356,17803580,745,Moderately Conservative,Intermediate,Buy House,17350456,2150298,15200158,10,PPF,42.12,11.48,85.45,32.0,61.4,Moderate
C02220,35,Designer,4,58739,32731,6369,19639,408385,1123578,3017333,212017,4761313,428461,4332852,189257,7589086,792,Moderately Aggressive,Intermediate,Wealth Creation,2327596,786504,1541092,5,Stocks,33.43,10.84,83.9,80.0,82.15,Moderately Aggressive
C02221,34,Software Engineer,1,227080,86901,0,140179,660803,8307168,0,337384,9305355,0,9305355,496129,41993177,750,Conservative,Beginner,Travel,3240328,865350,2374978,3,Gold,61.73,0.0,90.25,7.0,52.79,Moderate
C02222,42,Software Engineer,2,422599,178563,55013,189023,1342425,14304379,27867605,575147,44089556,4633146,39456410,1126477,80409384,743,Moderate,Advanced,Buy House,51941181,10013065,41928116,20,Equity MF,44.73,13.02,93.45,60.0,78.4,Moderately Aggressive
C02223,26,Freelancer,2,36084,15468,16915,3701,120006,54395,0,61515,235916,322381,-86465,35396,4449454,545,Moderately Aggressive,Intermediate,Retirement,4363931,38076,4325855,34,Stocks,10.26,46.88,55.85,75.0,64.47,Moderate
C02224,65,Government Employee,1,129676,58838,0,70838,250790,7546874,7905574,158954,15862192,0,15862192,141815,9943399,752,Moderate,Intermediate,Retirement,20309283,2745928,17563355,1,PPF,54.63,0.0,78.8,55.0,45.0,Moderately Conservative
C02225,41,Consultant,1,395729,169249,31412,195068,1469058,27072027,32423851,569355,61534291,4666485,56867806,766134,67685236,750,Moderate,Intermediate,Child Education,4718768,1692655,3026113,2,PPF,49.29,7.94,86.4,52.0,45.0,Moderately Conservative
C02226,34,Bank Employee,1,63038,24312,0,38726,216833,2406688,5220500,93230,7937251,0,7937251,96261,6891631,739,Conservative,Beginner,Retirement,10409275,880407,9528868,26,PPF,61.43,0.0,98.65,7.0,57.41,Moderate
C02227,64,Software Engineer,1,165545,77457,9624,78464,381373,21233980,0,250758,21866111,266376,21599735,163016,27357574,676,Moderately Conservative,Beginner,Child Education,568349,29726,538623,1,ETF,47.4,5.81,78.95,24.0,45.0,Moderately Conservative
C02228,63,Bank Employee,0,148191,73215,0,74976,664163,19934906,0,159791,20758860,0,20758860,173432,19747534,724,Moderate,Intermediate,Wealth Creation,16587610,1928167,14659443,20,Gold,50.59,0.0,90.3,60.0,76.66,Moderately Aggressive
C02229,43,Teacher,3,113811,65062,15798,32951,269558,4598133,5031109,205936,10104736,1748808,8355928,269558,23406188,765,Moderately Aggressive,Intermediate,Higher Education,7783191,1945749,5837442,10,ETF,28.95,13.88,73.5,72.0,72.83,Moderately Aggressive
C02230,31,Software Engineer,1,287901,128716,29361,129824,1561958,5226394,20607697,921683,28317732,5174691,23143041,623605,67410578,768,Moderate,Intermediate,Child Education,3254727,456830,2797897,3,FD,45.09,10.2,83.7,52.0,69.44,Moderately Aggressive
C02231,23,Accountant,0,63181,28541,0,34640,374922,156188,0,131352,662462,0,662462,60537,5922427,720,Moderate,Intermediate,Retirement,9439024,109331,9329693,37,Stocks,54.83,0.0,100.0,55.0,79.75,Moderately Aggressive
C02232,45,Accountant,2,76488,26165,12452,37871,359773,4995431,5580971,169048,11105223,1072219,10033004,59304,8452092,707,Moderate,Beginner,Retirement,7971134,3070207,4900927,15,Hybrid MF,49.51,16.28,93.0,47.0,72.3,Moderately Aggressive
C02233,51,Bank Employee,0,125401,76494,14327,34580,691707,4088772,4669327,174768,9624574,1167324,8457250,335869,16130577,727,Moderately Conservative,Beginner,Retirement,19073898,2862140,16211758,9,PPF,27.58,11.42,79.3,27.0,55.77,Moderate
C02234,58,Teacher,0,81602,40294,6133,35175,306684,6100777,4401928,124889,10934278,878164,10056114,137750,9653003,783,Conservative,Beginner,Wealth Creation,8683207,1147063,7536144,15,ETF,43.11,7.52,91.05,12.0,55.48,Moderate
C02235,64,Business Owner,1,179347,61120,26121,92106,422191,10026159,11117799,199509,21765658,2110761,19654897,106812,15385838,720,Conservative,Beginner,Child Education,5965786,653268,5312518,10,Equity MF,51.36,14.56,83.35,4.0,47.64,Moderately Conservative
C02236,58,Business Owner,2,92605,33133,22490,36982,439539,5649749,3630415,282596,10002299,3643311,6358988,194389,10181874,754,Conservative,Beginner,Retirement,13197639,3954824,9242815,2,ETF,39.94,24.29,64.85,7.0,38.82,Moderately Conservative
C02237,35,Data Scientist,2,70764,25750,0,45014,105990,1721849,0,78916,1906755,0,1906755,28034,7522468,781,Conservative,Beginner,Retirement,9263230,1205294,8057936,25,PPF,63.61,0.0,89.5,7.0,52.38,Moderate
C02238,34,Doctor,1,98984,34954,16274,47756,122996,1371310,0,95211,1589517,739952,849565,102015,10509767,727,Moderately Conservative,Advanced,Retirement,12912846,959916,11952930,26,Equity MF,48.25,16.44,84.65,43.0,65.91,Moderate
C02239,22,Bank Employee,0,48384,22384,4159,21841,152633,170118,0,90405,413156,187255,225901,60118,5679368,781,Conservative,Beginner,Higher Education,438362,102604,335758,2,Debt MF,45.14,8.6,78.8,4.0,45.0,Moderately Conservative
C02240,65,Designer,2,145869,68958,32419,44492,498653,13126133,9696956,256433,23578175,5440702,18137473,393926,24417259,772,Moderate,Beginner,Emergency Fund,2810416,461537,2348879,3,PPF,30.5,22.22,69.6,35.0,54.03,Moderate
C02241,26,Business Owner,2,95250,43345,23294,28611,292908,345811,0,140785,779504,380697,398807,292908,21517655,722,Moderate,Beginner,Buy House,12989287,242067,12747220,15,FD,30.04,24.46,80.85,44.0,64.27,Moderate
C02242,65,Doctor,1,298991,148097,27411,123483,2060834,39333732,0,684052,42078618,1147265,40931353,323344,45706663,789,Moderately Conservative,Intermediate,Retirement,62479612,22610723,39868889,1,ETF,41.3,9.17,82.8,35.0,45.0,Moderately Conservative
C02243,48,Sales Executive,2,221538,84265,42686,94587,1029666,9141341,16338162,521734,27030903,3196466,23834437,319026,16344930,715,Moderate,Beginner,Wealth Creation,8406416,2551739,5854677,7,Hybrid MF,42.7,19.27,86.95,52.0,71.22,Moderately Aggressive
C02244,32,Teacher,0,101940,34980,0,66960,301880,3664633,6724826,110221,10801560,0,10801560,140067,7152857,753,Moderate,Advanced,Emergency Fund,990621,357165,633456,2,Hybrid MF,65.69,0.0,87.75,51.0,45.0,Moderately Conservative
C02245,24,Teacher,0,70426,35608,20903,13915,123660,163390,0,80584,367634,765541,-397907,123660,16823776,677,Moderate,Beginner,Retirement,13396543,114373,13282170,36,Gold,19.76,29.68,61.0,47.0,54.7,Moderate
C02246,28,Accountant,1,128027,61512,31403,35112,379182,680788,0,224415,1284385,613791,670594,262373,9707681,722,Moderate,Intermediate,Higher Education,489516,194159,295357,1,Stocks,27.43,24.53,60.35,52.0,45.0,Moderately Conservative
C02247,22,Freelancer,0,41711,20550,6352,14809,201734,90825,0,73724,366283,291473,74810,51253,5311832,719,Moderately Conservative,Beginner,Higher Education,415067,63577,351490,2,Stocks,35.5,15.23,70.8,24.0,45.0,Moderately Conservative
C02248,26,Teacher,0,81433,38978,14526,27929,344741,337292,0,166824,848857,650397,198460,241532,5452081,769,Moderately Aggressive,Intermediate,Travel,1617072,236104,1380968,5,Equity MF,34.3,17.84,76.25,75.0,75.69,Moderately Aggressive
C02249,22,Government Employee,0,52707,23217,0,29490,239972,165019,0,71799,476790,0,476790,155717,9656017,784,Moderately Conservative,Beginner,Emergency Fund,2026179,115513,1910666,10,Debt MF,55.95,0.0,97.2,15.0,60.21,Moderate
C02250,26,Accountant,0,84134,41589,25389,17156,564201,298811,0,301214,1164226,478441,685785,276941,5670468,789,Moderate,Intermediate,Retirement,11765322,209167,11556155,34,Stocks,20.39,30.18,75.85,55.0,66.47,Moderate
C02251,35,Business Owner,2,179968,72152,40620,67196,284334,3569815,13420976,106425,17381550,4792132,12589418,284334,35646706,681,Moderately Conservative,Advanced,Child Education,451107,61234,389873,1,PPF,37.34,22.57,67.3,40.0,45.0,Moderately Conservative
C02252,33,Business Owner,0,125823,53246,0,72577,393046,4759653,8243895,154003,13550597,0,13550597,99313,16453430,696,Moderate,Intermediate,Retirement,14403694,1898872,12504822,27,Stocks,57.68,0.0,94.8,55.0,76.89,Moderately Aggressive
C02253,21,Designer,0,77354,40622,6697,30035,465097,113196,0,119933,698226,311671,386555,257451,12336119,721,Moderately Conservative,Beginner,Wealth Creation,2001992,79237,1922755,5,Gold,38.83,8.66,83.4,32.0,60.27,Moderate
C02254,35,Designer,1,57650,26123,3454,28073,126126,1072055,4427836,72857,5698874,331886,5366988,98158,7353049,740,Conservative,Beginner,Buy House,6331537,750438,5581099,15,FD,48.7,5.99,94.5,4.0,53.77,Moderate
C02255,23,Bank Employee,0,62987,22189,3786,37012,78594,115353,0,61088,255035,81112,173923,78594,13844709,772,Moderately Conservative,Intermediate,Retirement,7683695,80747,7602948,37,PPF,58.76,6.01,90.0,35.0,65.25,Moderate
C02256,22,Accountant,0,87561,34149,25928,27484,305528,114093,0,235857,655478,1016224,-360746,125525,18111964,832,Moderate,Beginner,Wealth Creation,9808595,79865,9728730,15,Hybrid MF,31.39,29.61,75.0,52.0,64.65,Moderate
C02257,24,Accountant,0,78574,26560,21962,30052,362967,209798,0,222410,795175,813254,-18079,160213,6142473,738,Conservative,Beginner,Retirement,10930077,146858,10783219,36,Hybrid MF,38.25,27.95,75.0,7.0,44.4,Moderately Conservative
C02258,32,Data Scientist,2,93226,50432,4733,38061,140184,1926027,6787589,101026,8954826,835356,8119470,93102,22020024,731,Moderately Conservative,Intermediate,Buy House,9169681,662632,8507049,15,FD,40.83,5.08,89.95,32.0,63.87,Moderate
C02259,51,Sales Executive,2,54973,21151,5896,27926,220859,4474718,4302033,94574,9092184,747398,8344786,38981,5789311,715,Aggressive,Intermediate,Buy House,7104701,588872,6515829,15,Stocks,50.8,10.73,92.1,87.0,89.81,Aggressive
C02260,29,Doctor,1,220654,104187,69918,46549,815505,868975,0,368487,2052967,3249928,-1196961,564966,25055734,704,Moderately Conservative,Intermediate,Retirement,37792758,608282,37184476,31,Debt MF,21.1,31.69,69.4,35.0,53.92,Moderate
C02261,63,Bank Employee,2,343288,152793,35715,154780,1675933,16397795,0,699459,18773187,988207,17784980,682136,73794500,741,Moderately Conservative,Beginner,Wealth Creation,63312382,5143922,58168460,20,Stocks,45.09,10.4,90.3,32.0,64.06,Moderate
C02262,50,Designer,0,179985,69211,55999,54775,655103,12480751,10855214,477240,24468308,8319380,16148928,485772,13906356,738,Conservative,Intermediate,Retirement,18994025,7075388,11918637,10,Hybrid MF,30.43,31.11,74.45,15.0,47.7,Moderately Conservative
C02263,63,Software Engineer,0,322715,197886,99267,25562,525307,3870155,0,122727,4518189,2320267,2197922,386494,75645035,749,Moderate,Beginner,Wealth Creation,9043892,1646390,7397502,5,Hybrid MF,7.92,30.76,42.7,52.0,46.89,Moderately Conservative
C02264,64,Teacher,2,237892,102739,59959,75194,575092,9031162,0,456406,10062660,1667420,8395240,575092,39987163,708,Moderate,Intermediate,Child Education,2241712,191028,2050684,2,PPF,31.61,25.2,65.95,52.0,45.0,Moderately Conservative
C02265,65,Business Owner,2,353876,140298,22125,191453,1075606,40907142,15892888,618165,58493801,3060417,55433384,301342,81637088,732,Moderately Conservative,Beginner,Wealth Creation,26141824,9729414,16412410,15,Hybrid MF,54.1,6.25,90.0,32.0,63.9,Moderate
C02266,23,Doctor,1,156052,59073,31594,65385,680724,564422,0,310094,1555240,1156984,398256,134890,17676303,788,Moderate,Intermediate,Child Education,2579200,395095,2184105,5,Bonds,41.9,20.25,77.4,52.0,65.97,Moderate
C02267,50,Government Employee,1,152685,75794,11892,64999,273788,5203769,10227028,197148,15901733,1869944,14031789,232144,10425238,673,Aggressive,Intermediate,Buy House,17134554,3441300,13693254,15,Hybrid MF,42.57,7.79,92.25,87.0,89.89,Aggressive
C02268,46,Doctor,1,115759,49270,14743,51746,427900,3463901,5817583,211546,9920930,1063689,8857241,271353,22224974,699,Moderate,Advanced,Higher Education,1766265,403849,1362416,3,Equity MF,44.7,12.74,84.45,60.0,73.45,Moderately Aggressive
C02269,60,Software Engineer,0,391112,189362,43189,158561,733444,16093239,0,431438,17258121,756405,16501716,733444,52397811,715,Moderately Conservative,Intermediate,Retirement,80115951,11265267,68850684,1,Stocks,40.54,11.04,75.55,35.0,45.0,Moderately Conservative
C02270,39,Business Owner,2,185819,87170,98692,0,1185285,10000,7844953,945186,9985424,11750685,-1765261,269183,17606119,602,Moderate,Beginner,Wealth Creation,24736245,7000,24729245,15,ETF,0.0,53.11,42.900000000000006,52.0,47.0,Moderately Conservative
C02271,41,Sales Executive,3,262288,92452,56886,112950,1130437,10189501,13230645,895044,25445627,9137305,16308322,180838,53800823,726,Aggressive,Advanced,Emergency Fund,6243024,1038407,5204617,10,Hybrid MF,43.06,21.69,80.8,86.0,83.14,Moderately Aggressive
C02272,31,Software Engineer,1,100943,58321,21513,21109,482926,700123,0,317502,1500551,363354,1137197,168641,13387820,745,Moderate,Advanced,Retirement,19781080,490086,19290994,29,Debt MF,20.91,21.31,74.1,63.0,69.11,Moderately Aggressive
C02273,31,Accountant,0,58431,30523,15540,12368,121425,539128,0,79472,740025,660897,79128,70854,13012608,765,Conservative,Beginner,Wealth Creation,2727005,189675,2537330,7,Gold,21.17,26.6,59.5,12.0,38.12,Moderately Conservative
C02274,21,Doctor,0,56709,25328,10690,20691,346807,102121,0,84803,533731,293882,239849,121180,9322820,758,Moderately Conservative,Intermediate,Wealth Creation,2513072,71484,2441588,7,Stocks,36.49,18.85,76.4,40.0,60.02,Moderate
C02275,55,Data Scientist,0,232417,143862,0,88555,1143262,11269504,0,279868,12692634,0,12692634,910628,41566175,811,Conservative,Intermediate,Wealth Creation,14854859,4594612,10260247,7,Hybrid MF,38.1,0.0,84.9,20.0,55.7,Moderate
C02276,45,Software Engineer,3,70910,38889,16163,15858,323588,2358835,4438478,76653,7197554,1319855,5877699,42582,5635168,720,Moderately Aggressive,Advanced,Retirement,12372614,1651184,10721430,15,Gold,22.36,22.79,72.0,83.0,76.95,Moderately Aggressive
C02277,30,Bank Employee,1,38203,18637,0,19566,210073,517218,1571576,103806,2402673,0,2402673,89000,7755969,731,Moderately Conservative,Beginner,Child Education,2147318,362052,1785266,10,ETF,51.22,0.0,96.45,24.0,63.85,Moderate
C02278,45,Software Engineer,2,212229,136598,13186,62445,1017977,5354855,16060935,762570,23196337,1561434,21634903,209153,28815969,717,Moderately Conservative,Advanced,Buy House,20354361,3748398,16605963,15,FD,29.42,6.21,83.0,40.0,63.65,Moderate
C02279,51,Bank Employee,2,91127,30253,0,60874,221142,15520917,0,157968,15900027,0,15900027,217449,6341785,728,Conservative,Advanced,Child Education,511600,100185,411415,2,Stocks,66.8,0.0,84.9,20.0,45.0,Moderately Conservative
C02280,43,Consultant,3,225453,72300,43401,109752,226250,12960213,13907956,108814,27203233,4945450,22257783,226250,43023692,682,Conservative,Intermediate,Buy House,22983347,8219749,14763598,20,FD,48.68,19.25,86.3,12.0,52.87,Moderate
C02281,34,Government Employee,0,78436,30408,6347,41681,351953,1746273,6322718,238776,8659720,617135,8042585,53978,7308786,766,Aggressive,Advanced,Wealth Creation,7215818,1222391,5993427,10,Hybrid MF,53.14,8.09,95.85,100.0,97.72,Aggressive
C02282,42,Business Owner,4,366464,167663,231249,0,1610508,10000,0,1166063,2786571,8771531,-5984960,395048,46166672,545,Moderately Aggressive,Advanced,Child Education,5648500,7000,5641500,3,Debt MF,0.0,63.1,30.05,80.0,50.0,Moderate
C02283,48,Consultant,2,190999,115631,91769,0,773319,10000,0,478382,1261701,3546333,-2284632,407723,11578425,671,Moderately Conservative,Intermediate,Buy House,16363570,7000,16356570,10,ETF,0.0,48.05,39.75,32.0,36.26,Moderately Conservative
C02284,22,Business Owner,0,74634,43991,12476,18167,563544,101523,0,317475,982542,301509,681033,227558,12911498,757,Moderate,Beginner,Buy House,2751022,71066,2679956,7,Stocks,24.34,16.72,74.4,44.0,60.72,Moderate
C02285,62,Designer,0,331955,164443,52709,114803,784317,26681235,23024539,273432,50763523,4335601,46427922,452003,75841184,751,Moderately Aggressive,Intermediate,Buy House,33928155,11330593,22597562,20,Equity MF,34.58,15.88,81.45,72.0,77.2,Moderately Aggressive
C02286,52,Doctor,1,220423,81421,66464,72538,277718,16830761,15957801,80295,33146575,11952196,21194379,270750,32901941,702,Moderately Aggressive,Intermediate,Wealth Creation,5484001,1224370,4259631,5,PPF,32.91,30.15,67.35,80.0,73.04,Moderately Aggressive
C02287,46,Bank Employee,2,116378,49701,24723,41954,166189,3673897,7433857,65446,11339389,2610299,8729090,166189,19159520,730,Moderate,Intermediate,Child Education,4325668,1113356,3212312,7,Bonds,36.05,21.24,71.25,52.0,62.59,Moderate
C02288,57,Bank Employee,0,450000,158899,78124,212977,1973287,28662367,0,1248920,31884574,2181717,29702857,530360,87479106,769,Moderate,Intermediate,Wealth Creation,23105112,4508552,18596560,7,Bonds,47.33,17.36,85.6,60.0,74.08,Moderately Aggressive
C02289,60,Accountant,1,123572,46031,0,77541,572349,8482502,6762846,359791,16177488,0,16177488,129638,8935590,810,Conservative,Advanced,Wealth Creation,5669112,1685858,3983254,5,Debt MF,62.75,0.0,89.15,28.0,61.63,Moderate
C02290,33,Accountant,1,65852,26599,0,39253,341001,3146111,4117888,151703,7756703,0,7756703,167579,12895199,763,Aggressive,Advanced,Wealth Creation,4901506,1482184,3419322,10,Debt MF,59.61,0.0,96.0,100.0,97.8,Aggressive
C02291,34,Software Engineer,2,245268,136204,57011,52053,1780132,2528697,20396128,946844,25651801,6727577,18924224,947185,52231838,723,Moderate,Intermediate,Child Education,1366457,293099,1073358,1,Debt MF,21.22,23.24,66.45,52.0,45.0,Moderately Conservative
C02292,64,Sales Executive,0,143761,66028,17827,59906,296479,11522961,0,124926,11944366,682216,11262150,296479,17601150,789,Conservative,Intermediate,Retirement,24817295,6452680,18364615,1,Equity MF,41.67,12.4,74.95,15.0,45.0,Moderately Conservative
C02293,62,Accountant,2,124224,44896,6952,72376,514772,17492539,0,224761,18232072,100252,18131820,139730,22013415,765,Conservative,Intermediate,Retirement,11775246,2124414,9650832,1,FD,58.26,5.6,83.25,15.0,45.0,Moderately Conservative
C02294,35,Software Engineer,3,176029,79001,42628,54400,905817,3057887,0,191577,4155281,1506583,2648698,121634,37598925,736,Moderately Aggressive,Advanced,Retirement,19237076,2140520,17096556,25,PPF,30.9,24.22,79.5,83.0,81.08,Moderately Aggressive
C02295,24,Bank Employee,0,94264,48782,20937,24545,492899,245338,0,166178,904415,562772,341643,251409,17363519,660,Moderately Conservative,Beginner,Wealth Creation,3186070,171736,3014334,5,PPF,26.04,22.21,67.4,32.0,51.47,Moderate
C02296,54,Consultant,0,159926,56470,16664,86792,297382,16776718,12795375,140233,30009708,1994924,28014784,194056,11698076,801,Conservative,Advanced,Wealth Creation,4277444,1130129,3147315,5,Gold,54.27,10.42,82.05,28.0,57.73,Moderate
C02297,58,Doctor,0,214022,93016,62570,58436,1173647,6495679,8339469,719504,16728299,8242527,8485772,565911,40452089,683,Moderately Conservative,Advanced,Higher Education,1759874,256404,1503470,2,ETF,27.3,29.24,59.85,40.0,45.0,Moderately Conservative
C02298,33,Government Employee,0,70959,34588,13729,22642,403536,918823,3044244,102678,4469281,2074132,2395149,242340,5327832,718,Moderately Aggressive,Advanced,Higher Education,1535463,296206,1239257,5,Bonds,31.91,19.35,78.2,80.0,79.01,Moderately Aggressive
C02299,30,Data Scientist,1,94588,39153,26914,28521,411446,458078,5874172,289884,7033580,2379452,4654128,278644,18184864,707,Aggressive,Intermediate,Wealth Creation,11197465,320654,10876811,15,PPF,30.15,28.45,80.25,95.0,86.89,Aggressive
C02300,55,Bank Employee,0,172087,74711,30228,67148,266174,14789257,13358963,181646,28596040,3816484,24779556,266174,31518152,727,Conservative,Beginner,Child Education,4683989,1542467,3141522,5,FD,39.02,17.57,76.9,4.0,44.1,Moderately Conservative
C02301,46,Software Engineer,2,222556,95106,61696,65754,254672,4411740,11542938,160254,16369604,6999938,9369666,254672,49067078,720,Moderately Conservative,Beginner,Wealth Creation,27863480,3088218,24775262,15,PPF,29.54,27.72,63.85,32.0,49.52,Moderate
C02302,28,Sales Executive,1,89174,37679,5972,45523,360026,1617726,0,77077,2054829,169759,1885070,223846,8498550,737,Moderate,Advanced,Retirement,15903855,1132408,14771447,32,Gold,51.05,6.7,99.55,63.0,83.1,Moderately Aggressive
C02303,45,Freelancer,2,59439,31324,17611,10504,370152,2054660,4154118,148598,6727528,3021863,3705665,165464,7531968,766,Moderate,Intermediate,Retirement,8168300,652575,7515725,15,Hybrid MF,17.67,29.63,68.0,55.0,62.15,Moderate
C02304,28,Sales Executive,0,34729,18603,3048,13078,177821,179231,0,40182,397234,116508,280726,80865,7389732,713,Conservative,Beginner,Retirement,7770759,125461,7645298,32,FD,37.66,8.78,88.55,7.0,51.85,Moderate
C02305,60,Business Owner,1,334458,100504,54093,179861,619660,20023241,13111220,306689,34060810,6888757,27172053,281762,39679408,754,Conservative,Beginner,Retirement,28920678,4331173,24589505,1,Equity MF,53.78,16.17,72.55,7.0,43.05,Moderately Conservative
C02306,34,Designer,0,108107,52608,21915,33584,333250,2068935,6558247,92260,9052692,2855017,6197675,307718,22341813,697,Moderate,Intermediate,Retirement,15056804,1276826,13779978,26,PPF,31.07,20.27,79.65,55.0,68.56,Moderately Aggressive
C02307,30,Software Engineer,1,82950,42493,49203,0,394668,10000,6188904,150635,6744207,7170969,-426762,72036,18315594,611,Aggressive,Advanced,Wealth Creation,11829496,7000,11822496,15,Stocks,0.0,59.32,40.25,100.0,50.0,Moderate
C02308,24,Government Employee,0,43428,21873,0,21555,122614,128201,0,47407,298222,0,298222,54613,9836674,769,Conservative,Beginner,Wealth Creation,2047618,89740,1957878,5,Gold,49.63,0.0,90.4,12.0,55.12,Moderate
C02309,22,Sales Executive,0,98240,51007,0,47233,424731,129420,0,163360,717511,0,717511,345982,21597317,800,Moderate,Intermediate,Retirement,15166365,90594,15075771,38,Hybrid MF,48.08,0.0,100.0,55.0,79.75,Moderately Aggressive
C02310,33,Government Employee,1,51315,24527,15437,11351,141989,485410,0,112945,740344,570722,169622,78669,11068910,740,Moderately Conservative,Beginner,Retirement,8911032,339787,8571245,27,ETF,22.12,30.08,67.8,27.0,49.44,Moderate
C02311,24,Software Engineer,0,145970,65345,34313,46312,227831,669987,0,46184,944002,1306489,-362487,227831,21072226,755,Moderate,Beginner,Emergency Fund,6342249,468990,5873259,7,ETF,31.73,23.51,65.4,35.0,51.72,Moderate
C02312,62,Business Owner,0,185735,103602,56949,25184,447286,4144276,11214262,273813,16079637,9863086,6216551,447286,39267882,774,Moderately Conservative,Intermediate,Retirement,29145875,2900993,26244882,1,Debt MF,13.56,30.66,47.25,35.0,41.74,Moderately Conservative
C02313,53,Business Owner,1,177096,86247,19684,71165,401925,9645714,13821737,316293,24185669,2522248,21663421,401925,41094809,803,Moderately Conservative,Advanced,Retirement,28458946,6751999,21706947,7,ETF,40.18,11.11,82.2,43.0,64.56,Moderate
C02314,55,Accountant,1,76661,39697,0,36964,144104,6581628,5610025,34455,12370212,0,12370212,144104,6306113,833,Moderately Aggressive,Intermediate,Wealth Creation,10244571,2487105,7757466,15,Gold,48.22,0.0,91.5,80.0,86.33,Aggressive
C02315,34,Doctor,0,223565,86879,50688,85998,695313,5981547,17916755,146237,24739852,9078559,15661293,418047,45584901,725,Moderate,Advanced,Retirement,29397958,3106445,26291513,26,ETF,38.47,22.67,79.65,63.0,72.16,Moderately Aggressive
C02316,38,Business Owner,3,108579,58639,20838,29102,226163,2108860,8214035,74024,10623082,3672359,6950723,134675,20365722,773,Conservative,Beginner,Wealth Creation,15199346,1476202,13723144,15,Bonds,26.8,19.19,74.05,12.0,46.13,Moderately Conservative
C02317,53,Teacher,0,274256,158224,0,116032,1693723,15335184,0,1232414,18261321,0,18261321,351631,38770885,758,Aggressive,Advanced,Wealth Creation,18175267,1956589,16218678,7,PPF,42.31,0.0,90.2,100.0,94.61,Aggressive
C02318,57,Business Owner,0,344316,187545,85741,71030,2500000,7386633,17113437,1589567,28589637,6287911,22301726,1012135,79416720,659,Moderately Conservative,Intermediate,Retirement,45150363,5170643,39979720,3,Equity MF,20.63,24.9,65.8,35.0,51.94,Moderate
C02319,54,Bank Employee,1,56809,35255,8307,13247,91923,1840170,3585764,41136,5558993,949035,4609958,91923,6721315,717,Moderate,Advanced,Travel,714060,47126,666934,3,Equity MF,23.32,14.62,61.25,63.0,62.04,Moderate
C02320,54,Data Scientist,1,131982,45000,13512,73470,258530,12720883,6854053,52726,19886192,2133045,17753147,173087,26358613,751,Moderate,Beginner,Higher Education,2216730,618008,1598722,5,Hybrid MF,55.67,10.24,82.05,44.0,64.93,Moderate
C02321,52,Teacher,2,191162,86976,47228,56958,1046200,5990397,0,784002,7820599,728093,7092506,361015,13914231,753,Moderate,Beginner,Retirement,23559143,2472979,21086164,8,Gold,29.8,24.71,75.15,47.0,62.48,Moderate
C02322,27,Software Engineer,1,50697,25796,6272,18629,328467,258608,0,141078,728153,258156,469997,27485,7158427,770,Moderate,Advanced,Retirement,7642773,181025,7461748,33,Equity MF,36.75,12.37,84.7,63.0,74.94,Moderately Aggressive
C02323,31,Sales Executive,1,110289,40657,34594,35038,290606,1691641,7570966,226045,9779258,4213376,5565882,290606,9604322,796,Moderately Conservative,Beginner,Retirement,12812490,1184148,11628342,29,Bonds,31.77,31.37,80.1,27.0,56.2,Moderate
C02324,32,Sales Executive,2,149081,54590,35463,59028,206850,2111183,0,136861,2454894,1512837,942057,61358,21997364,777,Moderate,Beginner,Buy House,24126422,1477828,22648594,20,FD,39.59,23.79,67.95,44.0,57.17,Moderate
C02325,29,Software Engineer,1,72922,26643,17680,28599,328883,1288059,0,185042,1801984,664784,1137200,54410,7001173,719,Moderately Conservative,Intermediate,Wealth Creation,2563425,345582,2217843,7,Bonds,39.22,24.25,74.8,40.0,59.14,Moderate
C02326,52,Designer,1,161151,78136,0,83015,644362,19064521,0,309118,20018001,0,20018001,349902,10489020,830,Moderately Conservative,Beginner,Travel,1873541,113350,1760191,2,Equity MF,51.51,0.0,84.75,27.0,45.0,Moderately Conservative
C02327,46,Freelancer,3,135917,68897,33583,33437,238434,4832799,0,106224,5177457,1216016,3961441,133097,25504701,774,Moderate,Intermediate,Emergency Fund,9588637,1899143,7689494,10,Debt MF,24.6,24.71,64.05,43.0,54.58,Moderate
C02328,24,Designer,1,170294,69884,28416,71994,486389,486556,0,211102,1184047,864757,319290,209632,15638629,717,Moderately Aggressive,Intermediate,Wealth Creation,23779116,340589,23438527,15,PPF,42.28,16.69,83.0,80.0,81.65,Moderately Aggressive
C02329,31,Government Employee,1,60230,31011,14379,14840,78310,359673,4251332,18741,4708056,2530425,2177631,78310,9048222,800,Moderate,Intermediate,Child Education,428050,126058,301992,1,Bonds,24.64,23.87,51.9,52.0,45.0,Moderately Conservative
C02330,58,Doctor,1,171375,71780,21353,78242,670031,11877821,14390133,525883,27463868,2676683,24787185,355226,38094251,754,Moderately Conservative,Intermediate,Travel,3603437,1112942,2490495,5,PPF,45.66,12.46,85.45,35.0,62.75,Moderate
C02331,25,Business Owner,1,121687,46305,19372,56010,256896,991997,0,186331,1435224,669270,765954,256896,21429326,767,Moderately Aggressive,Advanced,Child Education,1703901,129121,1574780,3,Bonds,46.03,15.92,77.6,80.0,78.68,Moderately Aggressive
C02332,42,Government Employee,2,79828,35583,21488,22757,188637,986603,3854695,67482,5097417,1944371,3153046,93249,9384798,644,Conservative,Beginner,Retirement,15596595,690622,14905973,18,ETF,28.51,26.92,69.45,7.0,41.35,Moderately Conservative
C02333,21,Business Owner,0,195870,62842,41988,91040,230788,303521,0,59292,593601,979793,-386192,230788,30794731,674,Moderately Conservative,Beginner,Wealth Creation,17124964,212464,16912500,15,PPF,46.48,21.44,76.0,32.0,56.2,Moderate
C02334,23,Designer,0,39165,15724,4556,18885,212763,144723,0,145797,503283,96515,406768,88921,2758773,743,Moderately Conservative,Beginner,Child Education,95750,17085,78665,1,Gold,48.22,11.63,81.8,24.0,45.0,Moderately Conservative
C02335,37,Software Engineer,2,160455,89457,21080,49918,477689,1845710,6607620,97651,9028670,1987258,7041412,309998,36413339,749,Moderately Conservative,Intermediate,Wealth Creation,13286601,1021948,12264653,15,Hybrid MF,31.11,13.14,82.2,40.0,63.21,Moderate
C02336,27,Sales Executive,1,118805,68684,31945,18176,446996,251567,0,265624,964187,639362,324825,397311,23384446,745,Aggressive,Advanced,Child Education,2100068,176096,1923972,5,Stocks,15.3,26.89,62.1,95.0,76.91,Moderately Aggressive
C02337,60,Business Owner,0,359084,164553,57150,137381,759058,17730115,25049987,463310,44002470,6516595,37485875,536510,49602727,746,Moderate,Intermediate,Wealth Creation,18967947,7341936,11626011,10,Equity MF,38.26,15.92,78.95,60.0,70.42,Moderately Aggressive
C02338,62,Sales Executive,0,221527,105112,33093,83322,585120,17414218,17080880,390549,35470767,3142847,32327920,210779,28954193,799,Moderately Conservative,Beginner,Wealth Creation,27046483,5781374,21265109,15,Stocks,37.61,14.94,81.45,32.0,59.2,Moderate
C02339,28,Accountant,0,135415,68786,41541,25088,333206,734196,0,199129,1266531,1388793,-122262,332106,11882766,791,Moderate,Intermediate,Wealth Creation,14246119,513937,13732182,15,Bonds,18.53,30.68,60.55,60.0,60.3,Moderate
C02340,53,Accountant,1,101980,48319,5360,48301,107653,2640513,8359825,34883,11142874,453171,10689703,107653,19936700,708,Moderately Conservative,Beginner,Child Education,2984151,596177,2387974,5,PPF,47.36,5.26,81.2,24.0,55.46,Moderate
C02341,40,Teacher,3,205542,103509,18063,83970,1424608,7534261,11670536,418216,21047621,1653063,19394558,237356,15326992,680,Aggressive,Advanced,Retirement,45301602,5273982,40027620,20,Debt MF,40.85,8.79,97.75,98.0,97.86,Aggressive
C02342,33,Freelancer,1,114279,51369,8170,54740,703905,4012009,0,310391,5026305,263203,4763102,176272,21191043,714,Moderate,Advanced,Emergency Fund,622995,221889,401106,1,Bonds,47.9,7.15,87.6,51.0,45.0,Moderately Conservative
C02343,27,Designer,2,67043,27895,14331,24817,101641,528603,0,33987,664231,425678,238553,101641,10201636,748,Moderate,Beginner,Higher Education,899604,243021,656583,5,Hybrid MF,37.02,21.38,68.1,44.0,57.25,Moderate
C02344,23,Sales Executive,0,66961,21321,0,45640,119218,192280,0,59651,371149,0,371149,119218,7401175,682,Conservative,Beginner,Emergency Fund,464095,101314,362781,3,Hybrid MF,68.16,0.0,87.6,0.0,48.18,Moderate
C02345,23,Accountant,0,46128,22487,8077,15564,293073,78556,0,175478,547107,225068,322039,173935,6950764,740,Moderately Conservative,Intermediate,Retirement,5945722,54989,5890733,37,ETF,33.74,17.51,85.0,35.0,62.5,Moderate
C02346,51,Business Owner,0,299056,178661,51262,69133,1236332,8117932,0,456292,9810556,1314148,8496408,531700,48643670,735,Moderately Conservative,Advanced,Buy House,33951928,5682552,28269376,15,Bonds,23.12,17.14,78.1,40.0,60.95,Moderate
C02347,48,Government Employee,2,132609,57600,25380,49629,240151,3719396,9159437,188487,13307471,4121510,9185961,145508,9828223,749,Moderately Conservative,Intermediate,Buy House,8384984,790617,7594367,7,Bonds,37.43,19.14,71.95,32.0,53.97,Moderate
C02348,58,Business Owner,1,244625,125235,76839,42551,1375677,7430470,17654411,1063320,27523878,11783659,15740219,597689,23711369,825,Conservative,Beginner,Retirement,45342113,3003632,42338481,2,Equity MF,17.39,31.41,54.85,7.0,33.32,Moderately Conservative
C02349,25,Freelancer,0,58859,35601,9004,14254,196381,151878,0,59744,408003,179143,228860,86761,12969278,767,Moderate,Advanced,Higher Education,305285,22452,282833,1,PPF,24.22,15.3,64.8,60.0,45.0,Moderately Conservative
C02350,32,Business Owner,1,151881,78338,34080,39463,934480,1821976,11943439,409876,15109771,4902756,10207015,356206,30801629,735,Moderately Aggressive,Beginner,Higher Education,5051685,1275383,3776302,10,Hybrid MF,25.98,22.44,72.15,64.0,68.48,Moderately Aggressive
C02351,27,Government Employee,1,62167,27996,0,34171,84056,705218,0,40730,830004,0,830004,84056,12016852,739,Conservative,Beginner,Retirement,9677375,493652,9183723,33,Debt MF,54.97,0.0,95.7,7.0,55.79,Moderate
C02352,59,Freelancer,1,193478,120866,15550,57062,1546522,19917460,0,1166281,22630263,324548,22305715,490723,28318733,720,Conservative,Advanced,Wealth Creation,5509533,638929,4870604,5,ETF,29.49,8.04,79.3,28.0,56.22,Moderate
C02353,43,Business Owner,4,375076,152554,105542,116980,1074381,18076704,24803699,474117,44428901,8262042,36166859,227781,83671170,695,Moderate,Advanced,Child Education,6359489,944567,5414922,3,Bonds,31.19,28.14,68.9,60.0,64.9,Moderate
C02354,39,Designer,2,84921,31482,37996,15443,393609,667730,5306336,120704,6488379,3384144,3104235,72082,13985578,666,Moderate,Beginner,Buy House,6322503,467410,5855093,10,Bonds,18.19,44.74,58.1,44.0,51.76,Moderate
C02355,35,Doctor,4,172119,73180,0,98939,302062,6662344,9212256,129442,16306104,0,16306104,302062,19908603,793,Moderately Conservative,Beginner,Wealth Creation,22325610,4663640,17661970,15,Debt MF,57.48,0.0,94.5,32.0,66.38,Moderate
C02356,27,Doctor,1,141432,72628,11503,57301,760902,1369038,0,221581,2351521,273437,2078084,204986,33259586,712,Moderate,Intermediate,Emergency Fund,1460804,241953,1218851,2,FD,40.51,8.13,88.5,43.0,45.0,Moderately Conservative
C02357,50,Teacher,1,122085,55609,6787,59689,210148,8827991,0,92520,9130659,185360,8945299,157294,12257262,736,Moderately Conservative,Intermediate,Child Education,3875911,927261,2948650,5,Equity MF,48.89,5.56,86.65,32.0,62.06,Moderate
C02358,63,Accountant,1,160258,81046,43045,36167,1003553,13289223,0,380339,14673115,856781,13816334,445889,13173146,766,Conservative,Intermediate,Buy House,4924404,829734,4094670,5,Bonds,22.57,26.86,70.7,12.0,44.29,Moderately Conservative
C02359,30,Software Engineer,0,90811,39944,5308,45559,294500,1807692,6966609,78126,9146927,907797,8239130,144367,9552894,702,Moderate,Intermediate,Buy House,9153911,1265384,7888527,20,Equity MF,50.17,5.85,95.25,52.0,75.79,Moderately Aggressive
C02360,32,Bank Employee,2,41939,18346,3851,19742,196987,1001836,0,141314,1340137,51409,1288728,92448,9416837,785,Conservative,Beginner,Emergency Fund,161412,46387,115025,1,Stocks,47.07,9.18,87.75,0.0,45.0,Moderately Conservative
C02361,23,Sales Executive,1,129657,51488,0,78169,365836,164539,0,117988,648363,0,648363,224839,14332843,762,Moderately Conservative,Beginner,Wealth Creation,5210995,115177,5095818,7,Debt MF,60.29,0.0,90.4,32.0,64.12,Moderate
C02362,49,Bank Employee,2,64725,30833,20437,13455,85225,1206737,2760500,39986,4092448,2017518,2074930,85225,11894142,744,Moderately Aggressive,Beginner,Buy House,12215663,844715,11370948,20,FD,20.79,31.58,63.400000000000006,64.0,63.67,Moderate
C02363,27,Software Engineer,1,71778,24141,17219,30418,323737,405424,0,102185,831346,243919,587427,117146,16560870,775,Conservative,Intermediate,Wealth Creation,3901621,283796,3617825,7,ETF,42.38,23.99,80.1,20.0,53.05,Moderate
C02364,54,Freelancer,1,81454,31664,11418,38372,187961,8161154,5792436,56419,14197970,1917445,12280525,114039,11801333,731,Moderate,Advanced,Higher Education,639088,104605,534483,2,Equity MF,47.11,14.02,76.45,60.0,45.0,Moderately Conservative
C02365,36,Consultant,2,254673,100148,0,154525,835876,11777885,0,300705,12914466,0,12914466,727949,46841444,777,Moderately Conservative,Beginner,Buy House,33407046,8244519,25162527,20,Gold,60.68,0.0,98.35,24.0,64.89,Moderate
C02366,44,Freelancer,2,339619,164746,0,174873,1681447,13559459,21496141,493530,37230577,0,37230577,475989,57570314,789,Moderately Aggressive,Intermediate,Buy House,12841332,5110151,7731181,5,PPF,51.49,0.0,91.55,72.0,82.75,Moderately Aggressive
C02367,22,Doctor,0,196324,88370,59481,48473,350529,292290,0,132334,775153,1185841,-410688,194814,12818574,736,Moderately Aggressive,Advanced,Retirement,23713108,204603,23508505,38,Equity MF,24.69,30.3,66.0,83.0,73.65,Moderately Aggressive
C02368,27,Bank Employee,2,168752,86561,22613,59578,586049,1066921,0,199450,1852420,341433,1510987,484404,15417746,730,Moderately Conservative,Beginner,Wealth Creation,16024557,746844,15277713,10,Equity MF,35.31,13.4,84.9,32.0,61.1,Moderate
C02369,42,Designer,2,137639,69616,31177,36846,529916,4737496,8215058,211659,13694129,2069580,11624549,335092,17183701,755,Moderately Conservative,Beginner,Buy House,25789081,1735347,24053734,20,Stocks,26.77,22.65,79.45,24.0,54.5,Moderate
C02370,21,Sales Executive,0,233373,128497,124633,0,703273,10000,0,486021,1199294,3850939,-2651645,597759,22135453,658,Aggressive,Advanced,Wealth Creation,23119693,7000,23112693,15,Hybrid MF,0.0,53.41,41.0,100.0,50.0,Moderate
C02371,35,Doctor,4,145842,66119,63924,15799,444678,1152882,0,319704,1917264,1630727,286537,360376,21799940,644,Moderate,Intermediate,Child Education,9277917,807017,8470900,10,Gold,10.83,43.83,55.7,52.0,54.04,Moderate
C02372,52,Bank Employee,1,102488,38316,64537,0,390653,10000,0,283264,683917,2372868,-1688951,300060,7862703,649,Moderate,Beginner,Buy House,13364550,7000,13357550,20,Debt MF,0.0,62.97,40.95,44.0,42.32,Moderately Conservative
C02373,28,Data Scientist,1,274342,169978,51082,53282,507773,620316,0,180615,1308704,1893509,-584805,507773,37990663,683,Moderate,Intermediate,Emergency Fund,1027152,244199,782953,1,Gold,19.42,18.62,48.35,43.0,45.0,Moderately Conservative
C02374,38,Consultant,1,164279,73704,10017,80558,908934,7462042,7853047,688098,16912121,1386189,15525932,342594,24896142,731,Moderate,Intermediate,Retirement,22574650,3206723,19367927,22,Gold,49.04,6.1,98.05,55.0,78.68,Moderately Aggressive
C02375,57,Freelancer,0,65366,30485,8450,26431,250307,6864498,2915712,175196,10205713,549632,9656081,219330,5223142,807,Moderately Conservative,Beginner,Emergency Fund,2691361,135456,2555905,7,Stocks,40.44,12.93,85.6,15.0,53.83,Moderate
C02376,28,Doctor,1,154346,65121,25609,63616,360716,1764868,0,112202,2237786,529955,1707831,221366,25005758,711,Conservative,Beginner,Retirement,19217639,1235407,17982232,32,Bonds,41.22,16.59,88.55,7.0,51.85,Moderate
C02377,41,Software Engineer,2,237681,101529,43973,92179,882782,7322068,16306751,396201,24907802,6249819,18657983,609185,46301879,733,Moderately Aggressive,Intermediate,Higher Education,1155686,461677,694009,1,Stocks,38.78,18.5,74.4,72.0,45.0,Moderately Conservative
C02378,22,Software Engineer,1,105446,63136,21673,20637,770876,85488,0,282738,1139102,570290,568812,357254,13836714,729,Moderately Conservative,Beginner,Buy House,8866502,59841,8806661,10,Equity MF,19.57,20.55,65.2,24.0,46.66,Moderately Conservative
C02379,51,Teacher,0,192705,78590,36302,77813,978384,6173050,15155118,316382,22622934,6032451,16590483,194008,43190011,695,Moderate,Intermediate,Retirement,19517183,4321135,15196048,9,FD,40.38,18.84,86.3,55.0,72.22,Moderately Aggressive
C02380,41,Business Owner,2,108004,42949,20791,44264,394430,3727141,0,154628,4276199,896070,3380129,312242,9917481,744,Moderately Conservative,Intermediate,Child Education,1099513,141988,957525,2,Stocks,40.98,19.25,79.4,32.0,45.0,Moderately Conservative
C02381,42,Data Scientist,3,119366,49038,27297,43031,509239,3151324,6577719,387668,10625950,4091850,6534100,319466,18254371,757,Moderately Conservative,Intermediate,Wealth Creation,18336773,2205926,16130847,20,Stocks,36.05,22.87,78.45,40.0,61.15,Moderate
C02382,62,Doctor,1,127908,59757,0,68151,773919,10708718,0,204767,11687404,0,11687404,462517,26446980,776,Moderately Conservative,Advanced,Wealth Creation,6370579,2202753,4167826,7,FD,53.28,0.0,88.85,48.0,70.47,Moderately Aggressive
C02383,34,Teacher,0,187488,77809,36947,72732,932638,3674573,13849973,693788,19150972,4461552,14689420,486694,43972212,750,Moderately Conservative,Intermediate,Wealth Creation,21461223,2572201,18889022,15,Gold,38.79,19.71,86.65,40.0,65.66,Moderate
C02384,40,Data Scientist,1,170133,83878,16582,69673,614727,5877849,11248858,268935,18010369,2598174,15412195,201476,28391540,666,Moderate,Intermediate,Wealth Creation,21963766,3443277,18520489,15,FD,40.95,9.75,93.75,60.0,78.56,Moderately Aggressive
C02385,26,Accountant,1,157313,54010,10850,92453,167648,1463562,0,120036,1751246,316171,1435075,167648,16615290,720,Moderately Conservative,Intermediate,Buy House,20968792,1024493,19944299,15,PPF,58.77,6.9,92.85,32.0,65.47,Moderate
C02386,65,Business Owner,0,192905,97618,49213,46074,370315,8185046,8041840,161604,16758805,5786065,10972740,370315,19252900,730,Conservative,Advanced,Buy House,17413272,2018364,15394908,15,Equity MF,23.88,25.51,66.0,20.0,45.3,Moderately Conservative
C02387,25,Sales Executive,1,89455,39874,54491,0,520362,10000,0,208110,738472,848697,-110225,283148,17666090,690,Conservative,Beginner,Buy House,3780403,7000,3773403,5,Equity MF,0.0,60.91,39.4,4.0,23.47,Conservative
C02388,24,Business Owner,0,93241,46630,29674,16937,581546,136771,0,349673,1067990,831837,236153,313172,13855556,723,Moderately Aggressive,Beginner,Buy House,4894345,95739,4798606,7,ETF,18.16,31.83,62.4,64.0,63.12,Moderate
C02389,23,Consultant,0,79238,41664,35378,2196,301790,10000,0,100230,412020,547140,-135120,183624,8559278,600,Moderately Aggressive,Intermediate,Wealth Creation,14902954,7000,14895954,20,Stocks,2.77,44.65,51.0,80.0,64.05,Moderate
C02390,31,Data Scientist,1,123274,64328,76695,0,381994,10000,0,249533,641527,2012809,-1371282,381994,28294002,667,Conservative,Intermediate,Buy House,14039036,7000,14032036,15,ETF,0.0,62.22,40.1,12.0,27.46,Conservative
C02391,47,Sales Executive,3,143063,63944,8797,70322,587530,9820377,7880188,452879,18740974,1047892,17693082,280885,29045787,690,Moderately Aggressive,Intermediate,Higher Education,1662513,368082,1294431,3,ETF,49.15,6.15,88.3,72.0,80.97,Moderately Aggressive
C02392,55,Doctor,0,167442,102256,16819,48367,620690,8499960,10478180,397480,19996310,1971742,18024568,620690,34723071,759,Moderately Conservative,Advanced,Retirement,27400075,5949972,21450103,5,Gold,28.89,10.04,75.9,43.0,61.1,Moderate
C02393,51,Government Employee,0,111640,48587,7916,55137,157292,11624834,9322533,102521,21207180,947287,20259893,96602,17597949,759,Conservative,Beginner,Wealth Creation,16346406,1432196,14914210,20,Debt MF,49.39,7.09,87.1,12.0,53.3,Moderate
C02394,25,Accountant,0,67128,27460,0,39668,334055,840686,0,225128,1399869,0,1399869,77621,15978846,750,Moderate,Intermediate,Wealth Creation,3715197,588480,3126717,7,Gold,59.09,0.0,94.4,60.0,78.92,Moderately Aggressive
C02395,23,Software Engineer,0,87659,45255,16546,25858,109124,83224,0,53237,245585,434746,-189161,109124,6970667,699,Moderately Conservative,Beginner,Wealth Creation,10301673,58256,10243417,15,FD,29.5,18.88,65.0,32.0,50.15,Moderate
C02396,39,Bank Employee,2,69058,27273,11249,30536,306192,2204735,3157858,232920,5901705,896251,5005454,93279,10183028,742,Moderately Conservative,Intermediate,Emergency Fund,3549529,339903,3209626,10,Gold,44.22,16.29,91.1,23.0,60.46,Moderate
C02397,65,Government Employee,2,126161,47869,28165,50127,398364,19482961,8313182,281557,28476064,2478490,25997574,312097,16659820,778,Conservative,Advanced,Wealth Creation,20301181,4607448,15693733,20,Debt MF,39.73,22.32,81.0,28.0,57.15,Moderate
C02398,39,Accountant,2,204863,99842,16654,88367,656548,7217759,0,509379,8383686,761502,7622184,605426,19357924,760,Moderate,Beginner,Emergency Fund,2709819,908362,1801457,2,ETF,43.13,8.13,86.7,35.0,45.0,Moderately Conservative
C02399,25,Doctor,0,45478,20852,0,24626,266867,403470,0,57310,727647,0,727647,25200,7590906,718,Moderately Conservative,Beginner,Emergency Fund,1460424,235529,1224895,5,Equity MF,54.15,0.0,94.4,15.0,58.67,Moderate
C02400,31,Software Engineer,0,180240,98129,9468,72643,335153,5947448,14422365,225356,20930322,873899,20056423,117552,34038644,667,Moderately Conservative,Advanced,Buy House,21950359,4163213,17787146,20,FD,40.3,5.25,90.1,40.0,67.56,Moderate
C02401,25,Bank Employee,0,28991,12175,3852,12964,83822,367379,0,19732,470933,153943,316990,77127,5136555,767,Moderately Aggressive,Intermediate,Child Education,165733,35676,130057,2,ETF,44.72,13.29,78.8,72.0,45.0,Moderately Conservative
C02402,64,Designer,2,113065,56203,0,56862,736851,9643741,7452343,426862,18259797,0,18259797,176798,7186551,797,Moderately Conservative,Advanced,Travel,4608934,1029952,3578982,10,FD,50.29,0.0,91.35,43.0,69.59,Moderately Aggressive
C02403,52,Doctor,0,193007,84272,0,108735,570110,15895415,10212163,428380,27106068,0,27106068,122460,45451693,746,Moderately Conservative,Intermediate,Wealth Creation,9082006,3044833,6037173,7,ETF,56.34,0.0,86.35,40.0,65.49,Moderate
C02404,61,Consultant,0,283220,112748,0,170472,1240421,25396745,11106200,960337,38703703,0,38703703,505055,23832027,741,Conservative,Beginner,Wealth Creation,42042543,7715723,34326820,20,Bonds,60.19,0.0,94.6,12.0,57.43,Moderate
C02405,62,Bank Employee,2,104567,48971,7355,48241,631519,8232610,5002312,145052,14011493,1175482,12836011,373274,7738636,721,Moderate,Beginner,Wealth Creation,4942247,695951,4246296,5,Equity MF,46.13,7.03,88.85,52.0,72.27,Moderately Aggressive
C02406,39,Data Scientist,3,95371,53230,11796,30345,378738,2559903,6174324,210528,9323493,1263051,8060442,145227,20129502,756,Moderate,Beginner,Retirement,14882978,1791932,13091046,21,Stocks,31.82,12.37,84.9,47.0,67.85,Moderate
C02407,35,Freelancer,1,54898,24780,34314,0,100630,10000,0,57490,168120,1163719,-995599,100630,7866487,674,Conservative,Beginner,Wealth Creation,6852381,7000,6845381,20,Gold,0.0,62.51,39.5,12.0,27.12,Conservative
C02408,65,Business Owner,0,217380,100590,65695,51095,349040,11245943,11514439,95791,23205213,9091746,14113467,349040,19287445,728,Moderately Conservative,Intermediate,Wealth Creation,30094194,3059011,27035183,15,ETF,23.5,30.22,66.0,40.0,54.3,Moderate
C02409,60,Teacher,1,301743,141840,18690,141213,1969700,26033722,19412609,835143,48251174,2215044,46036130,465447,56783204,711,Conservative,Intermediate,Retirement,43540501,8573128,34967373,1,Gold,46.8,6.19,83.55,15.0,45.0,Moderately Conservative
C02410,49,Teacher,2,155963,77664,21687,56612,213947,7659638,11343087,132310,19348982,1422430,17926552,213947,14536569,747,Moderate,Advanced,Travel,1450691,129433,1321258,3,PPF,36.3,13.91,70.0,63.0,66.85,Moderate
C02411,39,Accountant,3,69879,30963,0,38916,86268,3326744,3180521,22557,6616090,0,6616090,86268,4734356,768,Moderately Conservative,Beginner,Wealth Creation,1825906,515796,1310110,5,Debt MF,55.69,0.0,83.3,32.0,60.22,Moderate
C02412,27,Bank Employee,1,75242,34480,7268,33494,394419,970539,0,124701,1489659,252021,1237638,240469,11685934,775,Moderate,Intermediate,Travel,718562,108787,609775,3,Bonds,44.52,9.66,88.3,55.0,73.31,Moderately Aggressive
C02413,24,Bank Employee,0,162597,92000,0,70597,1015638,624438,0,731372,2371448,0,2371448,399028,36114382,786,Moderately Aggressive,Intermediate,Wealth Creation,10830859,437106,10393753,7,PPF,43.42,0.0,94.4,80.0,87.92,Aggressive
C02414,62,Freelancer,1,207447,115698,107852,0,263382,10000,9682204,141628,10097214,10836462,-739248,263382,31604064,611,Moderate,Advanced,Wealth Creation,24000798,7000,23993798,20,Stocks,0.0,51.99,30.450000000000003,68.0,47.35,Moderately Conservative
C02415,21,Software Engineer,0,219608,71119,0,148489,394355,708667,0,107058,1210080,0,1210080,206051,41197388,722,Moderately Aggressive,Advanced,Buy House,39877498,496066,39381432,20,Hybrid MF,67.62,0.0,96.0,80.0,88.8,Aggressive
C02416,47,Software Engineer,2,284826,96999,74545,113282,982560,12578852,23774538,406439,37742389,5228507,32513882,303055,22187570,779,Moderate,Beginner,Wealth Creation,12982227,2354047,10628180,7,Equity MF,39.77,26.17,78.1,52.0,66.36,Moderate
C02417,49,Designer,2,126142,71300,0,54842,908178,9199515,0,488606,10596299,0,10596299,287925,20048631,746,Moderate,Intermediate,Retirement,25059321,6439660,18619661,11,Hybrid MF,43.48,0.0,93.6,55.0,76.23,Moderately Aggressive
C02418,37,Bank Employee,4,76278,35834,10599,29845,140115,2548183,3609001,52034,6349333,1310373,5038960,140115,9870402,786,Moderate,Advanced,Child Education,305943,40594,265349,1,ETF,39.13,13.9,71.0,60.0,45.0,Moderately Conservative
C02419,64,Government Employee,0,290665,165331,43588,81746,1105314,12730015,11765312,524032,26124673,6383026,19741647,1105314,40436416,727,Conservative,Advanced,Emergency Fund,14023205,3401804,10621401,10,Debt MF,28.12,15.0,74.35,11.0,45.84,Moderately Conservative
C02420,28,Software Engineer,2,175776,83213,11399,81164,888636,1819273,0,440351,3148260,428733,2719527,645308,21089327,718,Moderately Conservative,Intermediate,Child Education,11802294,1273491,10528803,10,Hybrid MF,46.17,6.48,96.75,32.0,67.61,Moderate
C02421,23,Software Engineer,0,168825,63559,16671,88595,385443,414029,0,204967,1004439,320632,683807,106193,25222368,715,Moderately Conservative,Intermediate,Child Education,1240915,289820,951095,2,PPF,52.48,9.87,78.8,32.0,45.0,Moderately Conservative
C02422,36,Doctor,2,85743,34805,20230,30708,424918,1290650,5835272,226234,7777074,1631190,6145884,236330,12140525,766,Moderately Aggressive,Beginner,Child Education,1689991,515240,1174751,5,ETF,35.81,23.59,76.75,64.0,71.01,Moderately Aggressive
C02423,36,Doctor,3,219805,85782,128248,5775,813452,369952,11836643,202470,13222517,20690459,-7467942,492919,39714152,568,Conservative,Beginner,Buy House,9836138,258966,9577172,5,Bonds,2.63,58.35,42.75,4.0,25.31,Conservative
C02424,21,Bank Employee,1,52828,26584,0,26244,94116,163851,0,26230,284197,0,284197,94116,10185975,733,Aggressive,Advanced,Wealth Creation,1947199,114695,1832504,7,PPF,49.68,0.0,90.4,100.0,94.72,Aggressive
C02425,23,Accountant,0,103206,48371,24180,30655,606358,153100,0,221144,980602,869932,110670,333237,14648994,742,Moderately Conservative,Advanced,Buy House,10827258,107170,10720088,20,ETF,29.7,23.43,70.0,40.0,56.5,Moderate
C02426,51,Software Engineer,1,404595,198850,246554,0,1020898,10000,22765875,732523,24529296,38104883,-13575587,1019624,35261598,680,Moderately Conservative,Intermediate,Buy House,24901126,7000,24894126,7,Stocks,0.0,60.94,31.5,32.0,31.73,Moderately Conservative
C02427,26,Sales Executive,1,63216,30640,17708,14868,358218,298855,0,146077,803150,552036,251114,113898,9643384,733,Moderately Aggressive,Intermediate,Wealth Creation,6467315,209198,6258117,15,Stocks,23.52,28.01,72.85,80.0,76.07,Moderately Aggressive
C02428,26,Software Engineer,1,111750,46530,14654,50566,412714,805683,0,244134,1462531,347830,1114701,245587,17594802,755,Moderately Aggressive,Advanced,Wealth Creation,5423979,563978,4860001,7,Equity MF,45.25,13.11,87.25,88.0,87.59,Aggressive
C02429,63,Sales Executive,0,243099,92320,13578,137201,581061,15337891,11406739,233888,27559579,1291795,26267784,581061,52964836,725,Moderate,Beginner,Retirement,35898324,10688729,25209595,1,Stocks,56.44,5.59,83.1,47.0,45.0,Moderately Conservative
C02430,30,Consultant,2,165046,78520,14522,72004,277471,4616882,0,71090,4965443,285446,4679997,277471,31815499,764,Moderate,Advanced,Child Education,1612049,447076,1164973,2,Debt MF,43.63,8.8,84.05,60.0,45.0,Moderately Conservative
C02431,38,Bank Employee,1,76372,30813,8832,36727,247453,1909813,4924639,156444,7238349,919609,6318740,182431,16092878,786,Moderate,Beginner,Child Education,1870257,647162,1223095,7,PPF,48.09,11.56,88.45,44.0,68.45,Moderately Aggressive
C02432,32,Designer,1,60813,23475,0,37338,235829,684691,0,106515,1027035,0,1027035,116007,12419134,767,Moderately Conservative,Beginner,Retirement,10107888,479283,9628605,28,PPF,61.4,0.0,98.95,27.0,66.57,Moderate
C02433,51,Accountant,1,141000,70882,28158,41960,879228,2863881,8795695,299903,12838707,1883271,10955436,106832,12503625,775,Moderately Conservative,Beginner,Child Education,1035200,185066,850134,2,Debt MF,29.76,19.97,70.9,24.0,45.0,Moderately Conservative
C02434,35,Software Engineer,1,189675,79563,84710,25402,996215,2657016,10826504,359567,14839302,10651037,4188265,459853,31839941,570,Moderate,Beginner,Higher Education,3277001,456047,2820954,3,PPF,13.39,44.66,53.1,44.0,49.01,Moderate
C02435,40,Bank Employee,2,78966,30258,7542,41166,113253,3675359,0,32179,3820791,233909,3586882,113253,5221888,850,Moderate,Beginner,Travel,695082,80005,615077,2,Gold,52.13,9.55,82.55,47.0,45.0,Moderately Conservative
C02436,55,Freelancer,0,93538,47416,25938,20184,547364,3501423,0,119692,4168479,1133648,3034831,274700,20194607,710,Moderate,Intermediate,Retirement,20805630,1527967,19277663,5,ETF,21.58,27.73,68.9,55.0,62.65,Moderate
C02437,62,Sales Executive,0,414198,190785,83724,139689,2486094,16557548,27026257,527948,46597847,7193986,39403861,417835,36493734,751,Conservative,Intermediate,Travel,8935745,705876,8229869,7,Stocks,33.73,20.21,75.85,15.0,48.47,Moderate
C02438,44,Sales Executive,2,239858,100671,33608,105579,259881,18562672,15993535,152114,34968202,2514667,32453535,194756,17300238,800,Moderately Aggressive,Advanced,Buy House,28112689,9169822,18942867,15,FD,44.02,14.01,84.15,80.0,82.28,Moderately Aggressive
C02439,35,Sales Executive,1,44481,17657,0,26824,167226,2137745,2386040,110574,4801585,0,4801585,131618,6191668,738,Moderate,Intermediate,Wealth Creation,5651967,1496421,4155546,20,Hybrid MF,60.3,0.0,98.5,60.0,81.18,Moderately Aggressive
C02440,49,Freelancer,3,61697,26958,13500,21239,59100,3050197,3556927,13440,6679664,1547679,5131985,59100,12296614,768,Moderate,Intermediate,Retirement,11101324,2135137,8966187,11,PPF,34.42,21.88,68.6,55.0,62.48,Moderate
C02441,51,Government Employee,1,165066,64099,21456,79511,153290,14912021,11279852,43809,26388972,3371479,23017493,153290,30250423,747,Moderate,Intermediate,Buy House,14224065,3075037,11149028,10,Stocks,48.17,13.0,80.3,52.0,67.56,Moderate
C02442,34,Accountant,2,136646,60776,21596,54274,193354,1844463,5397609,150610,7586036,3761377,3824659,193354,27626609,681,Moderate,Advanced,Retirement,14651159,1291124,13360035,26,Stocks,39.72,15.8,79.65,63.0,72.16,Moderately Aggressive
C02443,34,Business Owner,0,111012,47465,32597,30950,532521,1577586,4350751,190674,6651532,3228438,3423094,167489,9878175,745,Conservative,Beginner,Buy House,6635565,1104310,5531255,7,Hybrid MF,27.88,29.36,69.05,4.0,39.78,Moderately Conservative
C02444,52,Business Owner,2,175572,71659,27624,76289,431358,14546165,9039843,222953,24240319,3985519,20254800,121335,35727780,711,Moderately Conservative,Advanced,Retirement,28210819,2460344,25750475,8,FD,43.45,15.73,85.15,43.0,66.18,Moderate
C02445,37,Consultant,1,221291,80188,45188,95915,997079,2902062,18002114,368025,22269280,4035552,18233728,318942,42127488,761,Moderately Conservative,Intermediate,Emergency Fund,3732842,576445,3156397,7,Stocks,43.34,20.42,81.6,23.0,55.23,Moderate
C02446,27,Teacher,2,55884,25601,15082,15201,62005,201937,0,16842,280784,712677,-431893,62005,7920628,800,Moderate,Advanced,Wealth Creation,5521511,141355,5380156,15,Debt MF,27.2,26.99,60.7,68.0,63.99,Moderate
C02447,33,Accountant,1,208619,71936,62864,73819,673922,4711727,0,526662,5912311,2842845,3069466,482840,28505720,690,Moderately Conservative,Intermediate,Child Education,834607,276547,558060,1,Hybrid MF,35.38,30.13,68.6,32.0,45.0,Moderately Conservative
C02448,26,Consultant,0,95872,42960,13013,39899,182992,1086000,0,82540,1351532,594269,757263,182992,13748790,692,Moderately Aggressive,Intermediate,Higher Education,4116458,753725,3362733,7,Stocks,41.62,13.57,80.25,72.0,76.54,Moderately Aggressive
C02449,49,Software Engineer,2,187942,63361,38485,86096,265167,7649584,12987058,113507,21015316,4031203,16984113,265167,28094290,719,Moderate,Intermediate,Higher Education,1994249,563478,1430771,3,Bonds,45.81,20.48,73.0,52.0,63.55,Moderate
C02450,55,Bank Employee,0,49103,23694,8666,16743,107117,2180258,3781528,74437,6143340,1447486,4695854,97651,8702095,732,Moderate,Advanced,Retirement,7546047,1526180,6019867,5,Equity MF,34.1,17.65,73.9,63.0,69.0,Moderately Aggressive
C02451,44,Freelancer,1,180310,81055,9808,89447,1112463,9517995,14439023,360126,25429607,596900,24832707,208218,14194519,727,Moderately Aggressive,Intermediate,Wealth Creation,23163090,5393005,17770085,15,Gold,49.61,5.44,97.15,80.0,89.43,Aggressive
C02452,24,Teacher,1,47077,19812,0,27265,246693,347802,0,79362,673857,0,673857,93753,6201122,793,Moderate,Intermediate,Wealth Creation,1250824,219968,1030856,5,Equity MF,57.92,0.0,94.4,60.0,78.92,Moderately Aggressive
C02453,23,Government Employee,0,68698,26439,12763,29496,141432,114330,0,35198,290960,242015,48945,115797,7040509,718,Moderate,Intermediate,Wealth Creation,3041747,80031,2961716,7,Bonds,42.94,18.58,77.4,60.0,69.57,Moderately Aggressive
C02454,22,Software Engineer,1,167295,66949,52091,48255,833163,303845,0,511866,1648874,1404389,244485,235794,36997398,816,Moderately Conservative,Advanced,Buy House,14623052,212691,14410361,10,Bonds,28.84,31.14,67.2,40.0,54.96,Moderate
C02455,22,Accountant,0,61391,24450,10955,25986,237856,119892,0,166693,524441,357115,167326,158665,4722044,784,Moderately Conservative,Intermediate,Retirement,8415080,83924,8331156,38,PPF,42.33,17.84,87.0,35.0,63.6,Moderate
C02456,52,Sales Executive,0,127314,65319,28490,33505,443503,3996423,7957755,95313,12492994,3580724,8912270,247881,18603418,743,Conservative,Beginner,Retirement,19678217,2797496,16880721,8,Debt MF,26.32,22.38,65.15,7.0,38.98,Moderately Conservative
C02457,42,Bank Employee,1,111516,41941,8665,60910,120104,4995566,0,47334,5163004,201649,4961355,120104,16697008,797,Moderate,Intermediate,Retirement,18803083,3496896,15306187,18,Bonds,54.62,7.77,88.45,55.0,73.4,Moderately Aggressive
C02458,30,Government Employee,0,97951,41685,10518,45748,490851,1177919,0,108860,1777630,414337,1363293,285587,11372665,780,Moderate,Intermediate,Retirement,12651247,824543,11826704,30,Bonds,46.7,10.74,92.25,55.0,75.49,Moderately Aggressive
C02459,46,Software Engineer,1,288506,130875,16405,141226,964656,20578607,18793124,584006,40920393,1300759,39619634,649142,41453735,772,Moderate,Intermediate,Buy House,53597800,8530663,45067137,20,Bonds,48.95,5.69,96.85,52.0,76.67,Moderately Aggressive
C02460,22,Freelancer,0,43631,18866,8679,16086,238123,62883,0,110312,411318,294758,116560,119939,8601421,753,Moderate,Beginner,Wealth Creation,4199938,44018,4155920,20,Stocks,36.87,19.89,82.0,52.0,68.5,Moderately Aggressive
C02461,63,Business Owner,1,352833,162516,0,190317,883367,23512292,18909205,613946,43918810,0,43918810,701557,53063323,751,Conservative,Intermediate,Retirement,56101208,9901288,46199920,1,Gold,53.94,0.0,79.1,15.0,45.0,Moderately Conservative
C02462,59,Software Engineer,0,211383,113164,58332,39887,527331,6772391,0,134923,7434645,1018277,6416368,489077,35140256,728,Moderately Conservative,Beginner,Retirement,38973982,4740673,34233309,1,Bonds,18.87,27.6,56.7,27.0,43.34,Moderately Conservative
C02463,40,Software Engineer,1,207287,106938,39066,61283,493245,6410076,9145014,306386,16354721,2607752,13746969,493245,19979479,766,Conservative,Beginner,Retirement,34888966,2904765,31984201,20,ETF,29.56,18.85,79.75,7.0,47.01,Moderately Conservative
C02464,62,Sales Executive,0,80191,31686,11174,37331,137434,4872557,0,74548,5084539,320998,4763541,35682,12946118,711,Conservative,Intermediate,Wealth Creation,6507698,1520160,4987538,10,Equity MF,46.55,13.93,78.65,20.0,52.26,Moderate
C02465,58,Teacher,1,211093,92857,18918,99318,1186931,12378580,0,316838,13882349,588924,13293425,315725,18764855,728,Moderately Conservative,Intermediate,Child Education,2459086,674613,1784473,2,Gold,47.05,8.96,83.85,32.0,45.0,Moderately Conservative
C02466,25,Business Owner,0,180915,99609,46308,34998,897740,405011,0,242502,1545253,824421,720832,557528,37272146,719,Moderate,Intermediate,Retirement,33689236,283507,33405729,35,Gold,19.34,25.6,68.0,55.0,62.15,Moderate
C02467,51,Software Engineer,1,285996,93279,75643,117074,552638,10231413,0,342240,11126291,1863157,9263134,528151,39218705,718,Moderately Aggressive,Intermediate,Buy House,38447632,4663846,33783786,15,Equity MF,40.94,26.45,81.1,72.0,77.0,Moderately Aggressive
C02468,35,Teacher,2,38129,14418,10104,13607,115234,755049,1864027,65498,2799808,1012692,1787116,31186,8124874,612,Moderately Aggressive,Advanced,Wealth Creation,1713731,528534,1185197,7,Debt MF,35.69,26.5,69.9,88.0,78.05,Moderately Aggressive
C02469,45,Software Engineer,2,185498,84599,23475,77424,418973,5834393,0,198174,6451540,445324,6006216,418973,17705434,706,Aggressive,Intermediate,Wealth Creation,4621939,684346,3937593,5,PPF,41.74,12.66,83.4,95.0,88.62,Aggressive
C02470,25,Sales Executive,0,98233,44835,20916,32482,408769,881122,0,240070,1529961,487880,1042081,312377,11391513,727,Moderately Aggressive,Advanced,Retirement,13125999,616785,12509214,35,FD,33.07,21.29,81.0,83.0,81.9,Moderately Aggressive
C02471,61,Designer,1,209172,102760,38881,67531,959746,5349838,12165241,256323,18731148,4382677,14348471,590319,34941878,770,Conservative,Intermediate,Retirement,44501690,3744886,40756804,1,FD,32.28,18.59,71.4,15.0,45.0,Moderately Conservative
C02472,38,Freelancer,2,149552,71644,36858,41050,900035,4622592,11649530,361201,17533358,6240329,11293029,485021,10967451,702,Moderate,Intermediate,Retirement,18147042,3235814,14911228,22,Stocks,27.45,24.65,74.05,55.0,65.48,Moderate
C02473,38,Teacher,3,93615,37161,16896,39558,261719,2584307,7572879,203879,10622784,1621818,9000966,239719,18282203,707,Conservative,Advanced,Wealth Creation,4374894,1100153,3274741,7,FD,42.26,18.05,88.45,28.0,61.25,Moderate
C02474,59,Bank Employee,0,178659,84915,48273,45471,383416,4926466,10434532,256107,16000521,4898493,11102028,91592,21652161,774,Conservative,Advanced,Child Education,4568273,703644,3864629,5,Equity MF,25.45,27.02,56.3,20.0,39.97,Moderately Conservative
C02475,45,Teacher,2,83707,34968,12618,36121,220167,3196340,6415668,160518,9992693,816974,9175719,220167,6111370,741,Moderate,Advanced,Buy House,3026803,824846,2201957,5,Bonds,43.15,15.07,87.4,60.0,75.07,Moderately Aggressive
C02476,37,Bank Employee,1,140884,47116,22034,71734,445632,7748969,10325180,129791,18649572,2384962,16264610,62674,11380429,727,Moderately Aggressive,Beginner,Retirement,11866130,1607609,10258521,23,Gold,50.92,15.64,90.2,67.0,79.76,Moderately Aggressive
C02477,46,Data Scientist,2,110060,51211,35021,23828,405858,1714304,8934345,309518,11364025,2977035,8386990,332882,18122904,683,Moderately Aggressive,Beginner,Retirement,15692505,1200012,14492493,14,PPF,21.65,31.82,75.85,67.0,71.87,Moderately Aggressive
C02478,36,Government Employee,1,74903,34205,8838,31860,448191,2331524,3524378,266856,6570949,1386883,5184066,240302,12102124,683,Conservative,Intermediate,Child Education,1585288,413848,1171440,7,Debt MF,42.54,11.8,85.75,12.0,52.56,Moderate
C02479,42,Business Owner,1,171312,62458,20989,87865,777446,13332588,0,558931,14668965,858972,13809993,205296,35336309,712,Moderate,Beginner,Emergency Fund,2214865,440817,1774048,3,FD,51.29,12.25,85.05,35.0,62.53,Moderate
C02480,52,Consultant,0,201445,76216,44992,80237,1038807,8539674,10927599,215136,20721216,3194279,17526937,200159,41535999,714,Moderate,Intermediate,Buy House,19791920,2115858,17676062,15,Equity MF,39.83,22.33,82.95,52.0,69.02,Moderately Aggressive
C02481,21,Sales Executive,0,88237,39869,11950,36418,311748,91185,0,162953,565886,427520,138366,222643,11085825,749,Moderately Conservative,Intermediate,Wealth Creation,4103609,63829,4039780,7,Bonds,41.27,13.54,81.4,40.0,62.77,Moderate
C02482,61,Teacher,0,99034,31026,17176,50832,341216,8048577,8147341,202948,16740082,1191554,15548528,94065,15196053,695,Conservative,Beginner,Buy House,5630662,640242,4990420,7,Debt MF,51.33,17.34,85.0,4.0,48.55,Moderate
C02483,21,Doctor,0,63507,20034,38872,4601,84937,20002,0,45197,150136,1251244,-1101108,84937,7909471,619,Moderately Aggressive,Intermediate,Buy House,6122053,14001,6108052,15,Debt MF,7.24,61.21,46.0,72.0,50.0,Moderate
C02484,37,Teacher,2,94570,49566,9717,35287,474585,1417808,3428925,157256,5478574,796396,4682178,344763,8827432,680,Moderately Aggressive,Intermediate,Wealth Creation,5899321,641266,5258055,7,Debt MF,37.31,10.27,83.6,80.0,81.98,Moderately Aggressive
C02485,42,Bank Employee,3,125473,53351,33492,38630,128396,2665491,0,28221,2822108,761860,2060248,128396,12348947,731,Moderate,Beginner,Child Education,747803,255133,492670,1,Equity MF,30.79,26.69,61.25,44.0,45.0,Moderately Conservative
C02486,40,Teacher,3,110003,55867,15670,38466,226557,5253631,8971136,47621,14498945,2222326,12276619,114549,21862663,743,Moderate,Intermediate,Higher Education,3917408,328264,3589144,10,Debt MF,34.97,14.25,81.95,52.0,68.47,Moderately Aggressive
C02487,56,Doctor,2,172042,62759,0,109283,204581,19588587,13297503,158434,33249105,0,33249105,204581,26127133,756,Conservative,Intermediate,Wealth Creation,11078002,2097512,8980490,10,Stocks,63.52,0.0,88.55,20.0,57.7,Moderate
C02488,28,Accountant,2,65021,25209,13885,25927,334122,643492,0,114866,1092480,343866,748614,120631,8683567,741,Moderately Aggressive,Advanced,Travel,3414010,340494,3073516,10,Gold,39.87,21.35,77.75,83.0,80.11,Moderately Aggressive
C02489,65,Teacher,0,68564,31372,18860,18332,75645,4456059,4308276,54392,8894372,2975922,5918450,75645,8456031,771,Conservative,Beginner,Wealth Creation,2918940,190456,2728484,5,FD,26.74,27.51,55.4,12.0,35.87,Moderately Conservative
C02490,54,Business Owner,1,450000,188665,121920,139415,2500000,28402968,0,1431744,32334712,5803677,26531035,1487849,65481404,736,Moderately Conservative,Beginner,Wealth Creation,15895964,2271218,13624746,7,PPF,30.98,27.09,74.05,32.0,55.13,Moderate
C02491,38,Software Engineer,1,229638,107067,0,122571,808718,5702379,15297432,242155,22050684,0,22050684,510832,29399655,714,Moderately Aggressive,Beginner,Wealth Creation,32955230,3991665,28963565,20,Gold,53.38,0.0,98.05,72.0,86.33,Aggressive
C02492,30,Doctor,1,61057,30191,11362,19504,284110,323063,3600314,193076,4400563,1472608,2927955,102065,10886752,741,Moderately Conservative,Beginner,Child Education,576337,190588,385749,2,FD,31.94,18.61,73.05,24.0,45.0,Moderately Conservative
C02493,33,Sales Executive,0,127956,44443,9259,74254,190158,3733984,8426186,88153,12438481,916321,11522160,57872,8478727,757,Moderate,Beginner,Retirement,19446834,2613788,16833046,27,Gold,58.03,7.24,89.8,47.0,70.54,Moderately Aggressive
C02494,64,Doctor,0,215030,134287,54150,26593,458589,2576324,14032148,119231,17186292,9488647,7697645,458589,29612742,806,Moderately Conservative,Beginner,Travel,1514580,541865,972715,1,PPF,12.37,25.18,46.95,27.0,37.97,Moderately Conservative
C02495,24,Consultant,0,117942,45297,26155,46490,542122,638898,0,430330,1611350,1046927,564423,334081,13859244,747,Conservative,Beginner,Retirement,18692583,447228,18245355,36,Debt MF,39.42,22.18,78.0,7.0,46.05,Moderately Conservative
C02496,53,Software Engineer,0,92913,47366,29349,16198,490543,1756474,4355767,148965,6751749,5185586,1566163,226720,13281548,709,Moderately Conservative,Intermediate,Wealth Creation,3169161,1149779,2019382,7,FD,17.43,31.59,58.2,40.0,50.01,Moderate
C02497,49,Software Engineer,2,114074,65064,9442,39568,291428,5263063,7673839,179995,13408325,1070959,12337366,166889,15840046,764,Moderate,Intermediate,Travel,866943,186397,680546,2,FD,34.69,8.28,76.2,55.0,45.0,Moderately Conservative
C02498,57,Software Engineer,2,209820,90820,60149,58851,1095021,10717713,12032812,535201,24380747,6699913,17680834,133768,44536878,766,Moderately Aggressive,Advanced,Child Education,10625001,802194,9822807,10,Hybrid MF,28.05,28.67,71.4,80.0,75.27,Moderately Aggressive
C02499,59,Business Owner,1,450000,253342,104638,92020,2500000,19987916,33154723,1913622,57556261,10257557,47298704,675799,27776688,678,Moderately Conservative,Beginner,Wealth Creation,19186543,2710291,16476252,7,Bonds,20.45,23.25,68.3,32.0,51.97,Moderate
C02500,49,Teacher,2,56175,22925,14541,18709,310981,1624703,0,181883,2117567,563218,1554349,111357,7251241,743,Conservative,Beginner,Wealth Creation,8122122,1137292,6984830,20,Bonds,33.3,25.89,80.4,12.0,49.62,Moderate
